Flag Type,Flag description,What was done,Where found,Where placed
non-musical information,"Pages 1-2 primarily contain travel itineraries, fares, and ticket conditions rather than a musical event program.","Created separate events with event_type ""non-event"" and preserved the itinerary and fare details in additional_information.",4-95,4
OCR error,"Location name appears as ""Eoulogne"" in the itinerary, which may be an OCR error.",Preserved the wording exactly as printed in additional_information and flagged for review.,39-39,11
ambiguous event boundary,"The material across pages 3-5 appears related to the same Oberammergau visit but includes schedule, invitation text, and a service form that may belong to one larger document or multiple subdocuments.","Separated into distinct events based on headings and function: visit schedule, invitation text, and form of service.",97-250,40
potential misspelling,"Committee name appears as ""GEORGE CICESTR."" which may be misspelled or misread by OCR.",Preserved exactly in credits and flagged for review.,163-165,132
ambiguous attribution,"The label ""(Executive Secretary)."" appears beneath the table containing ""FRED. J. NEY"" and may apply specifically to that name, but the table formatting is imperfect.","Attributed ""Executive Secretary"" to ""FRED. J. NEY"" and flagged for manual review.",182-186,not located
incomplete information,"The lyrics/transcript for ""God's Tender Mercy."" is cut off at the end of the chunk.",Transcribed only the visible text and noted incompleteness in the performance additional_information.,240-250,not located
non-musical information,Most of the visible text consists of prayers and devotional/liturgical prose rather than a clearly identifiable musical event description.,"Created a non-event record and preserved the prayer and hymn-related text in additional_information, while also capturing the visible hymn as a performance.",255-275,203
incomplete information,"The chunk begins with carryover lyric text from a prior page or prior item, so the beginning of that item is missing.",Preserved the visible lines in event additional_information and noted that they are carryover text.,251-252,203
incomplete information,The visible hymn appears to continue beyond the chunk boundary; only the opening line is present.,Captured the single visible lyric line and noted that the hymn text is incomplete.,277-281,not located
content filter,The OCR source lines were rejected by the model content filter and therefore could not be structurally transcribed by the language model.,"The original OCR text was preserved verbatim in the additional_information field of a non-event record. No attempt was made to rewrite, correct, summarize, or omit the rejected material.",282-288,69529
non-musical information,"The supplied chunk contains only a text fragment with no explicit event, venue, date, performer, or program information visible.",Created a non-event entry and preserved the text in additional_information.,289-296,229
incomplete information,The text appears to be a fragment that may continue from a previous page or section and does not provide enough context to identify a specific event or work.,Did not infer any event details; preserved only the visible text.,289-296,229
ambiguous event boundary,"The chunk appears to be an interior page (Page 7) of a larger document, and no complete event title, venue, date, or clear event boundary is visible in this excerpt.",Created a single non-event record preserving all visible text and structured the visible address and hymn as performances within one section.,301-312,not located
non-musical information,"The chunk contains spoken/printed material and literary text in addition to musical content, and does not provide enough context to identify a complete musical event.","Classified the record as event_type ""non-event"" and preserved all text in additional_information and sections.",297-312,252
non-musical information,"The first document portion contains hymn text, prayer text, and blessing text but no explicit musical event information is visible in this chunk.",Created a non-event and preserved the text in additional_information and performance lyrics/transcript fields.,314-349,287
incomplete information,"The conference listing provides only month and day headings (""AUGUST 11th."" and ""AUGUST 12th."") without a year, so a complete event date cannot be established.",Set event_date to null and preserved the partial dates as section names and additional_information.,362-369,332
non-musical information,The second document appears to describe a conference rather than a musical event.,"Extracted it as an event with event_type ""conference"" to preserve the structured program information visible in the chunk.",352-374,320
ambiguous event boundary,"The hymn/prayer/blessing material appears to continue from an earlier page, and the conference begins after a page break on Page 8, indicating separate document or section boundaries that are only partially visible in this chunk.",Separated the material into two events based on the page break and heading change.,351-352,1434
incomplete information,"The conference material appears to be part of a larger document or program, but only the hymn texts and related headings are visible in this chunk.","Extracted a conference event using only the visible headings, tune names, lyrics, and credits.",376-437,393
ambiguous attribution,"The role of ""M. RINKART, 1586-1649."" is not explicitly labeled beyond proximity to the closing hymn and tune line.",Recorded the person in event credits with a cautious role label tied to the closing hymn.,435-437,not located
non-musical information,"The ship diary/travel notes are not a formal musical event, though they mention a band, orchestra, and a morning hymn on trumpet.",Created a non-event record and preserved the text in additional_information.,449-460,not located
incomplete information,"The date ""July 30th 34"" is incomplete for required dd/mm/yyyy formatting and cannot be normalized without inference.",Left event_date as null and preserved the wording in additional_information.,450-450,not located
non-musical information,The preliminary announcement for educational organizations is unrelated to a musical event.,Created a non-event record and preserved organizational and officer information as credits and additional_information.,472-500,454
conflicting information,"Two separate ""President"" credits appear in the same announcement, associated with different names, suggesting either two organizations or a formatting ambiguity.",Preserved both president credits exactly as listed and grouped them under the same role in the credits.,478-486,not located
non-musical information,The hymn text and tune attribution on page 10 appear without clear event context and may be part of a larger document outside the chunk.,Created a non-event record preserving the text and tune information exactly as shown.,426-437,427
incomplete information,"Ship date is given as ""July 30th 34"" without a complete machine-normalizable date format as required.",Did not convert to dd/mm/yyyy; preserved the wording in additional_information.,449-450,not located
non-musical information,"Shipboard diary material is largely non-event/travel content, though it mentions band, orchestra, and trumpet hymn.",Created a non-event record and preserved all visible wording in additional_information.,449-460,not located
incomplete information,"The invitation gives a full date in words for the performance, but the year/day/month are embedded in prose and not all event occurrences in the document share that same date.",Preserved the date wording in additional_information and did not assign a normalized event_date at event level.,502-502,544
potential misspelling,Several names in the invitation material may contain OCR or spelling issues.,Preserved the names exactly and flagged them for review.,514-545,not located
potential misspelling,Possible OCR/name issue in committee signatures and service conductor name.,Preserved the forms exactly as printed and flagged them.,567-580,not located
potential misspelling,Possible OCR/name issue in service conductor title/place.,Preserved exact wording in credits and performance additional_information.,608-610,537
OCR error,Possible OCR error in ship name.,Preserved exact wording and flagged for review.,645-645,not located
potential misspelling,Possible OCR error in Paris programme closing sentence.,Preserved exact wording in additional_information.,716-716,544
non-musical information,"Pages 18-25 contain addresses, correspondence, travel, and note material not constituting musical events.",Separated these into non-event records and preserved wording in additional_information.,719-813,not located
OCR error,Possible OCR error in street name of London Office on page 25.,Preserved exact wording in the venue field and flagged it.,804-805,669
incomplete information,"The recital date is given as ""NOVEMBER 3rd, 1934"" without month/day normalization certainty under required dd/mm/yyyy format because day-month order is textual and no explicit numeric month appears.",Left event_date null and preserved the printed date wording in additional_information.,839-844,not located
ambiguous attribution,"Cover lists ""SCHNABEL MOZART SCHUBERT SCHUMANN"" and programme pages identify works, but the cover typography may ambiguously present names as title elements rather than formal credits.","Recorded Schnabel as performer and Mozart/Schubert/Schumann as composers, based on the programme pages, and flagged the ambiguity.",835-839,not located
non-musical information,Advertisement for BECHSTEIN piano company rather than a musical event.,Created a non-event entry and preserved the advertisement text in additional_information.,851-865,740
non-musical information,London County Council exit notice is venue/regulatory material rather than programme content.,Preserved the notice in the programme event additional_information.,867-869,761
ambiguous event boundary,The programme pages do not show the full heading or complete event identity within this chunk; the recital may begin before the chunk.,"Created a concert event from the visible programme pages only and did not infer missing heading, date, venue, or performer beyond what is visible.",871-996,not located
incomplete information,"Future recital listings give month and day but no year, so complete dates cannot be established.",Preserved the recital dates as performance names/additional information and left event_date null.,953-985,805
non-musical information,"Advertisement for recorded music and record catalogue, not a live musical event.",Created a non-event entry and preserved recording listings as performances within it.,997-1038,852
ambiguous event boundary,A new document appears to begin at Page 1 with 'MR. A. M. HENDERSON LECTURE RECITALS'.,Separated the Henderson material into a new event entry.,1039-1045,not located
non-musical information,OCR metadata block is not part of the musical source document.,Excluded the OCR metadata block from event content.,1046-1053,28711
non-musical information,Press notices are promotional quotations rather than a distinct musical event.,Created a separate non-event entry for the press notices.,1092-1100,1077
non-musical information,The opening material consists of press quotations/testimonials rather than a clearly delimited musical event in this chunk.,Created a non-event record and preserved the quotations in additional_information.,1101-1114,not located
incomplete information,The Melba Concert programme appears partial within this chunk; only some programme items are visible and the translation text cuts off at the end of the chunk.,Extracted only the visible programme items and preserved the truncated text as-is.,1116-1225,not located
OCR error,"Possible OCR corruption in the title ""L'En'ant Prodigue"".",Preserved the wording exactly as printed/OCRed.,1161-1161,not located
ambiguous attribution,"For ""Violin Soli (b) ""Melodie"" ... ... M. BRONISLAW HUBERMAN."", the line may indicate performer rather than composer, while item (a) shows a composer after the title. Attribution is unclear from the chunk alone.",Recorded M. BRONISLAW HUBERMAN as performer for Violin Soli and preserved the line in performance additional_information.,1158-1160,not located
OCR error,"Possible OCR error in French text: ""ou ramenait"" may be misread.",Preserved the OCR wording exactly in the lyrics transcript.,1178-1179,1155
OCR error,"Possible OCR error in French text: question mark appears within the line ""Aux cœurs inconsolés que le temps? sont pesants !"".",Preserved the OCR wording and punctuation exactly in the lyrics transcript.,1190-1190,1155
ambiguous event boundary,"The opening lyric text appears to be a continuation from an earlier page or earlier part of the document, and its relationship to the later clearly structured program items cannot be established from this chunk alone.",Separated the opening fragment into its own event entry to preserve the text without inventing its parent event.,1226-1233,1174
incomplete information,"No event name, date, venue, location, or presenter is visible for the concert material in this chunk.",Recorded null for unavailable event-level fields and preserved page and fragment context in additional_information.,1234-1287,not located
OCR error,"Possible OCR spacing error in the lyric text: ""av verasse"" may be a split word, but it must be preserved as printed in the OCR.",Preserved the wording exactly in the transcript.,1242-1242,1184
incomplete information,"The ""Songs in French"" group lists four items, but only the beginning lyric text for item (a) is visible in this chunk; no printed texts for items (b)–(d) are present here.",Recorded the group listing and preserved the visible lyric text only for item (a).,1276-1287,not located
incomplete information,"The chunk contains only a partial text excerpt and a numbered title, without visible event metadata such as date, venue, performers, or surrounding program context.",Captured the material as a non-event text fragment and preserved the visible title and verse exactly as shown.,1288-1302,1243
OCR error,"The word ""tintaiient"" appears anomalous and may reflect OCR distortion, but it is preserved exactly as printed in the source chunk.",Retained the wording exactly and flagged for manual review.,1288-1288,1243
content filter,The OCR source lines were rejected by the model content filter and therefore could not be structurally transcribed by the language model.,"The original OCR text was preserved verbatim in the additional_information field of a non-event record. No attempt was made to rewrite, correct, summarize, or omit the rejected material.",1303-1310,69540
incomplete information,"The chunk contains only a fragment of text without enough visible context to identify a specific musical event, work title, or associated credits.",Recorded the material as a non-event and preserved the visible text verbatim in additional_information and lyrics_transcript.,1311-1318,not located
ambiguous event boundary,The text appears to continue from an earlier portion of the source and may belong to a larger event or document not visible in this chunk.,Did not infer any broader event context; preserved the fragment as-is.,1311-1318,not located
content filter,The OCR source lines were rejected by the model content filter and therefore could not be structurally transcribed by the language model.,"The original OCR text was preserved verbatim in the additional_information field of a non-event record. No attempt was made to rewrite, correct, summarize, or omit the rejected material.",1319-1326,not located
incomplete information,"The chunk contains only a partial text or lyric excerpt without visible event-identifying information such as title, date, venue, performers, or full work context.",Created a non-event entry and preserved the visible text in additional_information.,1327-1334,1285
ambiguous event boundary,This appears to be a fragment that may belong to a larger musical work or event continuing outside the chunk boundaries.,Did not infer the larger work or event; treated the visible material as a standalone non-event fragment for this extraction.,1327-1334,1285
incomplete information,"The chunk contains only a fragment of lyrical text without visible event metadata such as title, date, venue, performers, or document context.",Created a non-event record and preserved all visible text in additional_information and lyrics_transcript fields.,1335-1350,1303
ambiguous event boundary,"The text appears to be part of a larger work or program continuing beyond the chunk boundaries, so the exact event or document boundary cannot be determined from this excerpt alone.",Extracted only the visible text and avoided inferring the larger event context.,1335-1350,1303
incomplete information,"The chunk appears to show only part of a larger event; event name, date, venue, and location are not visible.","Created a single event from the visible program heading and performer, leaving unavailable event-level fields as null and preserving visible program information in additional_information.",1276-1306,not located
OCR error,"Possible OCR error in lyric text: ""tintaiient"" may be misread, but the source wording must be preserved.",Preserved the text exactly as OCRed in the lyrics transcript.,1288-1288,1243
incomplete information,"The lyrics/transcript for ""SI MES VERS AVAIENT DES AILES."" is cut off at the end of the chunk.",Transcribed only the visible lines and noted the truncation in the performance additional_information.,1301-1306,1349
content filter,The OCR source lines were rejected by the model content filter and therefore could not be structurally transcribed by the language model.,"The original OCR text was preserved verbatim in the additional_information field of a non-event record. No attempt was made to rewrite, correct, summarize, or omit the rejected material.",1307-1313,not located
incomplete information,"The chunk contains only fragmentary text and a possible work heading, with no complete event details such as date, venue, or performers.",Recorded the material as a non-event and preserved all visible text in additional_information and lyrics_transcript.,1314-1321,1259
ambiguous event boundary,The visible text appears to be a continuation from an earlier page or document and may belong to a larger event or program not fully present in this chunk.,Did not infer missing context; extracted only the text visible in this chunk.,1314-1321,1259
non-musical information,The chunk does not provide a clearly identifiable standalone musical event listing; it consists of textual fragments and a possible work title heading.,"Classified the extraction as event_type ""non-event"" per instructions.",1314-1321,not located
content filter,The OCR source lines were rejected by the model content filter and therefore could not be structurally transcribed by the language model.,"The original OCR text was preserved verbatim in the additional_information field of a non-event record. No attempt was made to rewrite, correct, summarize, or omit the rejected material.",1322-1329,69551
incomplete information,"The chunk contains only a fragment of apparent lyrics or poetic text without explicit event, work, or performer identification.",Recorded the material as a non-event and preserved the text in additional_information and lyrics_transcript.,1330-1337,1285
ambiguous event boundary,This text fragment may belong to a larger event or work that begins before or continues after the current chunk.,Extracted only the visible fragment and did not infer surrounding event structure.,1330-1337,1315
ambiguous event boundary,"The musical program appears to begin before this chunk and may continue beyond it. Only partial information is visible, including a numbered item “(d) NYMPHES ET SYLVAINS.” and later violin soli entries.",Created a single concert event using only the visible material and noted partial-status in additional_information.,1338-1387,not located
incomplete information,"The item “(d) NYMPHES ET SYLVAINS.” is presented without explicit composer, performers, or larger work identification in this chunk.",Recorded the visible title and full lyrics/transcript only.,1341-1382,1303
potential misspelling,The word “vore” may be an OCR or spelling issue in the lyric line “Aux cieux pâlis que vore voix”.,Preserved the wording exactly as printed/OCR and flagged for review.,1363-1365,1444
incomprehensible OCR,"The line beginning “D'ar s un dernier soupir d'amour,” is difficult to interpret and may contain OCR corruption.",Preserved the text exactly as it appears and flagged it.,1377-1379,1444
ambiguous attribution,"The crediting of “Schubert-Wilhelm” in the violin soli listing is ambiguous as to whether it represents one hyphenated attribution, two names, or another relationship.",Preserved the attribution exactly as shown in the performance additional_information and included it in event credits as composer wording.,1383-1383,not located
non-musical information,The material on page 8 is an advertisement for gramophone records rather than a musical event program.,"Created a separate event with event_type ""non-event"" and preserved the advertisement text in additional_information.",1388-1400,1476
non-musical information,The opening material is advertisement/catalog content rather than a clearly described musical event.,"Created a separate event with event_type ""non-event"" and preserved the text in additional_information.",1401-1437,1494
incomplete information,"The source begins mid-table, so the catalog/advertisement material is incomplete within this chunk.",Preserved only the visible entries and noted that the material is partial.,1401-1429,not located
OCR error,"Possible OCR error in title: ""Ah! fors e lui"" appears irregular.",Preserved the wording exactly as printed and flagged for review.,1410-1412,not located
OCR error,"Possible OCR error in title: ""Lo I here the gentle lark"" appears irregular.",Preserved the wording exactly as printed and flagged for review.,1420-1422,1494
formatting error,"Unmatched parenthesis appears in the note ""(By special request).""",Preserved the wording exactly in additional_information.,1440-1441,1515
ambiguous attribution,"The line ""Alan Fenwick."" appears after the lyrics of ""YOU."" but its role is not explicitly stated.","Included Alan Fenwick as a scoped credit for ""YOU."" with a cautious role label and flagged for review.",1515-1515,1572
incomplete information,"The lyrics/transcript for ""AVE MARIA."" are cut off by the end of the chunk.",Transcribed only the visible text and noted truncation in additional_information.,1517-1525,1577
non-musical information,Page 13 contains a Columbia records advertisement and promotional text rather than a musical event.,Created a non-event entry and preserved all visible text in additional_information.,613-630,not located
non-musical information,Page 14 contains an artist management/agency advertisement rather than a specific musical event.,Created a non-event entry and preserved all visible text in additional_information; represented roster as credits.,632-679,not located
non-musical information,Page 15 contains a piano advertisement rather than a specific musical event.,Created a non-event entry and preserved all visible text in additional_information.,681-716,not located
incomplete information,"The duet pages do not provide a complete event date, venue, or location within this chunk, so the larger event context is incomplete.","Extracted the visible performance as a standalone event with null event date, venue, and location.",529-610,not located
OCR error,"Possible OCR issue in the Italian text: spacing and wording appear irregular in 'Fre mon gio nel l'anima le dolcezze streme, more!'.",Preserved the text exactly as printed/OCRed in lyrics_transcript and flagged for review.,542-542,1609
potential misspelling,"Several names and terms in the agency advertisement may be misspelled or OCR-distorted, such as 'M. KUBBLIK' and 'M. MELSA'.",Preserved spellings exactly as given and flagged for manual review.,663-676,not located
potential misspelling,The institution name contains a possibly unusual final character: 'MUSASHINO ACADEMIA MUSICAЕ'.,Preserved the wording exactly as given in presenter_sponsor and additional_information.,721-724,1622
incomplete information,The second document continues beyond the chunk; only the beginning of the 'REGULAR CONCERTS' section and one orchestra concert are visible here.,Extracted only the visible event and preserved the table of contents in additional_information.,718-775,not located
non-musical information,Opening lines are advertisement text for CHAPPELL player-pianos rather than an event program.,Created a non-event record and preserved the advertisement in additional_information.,1701-1716,not located
OCR error,"Institution name contains unusual final character in ""MUSASHINO ACADEMIA MUSICAЕ"".",Preserved exactly as printed in event_name/presenter_sponsor context.,1721-1724,1622
ambiguous attribution,"In A CONCERT of CHAMBER CHORUS, ""TETSUYA OYAKAWA"" appears immediately under the conductor line without an explicit role.",Included with conductor credit for preservation and flagged for review.,1850-1851,not located
OCR error,"Event title appears as ""CARL SEEMANN PIANO RECAITAL"".",Preserved title exactly as printed.,1878-1880,2228
conflicting information,"HENRI HONEGGER CELLO RECITAL lists two different date/time lines, suggesting multiple performances or a formatting problem.","Set event_date to null, preserved both dates in additional_information, and extracted the visible program.",1920-1924,2430
incomplete information,A Concert in CELEBRATION of the COMPLETION of a NEW MOZART HALL gives a two-day date span rather than a single complete date for the schema.,Set event_date to null and preserved the date wording in additional_information.,1967-1970,2609
potential misspelling,"Beethoven work listed as ""32 Variations Op. 191"" may contain an error.",Preserved exactly as printed.,2008-2010,2818
potential misspelling,"Wolf song title appears as ""Wer sein holdes Lieb veeloren"".",Preserved exactly as printed.,2022-2025,2923
potential misspelling,"Brahms item appears as ""Vraiations and Fugue on a Theme by Händel"".",Preserved exactly as printed.,2063-2065,3182
formatting error,"Quoted title line for Beethoven includes an extra closing quotation mark: ""Sechs Lieder von Gellert"" Op. 48""",Preserved punctuation exactly as printed.,2082-2083,not located
potential misspelling,"Student recital entry reads ""Morrō, ma prima in grazia"" with accented character that may reflect OCR or print anomaly.",Preserved exactly as printed.,2122-2123,not located
potential misspelling,"Student recital entry reads ""Begli ochi, mercie!"".",Preserved exactly as printed.,2147-2148,3637
potential misspelling,"Student recital entry reads ""Date abbiento al mio dolore"".",Preserved exactly as printed.,2151-2153,3665
potential misspelling,"French title appears as ""Dialogue sur la veix humaine"".",Preserved exactly as printed.,2178-2182,3782
incomplete information,Joint Concert of F. Lichnewsky & J. E. L. Lichnewsky continues beyond the end of the visible chunk.,Extracted only the visible portion and noted incompleteness in additional_information.,2194-2200,not located
ambiguous event boundary,"The material at lines 002126-002127 appears to belong to an event that began before this chunk, but the visible continuation is immediately followed by a new dated program on page 18.",Did not create a separate incomplete event from the two carry-over lines alone; preserved them in the additional_information of the 12/01/1968 event and flagged for review.,2126-2127,not located
incomplete information,"The 12 January 1968 program shows repertoire and venue/time, but no visible performer name in this chunk.","Created the event with available date, time, venue, and repertoire; left performer information null/absent and flagged for review.",2130-2162,3907
potential misspelling,Several work titles or names in the 12 January 1968 program may contain OCR or spelling problems.,Preserved wording exactly as printed/OCR and flagged examples for review.,2137-2153,not located
duplicate information,"Date 'November 22, 1967' appears at the start of both page 22 and page 23, likely indicating two separate events on the same date or repeated heading context.",Treated them as two separate events because each has its own distinct title and repertoire.,2293-2307,not located
non-musical information,The 'GROUP CONCERTS' page contains descriptive prose about student participation and omission of programs rather than a specific musical event.,Created a non-event record and preserved the prose in additional_information.,2343-2347,not located
ambiguous attribution,"The credit line 'Associated Ladies' Choir, 155 Voices.' is organizational/count information rather than personal names.",Recorded it as a credit with names '155 Voices' and preserved exact wording in additional_information.,2485-2486,4950
OCR error,Some member listings on page 2 contain obvious OCR irregularities or malformed parenthetical text.,Preserved the text exactly and included it in credits.,2421-2478,4927
incomplete information,One flute player entry on page 6 is truncated as 'Mr.' with no surname visible in the chunk.,Preserved the incomplete entry in the orchestra flutes credit and flagged it.,2606-2610,not located
ambiguous attribution,"The phrase 'Members of the Orchestral Class, Conservatorium of Music, Melbourne University.' acknowledges a group without listing names.",Recorded the organizational credit with an empty names string because no individual names are supplied.,2497-2497,not located
incomplete information,The orchestra personnel list is a continuation from an earlier page and lacks the parent event title and other identifying details in this chunk.,Created a separate concert event with null event name/date/venue/location and preserved the visible personnel list in credits and additional_information.,2551-2654,not located
incomplete information,The flute listing contains an incomplete name: 'Mr.' with no surname.,Preserved exactly as printed in the Flutes credit.,2606-2610,not located
potential misspelling,Manager name may be OCR-distorted or misspelled: 'Bjalmar Joscphi'.,Preserved the name exactly as it appears.,2674-2674,not located
OCR error,Machine-readable metadata appears between programme pages and is not part of the historical document.,Ignored metadata as event content and did not create a separate event for it.,2718-2724,not located
incomplete information,Event date for the 80th Programme is not complete enough for dd/mm/yyyy formatting because the month is given as '+ Sept.' and year as ''99'.,Left event_date as null and preserved the wording in additional_information.,2740-2742,5196
OCR error,Venue line for the 80th Programme contains OCR symbols: 'Glen's Concert + + + Hall'.,Preserved the venue wording exactly as printed.,2742-2742,5196
incomplete information,The 71st Programme lists works and performers for several items but gives no composers in the visible chunk.,Did not infer composers; preserved only the visible information.,2896-2921,not located
OCR error,"The first programme item of the 151ST CONCERT is on a severely corrupted elongated OCR line, obscuring likely details such as composer or pagination dots.","Extracted only the clearly readable performance type and title 'Part Song' and '""Thou art My Dream""' and flagged the line for review.",2971-2973,not located
incomplete information,The 151ST CONCERT programme continues beyond the chunk; 'Festgesang' lyrics are truncated.,Preserved the partial lyrics visible and noted truncation in performance additional_information.,3028-3050,not located
ambiguous event boundary,"The opening concert program begins mid-document and may have started before this chunk. The event title, date, venue, and location are not visible here.",Created a concert event with null unavailable event-level fields and preserved the visible program items under a PART II section.,2976-3175,not located
incomplete information,"The first listed item 'For Home and Liberty' appears before the printed 'PART II.' heading, suggesting preceding section structure is missing from the chunk.",Placed all visible items in one event and noted in additional_information that earlier material may precede this section.,2976-3026,not located
potential misspelling,Possible OCR or source spelling issue in lyric text: 'stirke your lyres'.,Preserved the wording exactly in lyrics_transcript.,3045-3047,5490
incomprehensible OCR,"Lyric line contains wording that may be OCR-corrupted or otherwise unclear: 'Lovingly did, its light arose;'.",Preserved the line exactly in lyrics_transcript.,3053-3053,5539
incomprehensible OCR,"Lyric line contains unclear wording: 'Thou, the silver-clad mountains lowing'.",Preserved the line exactly in lyrics_transcript.,3114-3114,5560
incomprehensible OCR,Lyric line contains unclear wording: 'Hoodoos amongst the breeze.',Preserved the line exactly in lyrics_transcript.,3115-3115,5560
non-musical information,"The chunk contains OCR metadata, building description, advertisements, and photo-caption material not constituting a musical event program item.",Grouped this material into a separate non-event record and summarized the visible contents in additional_information.,3179-3475,not located
ambiguous attribution,"Cast listing uses 'MM. ENDRÈZE' for the singular role 'Comte Mosca', which may reflect OCR or source inconsistency.",Preserved the credit exactly as printed in the credits list.,3400-3401,5749
incomplete information,The cast listing for 'Général Fabio Conti' appears split across lines and omits an honorific before the performer surname 'HUBERTY'.,Combined the split role name as 'Général Fabio Conti' and preserved performer name exactly as printed.,3402-3403,not located
potential misspelling,"The text prints 'LE TRATTORIA DE THEODOLINDE', which may be an unusual or incorrect form.",Preserved the heading exactly in the synopsis transcription.,3298-3300,5628
duplicate information,The credit 'Chef d'Orchestre : M. Louis FOURESTIER' appears on both page 23 and page 25.,Included the credit once in the event credits list and flagged the repeated appearance.,3406-3407,not located
duplicate information,"The event title, librettist, and composer for 'LA CHARTREUSE DE PARME' appear multiple times in the chunk, including pages 3 and 23.",Consolidated them into a single opera event while preserving repeated contextual information in additional_information.,3191-3197,not located
potential misspelling,Weekly schedule item prints mixed capitalization in 'LE FESTIN DE L'ARaignée'.,Preserved the title exactly as printed.,3213-3215,5709
incomplete information,Act III synopsis is explicitly continued from an earlier page and may itself continue beyond the visible analysis statement before the distributions.,Transcribed all visible Act III analysis text and noted the continuation statement in additional_information/transcript.,3352-3358,not located
ambiguous event boundary,The LA CHARTREUSE DE PARME material begins mid-distribution and likely continues from an earlier page not present in this chunk.,Created a single opera event using only visible information and preserved the partial cast list in additional_information and credits.,3401-3407,5749
non-musical information,Advertisement pages and commercial matter are interleaved with the opera program.,Grouped clearly non-event material into a separate non-event record.,3410-3418,5957
ambiguous attribution,"The line ""Armand LUNEL et Henri SAUGUET."" does not specify roles in the visible text.",Recorded both names as author credits and noted the ambiguity for manual review.,3461-3461,5616
potential misspelling,"The page heading appears as ""ROYAL COVENT OPERA GARDEN,"" which may be an OCR or printing issue relative to nearby wording.",Preserved the wording exactly and flagged it.,3627-3627,not located
incomplete information,"The Beecham concert date is incomplete because the year is not explicitly present in the date line itself, only the season is given.",Left event_date as null and preserved the wording in additional_information.,3637-3640,not located
conflicting information,"The concerto listing places ""RENÉ LE ROY (1756-1791)"" beneath the Mozart concerto heading, creating possible confusion between soloist identification and dates.",Recorded RENÉ LE ROY as soloist at event level and preserved the exact text in the performance additional_information.,3879-3882,5933
incomplete information,The Sibelius suite entry is cut off at the end of the chunk and may continue beyond the visible text.,Extracted only the visible movements and left the item otherwise incomplete.,3896-3900,not located
non-musical information,Machine-readable metadata pages are present and are unrelated to musical events.,Included them in the non-event record additional_information.,3583-3599,38054
ambiguous event boundary,"The opening lines ""Mignon Pariera"", ""GENERAL SECRETARY"", ""Frederick Laurence"", and ""COVENT GARDEN"" indicate this chunk begins in the middle of an existing programme or document. The actual event title and earlier programme items are not visible.",Created a concert event for the Covent Garden programme using only visible information and noted that item 1 is not visible.,3826-3833,not located
conflicting information,"The line ""RENÉ LE ROY (1756-1791)"" appears immediately under the Mozart flute concerto listing and seems inconsistent with the performer name; the dates may belong to another person or be erroneous.",Preserved the wording in the performance additional_information and credited RENÉ LE ROY as performer without attaching the dates as fact.,3880-3882,5933
conflicting information,"The line ""Suite, ""Pelléas and Mélisande"" ... ... ... Sibelius 1865"" contains a trailing year that may be incomplete or erroneous in context.",Preserved the line exactly in the performance name and flagged for review.,3896-3898,not located
duplicate information,"In the programme note for ""Mélisande,"" a sentence appears repeated with slight variation: ""the cor anglais solo to an accompaniment of muted violins and violas only... the cor anglais solo to an accompaniment of muted violin and violas only.""",Left the note in event additional_information context only and flagged apparent OCR duplication.,3913-3914,not located
conflicting information,"The line ""Concerto in C for Flute ... ... ... ... Grétry / RENÉ LE ROY 1741-1813"" appears to assign dates beside the performer name, which may actually belong elsewhere or be erroneous.",Preserved the wording in performance additional_information and did not treat the dates as performer life dates.,4002-4004,6002
formatting error,"The Berlioz item heading includes mismatched punctuation and parenthesis: ""From ""The Damnation of Faust"") Berlioz 1803-1869"".",Preserved the wording exactly and flagged the formatting issue.,4013-4018,not located
OCR error,"Several apparent OCR or typographic anomalies occur in the Columbia advertisement, including ""Orchestral and Banj"", ""Beethos"", and unusual record-number formatting.",Treated the material as a non-event advertisement and preserved the text in additional_information only at event level.,4026-4132,not located
incomplete information,"The Queen's Hall advertisement is truncated or partially illegible, including lines ""SECOND / HORO / THE WORLD RE"" and incomplete pricing/seating information.",Extracted the visible programme items and preserved the partial wording in additional_information.,4151-4170,6119
OCR error,"The advertisement heading on page 20 reads ""MORY"" while the body reads ""Morny"" and ""Made in England by MORY"".",Preserved both forms exactly in the non-event record.,4186-4203,not located
incomprehensible OCR,"After the line ""SONG"" in the 53rd Programme, the OCR contains an extremely long repeated sequence of filler characters and dots, obscuring the remainder of the page.",Recorded a separate song performance with no further details and flagged the OCR corruption.,4223-4223,not located
ambiguous event boundary,"A line reading ""Hadow"" on page 2 appears between the 1896-7 Musical Society of Victoria programme and the start of the 1915 Chamber Concert document, making the document boundary uncertain.","Treated ""Hadow"" as residual text from the preceding document and began a new event at the clearly headed 1915 programme.",4225-4228,not located
incomplete information,"The lyrics/transcript for ""The Princess"" cut off mid-line at the end of the chunk.",Transcribed all visible text only and left the transcript incomplete.,4317-4325,not located
ambiguous event boundary,"The first event begins mid-programme and its heading, date, venue, and presenter are not visible in this chunk.",Extracted only visible programme items and meeting/business information; left unavailable event-level fields as null.,4251-4278,6287
incomplete information,"The first three instrumental items list composers and one performer name appears after them, but item-to-performer attribution is not explicitly broken down by line.",Recorded Miss Rita Hope as a performer credit at event level and preserved the three titles as separate performances without asserting finer attribution.,4251-4254,6287
formatting error,"Page numbering resets from Page 4 to Page 1, indicating a new document begins within the chunk.",Separated the material into distinct events/documents.,4455-4459,not located
OCR error,Musical note symbols appear embedded in venue/date lines of the Musical Society of Victoria programme.,Preserved the symbols exactly in additional_information and venue transcription.,4469-4474,not located
incomplete information,The Musical Society of Victoria programme item list is cut off after the first item.,Extracted only the visible Trio item.,4484-4486,not located
duplicate information,The Royal Victorian Liedertafel name appears repeatedly across several pages as header and title material.,Retained useful occurrences as event name/presenter and did not duplicate them as separate events.,4499-4564,6503
non-musical information,OCR metadata block is included in the source and is not programme content.,Preserved it in additional_information for the event and flagged for review.,4508-4515,14339
incomplete information,The carol '(b) The Manger Throne' is truncated at the end of the chunk.,Transcribed only the visible lyric text and noted truncation in additional_information.,4743-4750,6570
ambiguous event boundary,"The chunk begins with lyric text (""Ring out the old, ring in the new."") before any explicit event heading, suggesting the event started before this chunk.",Included the visible material in a single concert event and noted the continuation in additional_information.,4676-4714,6549
ambiguous event boundary,"The concert program continues across several pages and is cut off at the end of the chunk during the text for ""The Lorelei.""",Captured only the visible portion and noted truncation in the performance additional_information.,4924-4925,not located
non-musical information,Page 8 contains OCR metadata rather than program content.,Did not create a separate musical program section for the metadata; omitted it from event performances.,4830-4837,not located
incomplete information,"The advertisement for the oratorio gives ""Xmas Night"" but no complete explicit date in dd/mm/yyyy format.",Left event_date as null.,4811-4819,not located
ambiguous attribution,"The line ""Winner of ""Sun"" Aria, 1933"" appears after NORMAN MENZIES (Bass) and before JOHN DUDLEY (Tenor), so its intended attribution is unclear from layout alone.",Preserved the text in event additional_information rather than assigning it to a specific credit.,4821-4824,not located
ambiguous event boundary,"The opening lyrics and the band selection appear to belong to a larger program that begins before this chunk, so the full event name and structure are not visible.",Created a partial concert event with the visible performance material only and noted the incompleteness in additional_information.,4926-4956,6692
incomplete information,The lyric text beginning at line 4926 has no visible title or credited composer in this chunk.,Preserved the lyrics as a separate performance with null title and added note that the title is not visible.,4926-4951,6692
non-musical information,"The Christmas Appeal and associated charitable notices are not themselves a musical event, though they may appear inside a program booklet.",Created a separate non-event entry and transcribed the text into additional_information.,4958-4974,not located
ambiguous event boundary,"A new page begins with THE ROYAL VICTORIAN LIEDERTAFEL and Carols, but only part of the item is visible and it may continue beyond the chunk.",Created a separate event for the visible page 11 material only.,4976-4987,not located
content filter,The OCR source lines were rejected by the model content filter and therefore could not be structurally transcribed by the language model.,"The original OCR text was preserved verbatim in the additional_information field of a non-event record. No attempt was made to rewrite, correct, summarize, or omit the rejected material.",4988-4994,69584
content filter,The OCR source lines were rejected by the model content filter and therefore could not be structurally transcribed by the language model.,"The original OCR text was preserved verbatim in the additional_information field of a non-event record. No attempt was made to rewrite, correct, summarize, or omit the rejected material.",4995-5002,69595
content filter,The OCR source lines were rejected by the model content filter and therefore could not be structurally transcribed by the language model.,"The original OCR text was preserved verbatim in the additional_information field of a non-event record. No attempt was made to rewrite, correct, summarize, or omit the rejected material.",5003-5010,69606
content filter,The OCR source lines were rejected by the model content filter and therefore could not be structurally transcribed by the language model.,"The original OCR text was preserved verbatim in the additional_information field of a non-event record. No attempt was made to rewrite, correct, summarize, or omit the rejected material.",5011-5018,69617
content filter,The OCR source lines were rejected by the model content filter and therefore could not be structurally transcribed by the language model.,"The original OCR text was preserved verbatim in the additional_information field of a non-event record. No attempt was made to rewrite, correct, summarize, or omit the rejected material.",5019-5026,69628
incomplete information,"The chunk appears to contain only a fragment of a larger program or list, with no explicit event name, date, venue, location, or credits visible.","Created a single partial event using the visible heading ""Lieder—"" and transcribed the listed items as performances within one full-performance section.",5027-5034,not located
ambiguous event boundary,The visible text may be part of a larger event that begins before or continues after this chunk.,Extracted only the material visible in this chunk and did not infer additional surrounding event structure.,5027-5034,6775
ambiguous event boundary,"The chunk is fragmentary and may be part of a larger program or song listing. It is unclear whether ""Strauss"" and ""MADAME ALICE ORFF-SOLSCHER"" define a complete standalone event or are part of a larger document continuing outside the chunk.",Extracted a single event using the visible heading and preserved the text in additional_information and performance fields without inferring missing context.,35-50,not located
ambiguous attribution,"The exact relationship between ""Strauss,"" ""MADAME ALICE ORFF-SOLSCHER,"" and the item ""(a) A WINTER DEDICATION."" is not explicitly stated in the visible chunk.","Recorded ""Strauss"" as a composer credit because it appears as a standalone attribution heading, but preserved the ambiguity through this flag and did not assign a role to MADAME ALICE ORFF-SOLSCHER.",35-39,not located
ambiguous event boundary,The chunk begins mid-text and appears to continue an event that started before this excerpt. The exact beginning of the event and the titles/attributions of some earlier items are not fully visible.,Extracted the visible material as a single event and noted continuation in additional_information.,5052-5084,6864
incomplete information,The lyrics at the beginning of the chunk are not attached to a visible title or named performance in this excerpt.,Created a performance with null performance_name containing the visible lyrics only.,5052-5056,6864
potential misspelling,"The word 'Bjelborg's' may be an OCR or spelling issue, but this cannot be resolved from the supplied text alone.",Preserved the wording exactly as printed.,5065-5066,6871
OCR error,The phrase 'flowe. of all flowers!' appears to contain an OCR error or damaged text.,Preserved the wording exactly as printed and flagged for manual review.,5109-5110,6878
ambiguous attribution,"The heading 'THE ROYAL VICTORIAN LIEDERTAFEL' identifies the performing body, but the chunk does not explicitly assign performers or composers to the earlier lyric items '(b) HYMN TO THE NIGHT.' and '(c) WIE SOLLTEN.' beyond their placement under the event heading.",Did not infer additional credits for those items beyond what is explicitly visible.,5087-5111,6503
incomplete information,"The recital item gives 'Selection from Pickwick', 'Charles Dickens', and 'VICTOR TROTMAN', but does not explicitly label the latter two roles within the recital section.","Recorded Charles Dickens as author and Victor Trotman as performer based on placement, and preserved the exact recital text in performance additional_information.",5172-5175,not located
ambiguous event boundary,"The opening lyrics and program items for THE ROYAL VICTORIAN LIEDERTAFEL begin mid-program in this chunk, so the full event beginning is not visible.",Created a concert event using only the visible material and noted that the event appears to continue from earlier page(s).,5101-5123,6878
OCR error,"Possible OCR corruption in lyric text: ""flowe. of all flowers!""",Preserved the wording exactly in lyrics_transcript and flagged for review.,5109-5110,6878
incomplete information,"Names of the singers for Baritone Solo and Treble Solo in ""Good King Wenceslas"" are not visible.",Preserved the solo-role indications in performance additional information and added empty-name credit placeholders at event level.,5241-5275,not located
non-musical information,Special Notice page contains subscriber rates and benefits rather than a musical event.,Created a separate non-event record and preserved the text in additional_information.,5331-5341,not located
non-musical information,OCR metadata pages are not part of a musical event.,Included the metadata in the non-event additional_information rather than treating it as a performance event.,5343-5359,not located
OCR error,"Date text for The Musical Society of Victoria annual meeting is incomplete or partially obscured by OCR symbols: ""+"" characters interrupt venue/date lines, and year is abbreviated as '99.",Did not normalize to dd/mm/yyyy; event_date set to null and raw wording preserved in additional_information.,5376-5381,not located
non-musical information,The MEMORANDUM page for The Musical Society of Victoria contains subscription and membership information rather than performance content.,Preserved this information in the concert event additional_information because it is attached to the same printed program document.,5425-5443,not located
non-musical information,Advertisement page for Kruse's Fluid Magnesia is unrelated to the concert program.,Did not create a separate musical event for the advertisement; noted its presence in the concert's additional_information.,5460-5473,not located
incomplete information,"The title page of the 5th Concert gives a day and month and a separate year line, but not in a single clean complete-date format line; nevertheless the full date appears across lines. Manual review may be useful.",Event date left null to avoid over-inference from split lines; raw date wording preserved in additional_information.,5451-5455,not located
incomplete information,"Officer listing ends with ""HON. SECRETARY:"" but the corresponding name is not visible in this chunk.",Created an empty-name credit placeholder and flagged the omission.,5600-5600,7182
incomplete information,The programme begins in the middle of an event with PART II already in progress; earlier event-level details are not visible in this chunk.,Extracted visible programme information into one concert event and noted the mid-programme start in additional_information.,5527-5545,5484
ambiguous event boundary,"Organizational pages for The Royal Victorian Liedertafel may belong to the same programme booklet rather than a separate event section, but are not performances themselves.",Included them as sections within the concert event with organizational information in additional_information.,5547-5826,7356
non-musical information,Page 8 is an advertisement rather than a musical event programme item.,"Created a separate event with event_type ""non-event"" and preserved the advertisement text in additional_information.",5870-5890,6518
incomplete information,The final item on page 11 ends mid-text and likely continues beyond the chunk.,Transcribed only the visible portion and noted that page 11 ends mid-item.,6005-6025,not located
ambiguous event boundary,"The opening material begins mid-program and does not show the event title, date, or venue in this chunk.",Created a separate concert event with null event-identifying fields and noted incompleteness in additional_information.,5951-6003,not located
ambiguous event boundary,"Pages 15-18 appear to continue a concert after an interval, but the chunk does not explicitly restate whether it is the same event as the earlier pages.",Separated PART II material into its own event for manual review.,6167-6332,not located
non-musical information,Advertisement material appears between program pages.,Excluded advertisements from concert events and did not create separate events for each ad because they are not musical events; flagged for review.,6056-6080,12701
non-musical information,Advertisement material appears between program pages.,Excluded advertisements from concert events and flagged for review.,6225-6236,not located
potential misspelling,"Event name appears as LIEDERSTAFF on page 1, while later page 3 reads LIEDERTAFEL.",Preserved both forms exactly as printed/OCR and flagged the discrepancy.,6381-6399,not located
OCR error,Possible OCR or textual anomaly in lyric line 'reading his dear Revenge's deck.',Preserved the text exactly and flagged for manual review.,6084-6086,7499
OCR error,Possible OCR or textual anomaly in lyric line 'Yonder lumes the island'.,Preserved the text exactly and flagged for manual review.,6017-6017,7416
OCR error,Possible OCR or textual anomaly in lyric line 'Everheeded by Morian Jove.',Preserved the text exactly and flagged for manual review.,6215-6215,7543
OCR error,"Possible OCR or textual anomaly in lyric line 'Speeded along by the ear and helm,'",Preserved the text exactly and flagged for manual review.,6243-6243,7543
OCR error,"Possible OCR or textual anomaly in lyric line 'winter's pions spreading,'",Preserved the text exactly and flagged for manual review.,6280-6280,7564
incomplete information,The announced next concert gives only an approximate time 'about the end of October' and no complete date.,Created a separate event announcement with null date.,6334-6338,7594
ambiguous event boundary,Lines preceding Page 1 appear to belong to earlier or separate material and are not clearly part of the concert program.,Separated the fragment into a distinct non-event entry.,6376-6378,7813
potential misspelling,"The organization name appears as ""THE ROYAL VICTORIAN LIEDERSTAFF"" on Page 1 but as ""THE ROYAL VICTORIAN LIEDERTAFEL"" on later pages.",Preserved both forms; used the Page 1 form in presenter_sponsor and noted the variation in additional_information.,6381-6381,7633
duplicate information,"Some credits are repeated in multiple places, including President, Conductor, and Pianist on Page 3 and again on Page 5, and performer identifications on Page 7.","Included the repeated credits once in structured form, while preserving repeated appearances in event context.",6408-6553,not located
incomplete information,Part II continues beyond the visible chunk; only the beginning of the program is present here.,Extracted only the visible Part II items and did not infer missing remainder.,6861-6874,not located
OCR error,"The word ""rags"" in ""Woe! he rags with all his might at the ring"" appears suspicious and may be an OCR error.",Preserved the wording exactly as printed in the OCR transcript.,6728-6730,7746
OCR error,"The phrase ""The waves of the sea bring either!"" appears suspicious and may contain OCR corruption.",Preserved the wording exactly as given.,6735-6737,not located
OCR error,"The phrase ""Worker on the canvas, thou proudly shall stand"" appears suspicious and may contain OCR corruption.",Preserved the wording exactly as given.,6815-6817,not located
ambiguous event boundary,The first visible material begins with lyrics and then 'Scene VI.' indicating the event started before this chunk.,Created a partial opera event with null event-level details and preserved the visible section and lyrics only.,6802-6853,not located
incomplete information,"The Royal Victorian Liedertafel material begins at 'PART II.' and lacks the complete event heading, date, and venue in this chunk.",Extracted the visible concert information as a partial event and noted incompleteness in additional_information.,6854-7006,not located
OCR error,"The lyric line 'Worker on the canvas, thou proudly shall stand,' appears unusual and may reflect OCR corruption.",Preserved the wording exactly as printed and flagged for review.,6815-6817,not located
OCR error,"The lyric line 'O dillowing in his armour,' appears likely corrupted by OCR.",Preserved the wording exactly as printed and flagged for review.,6929-6932,not located
formatting error,Page metadata and separators are present and are not part of the musical content.,Ignored metadata as event content and used page markers only to determine boundaries.,7007-7024,not located
incomplete information,"For the Musical Society of Victoria programme, the three songs under 'SONGS' do not show composer attributions in the visible text.",Recorded the song titles as visible and left composer credit absent for those items.,7050-7050,not located
potential misspelling,The credit 'Pro. Marshall-Hall.' may be a misspelling or OCR issue in the role title.,Preserved exactly as printed in the credit list.,7137-7139,not located
potential misspelling,The name 'Mr. Fredk. MeWton.' may contain an OCR or spelling issue.,Preserved exactly as printed in the credit list.,7146-7148,not located
incomplete information,The Melbourne Liedertafel event date is not fully explicit in dd/mm/yyyy format because the year appears only as ''03.,Left event_date as null and preserved the printed date wording in additional_information.,7075-7077,not located
incomplete information,"The Melbourne Liedertafel material in this chunk contains front matter, orchestra, and choir lists but no visible programme items.",Created the event with an empty performances list and documented the limitation in additional_information.,7071-7300,not located
ambiguous event boundary,"The Melbourne Liedertafel/Requiem material begins mid-document in this chunk, with personnel listings continuing from prior pages and no complete title/date/venue visible here.",Extracted the visible concert/program information as a single event and preserved page-related context in additional_information.,7226-7498,not located
incomplete information,Complete event date for the Requiem program is not visible in this chunk.,Set event_date to null.,7355-7498,not located
OCR error,Several text strings in the Requiem lyrics appear corrupted by OCR.,Preserved wording exactly and flagged for review.,7388-7468,not located
non-musical information,"Memorial notice, rehearsal notice, membership notice, printer information, advertisements, and OCR metadata are included in the chunk and are not themselves musical events.",Preserved memorial and notices inside the related event additional_information where contextually attached; created a separate non-event for unrelated advertisements/metadata.,7471-7668,not located
ambiguous event boundary,"The 1968 pages appear to come from a different document with fragmentary cover/name pages and multiple related references to Cross Talk and Vexations, but program boundaries are not fully explicit.","Separated visible materials into distinct events where explicit event-like headings appeared, and preserved uncertain contextual text in additional_information.",7518-7725,not located
incomplete information,"The line '22 January 1968' may function as a date rather than an event title, but no explicit event title is visible on that page.",Used the exact visible wording as event_name and left event_date null because the required dd/mm/yyyy complete date is not explicitly given in that format.,7542-7545,not located
duplicate information,Akeo Watanabe appears twice in the same clockwise listing.,Preserved both occurrences exactly in the credit names string.,7614-7614,8255
conflicting information,"The special Vexations performance is said to begin on 12月31日午前11時から and end at 1967年1月1日午前2時半, which appears chronologically inconsistent with surrounding 1967/1968 references.",Preserved the statement exactly and flagged it for manual review.,7714-7714,8301
incomprehensible OCR,"Some isolated page text on the early 1968 pages is too fragmentary to interpret reliably as names, titles, or program structure.",Preserved the strings in additional_information rather than assigning speculative roles.,7519-7540,8207
non-musical information,"Pages 7,651-7,667 are record advertisement/catalog material rather than a live musical event program.","Created a separate event with event_type ""non-event"" and preserved catalog text in additional_information.",7651-7667,8327
duplicate information,"CROSS TALK 2 program appears in both English and Japanese, and performer lists/program notes are repeated bilingually across several pages.",Merged the bilingual information into a single event and preserved repeated wording in additional_information where useful.,7673-8075,not located
incomplete information,CROSS TALK 2 event venue and location are not explicitly given on the program page in this chunk.,Left event_venue and event_location as null for CROSS TALK 2.,7969-8013,not located
ambiguous attribution,"Japanese performer list is arranged by role and names, but exact assignment of some names to repeated instruments may require manual confirmation from layout.","Used the clearer English role-name list on page 19 to structure performer credits, while preserving Japanese list presence in additional_information.",7673-7710,not located
potential misspelling,"Japanese program gives composer name as 「柳 慧」 for APPEARANCE, while surrounding pages use 「一柳 慧」 / English uses Toshi Ichiyanagi.","Retained the more complete form in event credits based on other lines in the same chunk, and flagged the discrepancy for review.",8003-8004,not located
duplicate information,BALLAD is listed once in the main program and then repeated again at the bottom of the page in both English and Japanese.,Included both occurrences by creating a repeated performance entry and noted the repetition in additional_information.,7987-7988,not located
duplicate information,Same repeated BALLAD listing appears in Japanese program page.,Reflected as repeated listing within the event and flagged for review.,8010-8010,not located
incomplete information,"The special CROSS TALK performance date is only partially given as 12月31日, with completion time extending to 1967年1月1日午前2時半; full starting year is not explicitly stated in the opening phrase.",Left event_date as null and preserved the full wording in additional_information.,7714-7714,8390
non-musical information,"Page 15 is an advertisement for SOURCE music of the avant garde, not a musical event.",Did not create a separate event because it is ancillary within the CROSS TALK booklet context; preserved context via flag only.,7736-7753,not located
incomplete information,The Royal Victorian Liedertaffel concert is represented only by cover and organization pages in this chunk; no repertoire page is visible.,Created the event with empty performances and noted incompleteness in section additional_information.,8078-8150,8466
ambiguous event boundary,The opening text about 'APPEARANCE' is clearly a fragment from another document or event that begins before this chunk and is cut off.,Separated it into a non-event record and preserved the visible text only.,8076-8076,8619
non-musical information,Administrative OCR metadata appears as standalone page content and is not part of the concert program.,Did not treat metadata as event content.,8091-8097,5726
non-musical information,Administrative OCR metadata appears again as standalone page content and is not part of the concert program.,Did not treat metadata as event content.,8366-8372,5726
potential misspelling,"Presenter/society name appears as 'LIEDERTAFFEL' on page 1 and 'LIEDERTAFEL' elsewhere, creating a possible inconsistency.",Preserved 'THE ROYAL VICTORIAN LIEDERTAFFEL' as the event-level presenter/sponsor from page 1 and noted the alternate form in the extracted content implicitly through quotations and sections.,8079-8100,not located
OCR error,The word 'Volour' in the lyrics may be an OCR error or textual anomaly.,Preserved exactly as printed in the lyrics transcript.,8454-8454,8575
incomplete information,"The concert program continues beyond the visible chunk after page 12, so the extracted program may be incomplete.",Extracted only the performances visible in this chunk.,8573-8575,not located
ambiguous event boundary,"The ROYAL VICTORIAN LIEDERTAFEL material begins with lyrics and ""etc."" from a prior item before page 11, indicating the event starts before this chunk.",Extracted only the visible continuation and marked the event as a concert with visible sections and performances.,8501-8514,8575
incomplete information,"No complete event date, venue, or location is visible for THE ROYAL VICTORIAN LIEDERTAFEL program in this chunk.",Left unavailable event-level fields as null.,8515-8607,not located
ambiguous attribution,"The line for English Folk Song no. 2 reads "".. .. Clive Carey,"" making the exact role unclear from the OCR alone.",Preserved the text in performance additional_information and included Clive Carey in event credits.,8580-8582,not located
potential misspelling,"Composer/credit name appears as ""MacFadgen,"" which may require manual review.",Preserved exactly as printed.,8561-8561,8598
ambiguous attribution,"In the 62nd Programme, the line ""(b) ""A Fragment"" ... Miss Harvie."" makes it unclear whether Miss Harvie is composer, subtitle, or other attribution.","Preserved ""Miss Harvie."" in the performance additional_information and did not infer a role.",8642-8643,not located
incomplete information,The event date for the 62nd Programme is present in textual form but not as a complete numeric dd/mm/yyyy date under the extraction rules because month is written and ordinal day style is used; conversion was not performed.,Left event_date as null and preserved the date wording in additional_information.,8634-8634,8754
incomplete information,"The 42nd Programme is labeled ""Rubenstein Night,"" but individual work composers are not stated in the visible text.",Did not infer composers from the theme title.,8672-8702,not located
non-musical information,"""The Medical Society of New Jersey"" appears as unrelated material within the chunk.",Created a separate non-event entry.,8711-8713,not located
ambiguous event boundary,The Annual Report / Musical Society of Victoria material spans multiple pages and may be part of a larger document beyond the chunk.,Created separate non-event entries for visible report-related documents and extracted only visible text.,8714-9000,5108
potential misspelling,"Name appears as ""Ignance Jan Paderewski,"" which may be an OCR or print issue.",Preserved exactly as printed in credits.,8798-8798,8960
potential misspelling,"Name appears as ""Jakoff Hambourg,"" which may require manual review.",Preserved exactly as printed in credits.,8797-8797,8960
OCR error,Balance sheet tables are represented with markup-like table tags in OCR output rather than original page formatting.,Preserved the existence and content of the table in additional_information rather than attempting full table-to-event transformation.,8887-9000,not located
incomplete information,The balance sheet ASSETS table is cut off at the end of the chunk.,Noted truncation in additional_information.,8985-9000,not located
non-musical information,"Accounting tables, liabilities, assets, and benevolent fund material are not a musical event.","Created a non-event record and preserved relevant text in additional_information, including named officials as credits.",8926-9068,not located
non-musical information,Membership list is unrelated to a specific musical event.,Created a non-event record with the list fragment in additional_information.,9419-9425,not located
incomplete information,"Several programme headings provide only month and year, not complete day/month/year dates.",Set event_date to null for all programme events.,9073-9418,not located
potential misspelling,"Work title appears as ""Faschingsschwank aus Wein"" which may be erroneous, but must be preserved as printed/OCRed.",Preserved the wording exactly in the performance title.,9096-9098,9087
OCR error,"Name appears as ""Her Louis Hattenbach"" in the trio entry, likely OCR corruption of a title or name form.",Preserved as printed in credits/additional_information and flagged for review.,9130-9133,9171
ambiguous attribution,"Lieder entry lists two songs followed by two composer surnames on one line, making song-to-composer assignment ambiguous in structure.",Preserved both song titles and both names together in additional_information without inferring exact pairing beyond source order.,9125-9128,not located
OCR error,"Text reads ""Du Bist wie aine Blume""; spelling may reflect OCR error.",Preserved the wording exactly and flagged for review.,9126-9128,not located
ambiguous attribution,"Soli entry in August 1907 lists two titles and two names ""Von Sturzman"" and ""Massenet"" in a compressed format, making exact assignment ambiguous.",Preserved the full sequence in additional_information without forcing a precise mapping.,9152-9156,not located
ambiguous attribution,Soli entry in September 1907 lists two songs with two composer surnames on separate lines in compressed layout.,Preserved the entire wording in additional_information.,9179-9182,not located
ambiguous attribution,"October 1907 Soli entry includes two song titles followed by ""Mendelssohn"" and then separate line ""Cocu"", making attribution unclear.",Preserved the text exactly and included both names in composer credits.,9211-9215,not located
incomplete information,170th PROGRAMME string quartet performer line appears to list only three performers for a quartet.,Preserved only the visible names and flagged as incomplete information.,9352-9355,9831
potential misspelling,"December 1907 composer appears as ""Rabinstein"".",Preserved exactly as printed/OCRed.,9260-9263,not located
potential misspelling,"December 1907 composer appears as ""Chaminate"".",Preserved exactly as printed/OCRed.,9265-9268,not located
potential misspelling,"Violin solo title appears as ""Papillion"".",Preserved exactly as printed/OCRed.,9278-9280,not located
formatting error,AT HOME appears as a separate heading under 169th PROGRAMME and may function as subtitle or section heading.,Recorded it as section_name under the event and also noted it in event additional_information.,9289-9292,not located
incomplete information,171st PROGRAMME string quartet performer line appears to list only three performers for a quartet.,Preserved the visible names only and flagged for review.,9384-9386,9889
OCR error,"Song title appears as ""The Sea bath i's Pearls"".",Preserved exactly as printed/OCRed.,9397-9400,9760
potential misspelling,"Song title appears as ""Ma Meer"".",Preserved exactly as printed/OCRed.,9402-9403,not located
potential misspelling,"Movement indication appears as ""Largemento"" in the Schumann quintet entry.",Preserved exactly as printed/OCRed.,9412-9414,9795
ambiguous event boundary,"The opening lines before ""171st PROGRAMME—APRIL, 1908."" may belong to a preceding page or may be part of the 171st programme. The chunk begins mid-document.",Included the opening quartet material in event_1 and noted the uncertainty in additional_information.,9352-9357,9831
incomplete information,"The 171st programme gives only month and year, not a complete date in the required dd/mm/yyyy format.",Set event_date to null.,9357-9357,9658
ambiguous attribution,"For several items in the 171st programme, performer and composer appear on the same line without explicit role labels, and the first quartet lacks one clearly named additional player if it is a string quartet.",Captured visible names as performers and composers without inferring missing details.,9352-9388,9593
incomplete information,"The 172nd programme gives only month and year, not a complete date in the required dd/mm/yyyy format.",Set event_date to null.,9391-9391,9730
OCR error,"One song title/composer line appears corrupted: ""The Sea bath i's Pearls Cowdell"".",Preserved wording exactly in performance additional_information.,9397-9400,9760
ambiguous attribution,"In the trio entry, the line with composer/title and the following line with performers are compressed, making exact attribution structure uncertain.",Recorded the trio title and composer text as visible and listed the following names as performers.,9405-9406,9770
non-musical information,"Large portions of the chunk consist of membership, country member, and subscriber lists rather than a specific musical event programme.",Created a non-event record for this material.,9419-9579,not located
non-musical information,Pages 19 and 20 contain OCR/system metadata rather than programme content.,Did not create separate events for the metadata pages beyond preserving them via this flag.,9580-9596,38054
incomplete information,"The concert date is given as ""OCTOBER 4, 1933"" rather than in day/month/year order. The instructions require dd/mm/yyyy only when explicitly available.",Set event_date to null and preserved the printed date in additional_information.,9604-9608,9989
duplicate information,The conductor credit appears more than once in the Royal Victorian Liedertafel pages.,Included the conductor in credits once with repeated forms combined.,9601-9732,not located
potential misspelling,"The patron line contains a name that may be OCR-distorted or misspelled: ""H. GENGOUULT SMITH.""",Preserved the spelling exactly and flagged for review.,9627-9627,9997
incomprehensible OCR,"The transcript of ""Sumer is Icumen In"" contains many strings that are difficult to interpret and may reflect OCR corruption of archaic text and/or manuscript reproduction.",Preserved the text as printed/OCRed in lyrics_transcript and flagged it for manual review.,9824-9847,10041
ambiguous event boundary,The ROYAL VICTORIAN LIEDERTAFEL event is already in progress at the start of the chunk and may continue beyond the extracted pages.,Created one event for the visible ROYAL VICTORIAN LIEDERTAFEL material and noted that it appears incomplete within this chunk.,9776-10238,6503
incomprehensible OCR,"The text under ""Sumer is Icumen In"" contains numerous OCR-corrupted words and phrases that are difficult to interpret reliably.",Preserved the OCR text as given in lyrics_transcript and flagged for manual review.,9827-9847,10041
duplicate information,"The source appears to present both an original/older-text version of ""Sumer is Icumen In"" and a modernized English rendering later under the same historical songs group.",Recorded them as separate performance entries within the same section and noted the apparent relationship in additional_information.,9824-9878,10041
formatting error,"The heading and title line for ""Sumer is Icumen In"" run together with attribution text, making segmentation uncertain.",Separated performance title from attribution and retained remaining wording in additional_information.,9824-9825,10041
potential misspelling,"The title ""Pastymye with good companye"" in the lyrics differs from the listed performance name ""Pastime With Good Company."" This may reflect orthographic variation or OCR issues.",Preserved both forms exactly where they appear.,9862-9907,not located
OCR error,"The aria title appears as ""Ah, fors e lui,"" with unusual spacing that may be an OCR issue.",Preserved the title exactly as printed and flagged for review.,10181-10183,not located
non-musical information,The later page contains a committee list without explicit event details in this chunk.,Created a separate non-event entry and preserved the text in additional_information.,10257-10275,10285
incomplete information,"The first event is only the closing portion of a larger program; event title, date, venue, and earlier programme items are not visible in this chunk.",Created a concert event with null unavailable fields and preserved visible closing items in additional_information and performances.,10201-10239,not located
incomplete information,"The Grand Complimentary Concert includes organizational matter and a letter, but no detailed programme items are visible in this chunk.",Created the event from the title page and accompanying letter; used an empty performances list.,10257-10346,10345
formatting error,"The date for the Grand Complimentary Concert is split across lines, with the year appearing on a separate line after the time.",Recorded the complete date as 24/11/1903 because all components are explicitly visible.,10299-10302,not located
non-musical information,The circular letter and ticket price table are administrative/promotional material associated with the event rather than programme content.,Preserved this material in additional_information rather than omitting it.,10312-10346,not located
potential misspelling,"The office title appears as ""PRO. MARSHALL-HALL."" which may be an OCR or spelling issue.",Preserved the wording exactly as printed in the credit list.,10421-10423,not located
potential misspelling,"Several personal names may contain OCR or spelling issues, but cannot be corrected from the source alone.",Preserved names exactly and flagged representative examples for review.,10450-10548,not located
incomplete information,The programme for the 278th Concert continues beyond the visible lines; only the beginning of Part 1 and one partially transcribed ballad text are present.,"Created one visible section and one visible performance, preserving the partial lyrics transcript.",10655-10700,not located
incomplete information,"The programme event begins mid-document. Earlier contextual information such as event title, date, venue, and location is not visible in this chunk.",Extracted the visible programme as a concert event with null for unavailable event-level fields and preserved the visible roll and notices in additional_information.,10626-10659,not located
ambiguous attribution,The role 'A Sacrificer' is listed without a visible performer name.,Preserved 'A Sacrificer' in the performance transcript/additional_information and did not invent a performer credit.,10806-10814,10483
potential misspelling,Several names/words in the OLAV TRYGVASON text appear irregular or possibly misspelled/OCR-distorted.,Preserved wording exactly as printed and flagged for review.,10832-11070,not located
potential misspelling,"The text contains forms that may be erroneous, including 'Adonias' and 'Decends'.",Preserved the text exactly as printed in lyrics_transcript.,10771-10786,not located
non-musical information,"Several pages contain administrative notices, rehearsal information, membership information, and fundraising announcements rather than performances.","Created separate non-event entries for these notices, and a separate concert event for the announced future 'Grand Concert'.",11072-11112,8095
incomplete information,"The date 'Monday evening, 24th November next' provides day and month but no explicit year within the visible chunk.",A complete dd/mm/yyyy date was nevertheless normalized from the explicit text only where the year is visible? Manual review is recommended.,11090-11099,10507
ambiguous event boundary,"The opening lyric/text fragment appears to belong to a performance or publication that begins before this chunk, but no event heading or context is visible here.",Created a non-event record preserving the text in additional_information.,11051-11070,10481
potential misspelling,"The word ""upholdshest"" appears unusual and may be an OCR or source spelling issue.",Preserved exactly as printed and flagged for review.,11051-11051,10481
conflicting information,"The rehearsal notices list Monday, the 17th November and Tuesday, November 11th without year; the relationship between these dates is unclear and may be inconsistent.",Preserved both notices verbatim without attempting reconciliation.,11076-11078,not located
incomplete information,"The event title ""A Grand Concert ..."" is visibly truncated with ellipsis in the source.",Used the truncated wording exactly as the event name and preserved surrounding wording in additional_information.,11090-11092,10496
non-musical information,Pages 19-20 contain OCR metadata rather than source-program content.,Excluded metadata from event structuring and flagged for review.,11113-11129,not located
incomprehensible OCR,"Page 1 text is fragmentary and not fully intelligible as a title or heading: ""CROSS MAIT'S TAKE LUCI MORR"".",Did not use this fragment as a reliable event title; relied on clearer later pages for event identification.,11131-11136,not located
formatting error,Page 4 contains HTML-like table markup mixed into OCR text.,Extracted the listed names into additional_information without attempting to regularize beyond transcription.,11152-11195,not located
ambiguous attribution,"The page 4 list names composers and film makers presented in the 1967-68 season, but does not tie each name to a specific performance in this chunk.",Preserved the list in event additional_information rather than assigning specific work credits.,11150-11195,10659
incomplete information,The sponsorship line identifies both a sponsor and a cooperating organization; schema allows only a single presenter_sponsor field.,"Placed ""the American Cultural Center"" in presenter_sponsor and preserved the cooperation wording in additional_information.",11142-11145,8207
ambiguous attribution,"The line ""武満徹十一柳慧・企画 構成"" is unclear in spacing/OCR and may conflate two names.",Preserved exactly as appearing in the credit names field and flagged for review.,11423-11425,not located
incomplete information,The event オーケストラルスペース'68 lists dates and venues but no explicit year in the notice itself.,Left event_date null and preserved the date/venue lines in additional_information.,11423-11429,10733
non-musical information,"Several pages are advertisements, magazine promotions, publisher lists, or record catalogs rather than discrete musical events.",Grouped them into non-event records with descriptive additional_information.,11313-11525,not located
incomplete information,Page 17-18 CROSS TALK 2 material is fragmentary and likely continues outside this chunk.,Created a partial event with only visible works and credits.,11527-11548,10753
non-musical information,Record advertisements and catalog-style listings are present rather than live event documentation.,"Created non-event records for the Victor listings and preserved catalog numbers, prices, and work listings in additional_information and performances.",11476-11525,not located
ambiguous event boundary,CROSS TALK 2 material spans multiple pages and may begin before or continue after this chunk.,"Extracted only the visible CROSS TALK 2 information as one event, with notes and related special concert separated when explicitly named.",11526-11860,not located
potential misspelling,"Japanese text gives organizer name as 湯浅謙二, while English coordinator list gives Joji Yuasa.",Preserved both forms as they appear and included a flag for manual review.,11579-11625,not located
potential misspelling,"Name appears as 松平顕隆 in the season list, while elsewhere the composer is given as Yori-Aki Matsudaira / 松平 賢 晓.",Preserved each form exactly as printed and flagged the discrepancy.,11850-11857,10987
OCR error,"Several names or words appear inconsistent or possibly OCR-distorted, including 諸井十黛, プロジェクション・エセム, What's nexk?, Reichi, パークレイ, プラス for BRASS in Japanese note.",Preserved the OCR wording exactly and flagged representative locations for review.,11480-11847,not located
duplicate information,CROSS TALK 2 performer and production information appears in both English and Japanese across pages 18-19 and later notes.,Merged duplicate credits into a single event while preserving bilingual details in additional_information.,11538-11630,not located
incomplete information,"The 81st Programme page 2 list includes Song, Duo Two Pianos, and Song entries with missing performer details or incomplete titles in this chunk.",Created performance entries with null names where necessary and preserved available composer information.,11910-11915,not located
formatting error,"The 81st Programme date is given as Oct. 28th, '99, which is not a complete date in the required dd/mm/yyyy format without expanding the century from outside knowledge.",Left event_date as null and preserved the original wording in additional_information.,11884-11889,11157
non-musical information,Advertisement for Kruse's Fluid Magnesia appears within the Royal Victorian Liedertafel program pages.,Preserved mention in event additional_information rather than creating a separate event because it is embedded in the document pages for the concert.,11940-11952,7182
incomplete information,"The Royal Victorian Liedertafel program is truncated after 'Mr. C. B. Fentum,' and no repertoire is visible in this chunk.",Created the event with visible personnel and marked the section as having no visible performances in this chunk.,11955-11975,11228
incomplete information,"The opening lines are a program fragment that begins mid-event, with missing event title, date, venue, and some performer/work associations.",Created a separate concert event for the visible fragment and preserved all visible program items in additional_information and performances.,11901-11915,11249
incomplete information,Several performance entries in the opening fragment lack visible titles or performer names.,Set unavailable fields to null and preserved composer-only information in performance additional_information where applicable.,11910-11915,11249
non-musical information,MEMORANDUM page is an administrative notice about society membership and subscriptions rather than a specific musical event.,Represented it as an event with event_type 'non-event'.,11917-11925,6480
incomplete information,"The cover page for 6TH CONCERT. gives only 'Friday Evening, 7th December.' without year.",Created a separate event record for the cover text and left event_date as null.,11927-11937,11228
non-musical information,Kruse's Fluid Magnesia material is an advertisement unrelated to a musical event.,Represented it as an event with event_type 'non-event'.,11939-11952,7182
non-musical information,Page 4 contains OCR metadata rather than program content.,Did not create a separate event from the metadata; flagged for review.,11981-11988,5726
non-musical information,"Page 5 is an organizational officer list for The Royal Victorian Liedertafel, not a specific musical event.",Represented it as an event with event_type 'non-event'.,11991-12052,7356
non-musical information,"Page 6 contains orchestra roster information and a business advertisement for McCarron, Bird & Co., not a distinct performance listing.",Represented it as an event with event_type 'non-event' and preserved both roster and advertisement text.,12053-12158,10455
formatting error,"The orchestra roster uses ditto marks ',,' in place of repeated honorifics, making some names difficult to normalize without altering the source.",Preserved the ditto marks exactly within the credited names.,12056-12141,11422
non-musical information,Page 7 is a tabular membership/roster listing rather than a program of performances.,Represented it as an event with event_type 'non-event'.,12160-12399,7182
incomplete information,The tabular roster on Page 7 is truncated by the end of the chunk.,Extracted only the visible names and noted truncation in additional_information.,12396-12400,not located
ambiguous event boundary,"Multiple pages appear to belong to the same 6th Concert booklet, but the chunk also contains advertisements, administrative notices, and partial preceding material. It is uncertain whether to consolidate all pages into one event or separate descriptive/non-event records.","Separated distinct visible units into multiple events, keeping the concert title pages and personnel page as concert events and advertisements/rosters/notices as non-event records.",11916-12399,not located
ambiguous event boundary,The opening table fragment begins mid-list and likely belongs to a larger preceding document or section not fully visible in this chunk.,Captured it as non-event roster/list material and preserved all visible names in additional_information rather than assigning unsupported event details.,12326-12492,not located
incomplete information,"The roster/list includes a visible heading ""2nd Basses."" but the heading for the preceding names is not visible.",Preserved preceding names separately in additional_information and noted that their category is not shown in the chunk.,12326-12403,not located
non-musical information,Several pages are advertisements or commercial notices unrelated to a specific musical event.,Created separate non-event entries for these materials to preserve the text.,12494-12515,6518
ambiguous event boundary,"The ""German Requiem"" material appears to continue across multiple pages, but the start or end of the enclosing program/booklet may lie outside this chunk.",Extracted the visible work-program item as a concert event with null date/venue where not shown.,12517-12723,not located
incomplete information,"The Melbourne Symphony Orchestra announcement gives ""Tuesday Evening next, 11th Dec."" without a complete year.",Set event_date to null and preserved the wording in additional_information.,12556-12583,11618
non-musical information,Embedded metadata block appears in the OCR output and is not part of the original musical program text.,Did not treat it as a musical event; omitted from event transcription.,12585-12592,14339
non-musical information,"Advertisements for hair treatment, clothing, optician services, and cameras are unrelated to musical events.",Captured them as separate non-event entries.,12608-12812,12701
potential misspelling,"The subtitle in the RHAPSODIE item reads ""GETHE'S"" which may be a misspelling or OCR issue, but must be preserved as printed/OCRed.",Preserved the wording exactly and flagged for review.,12739-12745,not located
ambiguous event boundary,The RHAPSODIE item may be part of a larger program booklet not fully visible in this chunk.,"Extracted only the visible work item and associated notes/text, leaving unavailable event-level details null.",12739-12767,not located
incomplete information,"The new document beginning on Page 1 shows ""Thursday Evening, 31st October, 1907"" but not enough explicit numeric month information for dd/mm/yyyy conversion under the no-inference rule.",Set event_date to null and preserved the exact wording in additional_information.,12814-12824,11805
non-musical information,A printer's imprint appears in the chunk.,Preserved it within the Kodak non-event entry additional_information.,12812-12812,11787
ambiguous event boundary,The opening Brahms prose and lyric text appear to be a fragment from a document that began before this chunk and may continue elsewhere; no event title or clear boundary is visible in the chunk.,Captured it as a non-event document fragment with transcript preserved in additional_information and performance lyrics_transcript.,12751-12767,11753
non-musical information,Memoranda concerning subscription classes and office information are administrative rather than a musical event.,Created a non-event record and preserved the text in additional_information.,12769-12789,12265
non-musical information,Kodak advertisement and printer line are unrelated to a musical event.,Created a non-event record for the advertisement.,12799-12812,11787
non-musical information,Kruse's Fluid Magnesia advertisement is unrelated to a musical event.,Created a non-event record for the advertisement.,12825-12840,7182
non-musical information,W. H. Glen & Co. piano advertisement is promotional material rather than a musical event.,Created a non-event record for the advertisement.,13224-13245,11981
incomplete information,The programme for 'THE DREAM OF GERONTIUS.' begins in this chunk but the actual internal programme details are not yet visible; only the heading appears at the end of the chunk.,Created the concert event with one full-performance section named 'THE DREAM OF GERONTIUS.' and noted that the programme continues beyond the chunk.,13247-13249,11940
OCR error,"A singer list entry appears incomplete or malformed: 'Felstead,' with no initials or following text.",Preserved exactly as printed in the 1st Tenors credit list.,12946-12946,11457
potential misspelling,"Instrument heading appears as 'Clarionets', which may require manual review.",Preserved exactly as printed.,13176-13179,not located
potential misspelling,"Instrument heading appears as 'Piati', which may require manual review.",Preserved exactly as printed.,13218-13219,not located
potential misspelling,"Several personal names in the orchestra and choir lists may contain OCR or spelling issues, such as 'Brigha', 'Suggeden', 'Brigginsshaw', and 'Restorck'.",Preserved names exactly as printed and grouped them in credits.,12995-13219,not located
ambiguous event boundary,"The chunk begins with an instrumental personnel list that appears to continue from an earlier page or earlier portion of the same program, so the beginning of the musical event is not visible in this chunk.",Included the visible personnel as credits in the Gerontius event and noted the continuation in additional_information.,13176-13223,not located
non-musical information,Several pages in the chunk are advertisements or commercial matter unrelated to a musical event.,Created a separate non-event entry and preserved the advertisement text in additional_information.,13224-13245,6518
non-musical information,Advertisement page unrelated to the musical event.,Included in the non-event entry additional_information.,13280-13288,12219
non-musical information,Advertisement page unrelated to the musical event.,Included in the non-event entry additional_information.,13426-13449,12701
non-musical information,Advertisement page unrelated to the musical event.,Included in the non-event entry additional_information.,13457-13485,12219
non-musical information,Advertisement page unrelated to the musical event.,Included in the non-event entry additional_information.,13610-13623,not located
OCR error,"Possible OCR or transcription error in speaker heading ""GEBONTIUS."" where earlier and surrounding text uses ""GERONTIUS.""",Preserved the wording exactly as it appears and flagged for review.,13359-13359,12055
OCR error,"Possible OCR or transcription error in lyric text: ""From thy drown and Thine ire;""",Preserved the wording exactly as it appears and flagged for review.,13338-13339,12049
OCR error,"Possible OCR or transcription error in lyric text: ""Moruis in discrimine.""",Preserved the wording exactly as it appears and flagged for review.,13395-13398,12056
OCR error,"Possible OCR or transcription error in lyric text: ""and laughs, and haps / Its hideous wings""",Preserved the wording exactly as it appears and flagged for review.,13409-13411,not located
OCR error,"Possible OCR or transcription error in lyric text: ""How sour and how uncoutn a dissonance!""",Preserved the wording exactly as it appears and flagged for review.,13548-13549,12140
OCR error,"Possible OCR or transcription error in lyric text: ""What thou doth ask""",Preserved the wording exactly as it appears and flagged for review.,13649-13650,12175
incomprehensible OCR,"A very long dotted filler or damaged line occupies most of Page 13, interrupting the textual flow.",Preserved the visible surrounding text and noted the interruption in the performance additional_information.,13455-13455,11249
non-musical information,"Pages 16, 19, and 20 contain advertisements, subscription memoranda, and other material not constituting a specific musical event program.",Created separate non-event entries and preserved the text in additional_information.,13610-13894,not located
ambiguous event boundary,The dramatic/lyric text on pages 16-18 may belong to a larger work or preceding event not fully visible in this chunk.,Captured the visible text as a non-event transcript without assigning a specific event identity.,13601-13853,not located
OCR error,"Event title appears as ""Xmas Smoke Goncert,"" which may be an OCR error or original wording.",Preserved the wording exactly as printed in event_name.,13903-13905,not located
duplicate information,"Conductor Ernest Wood appears both as CONDUCTOR and HON. ORGANIST on page 3, while page 5 lists CONDUCTOR MR. ERNEST WOOD and HON. ORGANIST MR. G. B. FENTUM.",Preserved all credits and flagged the differing attributions for manual review.,13930-14022,not located
conflicting information,Hon. Organist is attributed to different people within the same concert material: Mr. Ernest Wood on page 3 and Mr. G. B. FENTUM on page 5.,Included both credits exactly as printed.,13943-14022,not located
incomplete information,"The carol listing for ""The Wassail Song"" ends with ditto marks/quotation mark only, leaving the attribution incomplete in this chunk.",Preserved the incomplete attribution in additional_information.,13981-13982,not located
incomplete information,"The membership roster on page 6 is cut off in the chunk after ""Miller, C."" and does not continue further.",Recorded only the visible 1st Tenors and 2nd Tenors names in credits and noted truncation in additional_information.,14043-14100,not located
potential misspelling,"The name ""Felsstead, J."" in the 1st Tenors list may be a misspelling when compared with ""W. H. FELSTEAD"" elsewhere, but the source wording cannot be corrected.",Preserved the name exactly as printed and flagged for review.,14059-14059,12322
formatting error,Several programme entries use braces and compressed layout that obscure whether sub-items are separate performances or grouped under one item.,Represented grouped items as single performances with sub-items preserved in additional_information.,13962-13981,not located
non-musical information,The material on page 6 is primarily an organizational roster and office-bearer list rather than a specific musical event program.,"Created a separate event with event_type ""non-event"" and preserved names as credits and explanatory text in additional_information.",14027-14227,not located
incomplete information,"The heading ""Choir of Boys."" appears, but no associated names or further details are visible in this chunk.",Preserved the heading in additional_information and did not invent any names or credits.,14225-14229,not located
OCR error,"The quotation appears to contain anomalous wording: ""thinks likes a philosopher"".",Preserved the wording exactly in additional_information for manual review.,14239-14240,12494
incomplete information,"The event date is only partially given as ""CHRISTMAS, 1907."" and cannot be converted to a complete dd/mm/yyyy date.",Set event_date to null and preserved the text as event_name.,14232-14232,12484
incomplete information,"The lyrics/performance text for ""Champagnerlied"" is cut off at the end of the chunk.",Transcribed all visible text only and left the lyrics transcript incomplete as shown.,14256-14275,12504
non-musical information,Page 8 contains a piano advertisement rather than a musical event.,"Created a separate event with event_type ""non-event"" and transcribed the advertisement into additional_information.",14281-14299,not located
ambiguous event boundary,The programme fragment on Page 9 appears incomplete and may continue beyond this chunk or begin before it.,Extracted only the visible programme items as a separate event with null event-level details where unavailable.,14301-14306,not located
incomplete information,"The item ""Carol—"" is present without a following title or associated credit in the visible chunk.","Recorded it as a performance with performance_type ""Carol"" and null performance_name, noting the incompleteness in additional_information.",14306-14306,12559
incomplete information,"The chunk appears to contain only a title, a performer credit, and a short lyrics excerpt, without enough context to determine the full event type, date, venue, or whether this is a complete event or part of a larger one.",Extracted the visible material as a partial event and preserved the lyrics excerpt in the performance record.,14307-14313,not located
content filter,The OCR source lines were rejected by the model content filter and therefore could not be structurally transcribed by the language model.,"The original OCR text was preserved verbatim in the additional_information field of a non-event record. No attempt was made to rewrite, correct, summarize, or omit the rejected material.",14314-14321,69639
content filter,The OCR source lines were rejected by the model content filter and therefore could not be structurally transcribed by the language model.,"The original OCR text was preserved verbatim in the additional_information field of a non-event record. No attempt was made to rewrite, correct, summarize, or omit the rejected material.",14322-14329,not located
content filter,The OCR source lines were rejected by the model content filter and therefore could not be structurally transcribed by the language model.,"The original OCR text was preserved verbatim in the additional_information field of a non-event record. No attempt was made to rewrite, correct, summarize, or omit the rejected material.",14330-14337,69661
incomplete information,The chunk appears to be part of a larger program page and begins with lyrics from a prior item whose title and attribution are not visible in this chunk.,Preserved the visible lyrics in event additional_information and did not invent the missing performance details.,14338-14347,12604
incomplete information,"Event name, date, venue, and location are not visible in this chunk.",Set unavailable event-level fields to null.,14349-14400,not located
incomplete information,"The 'Cello Soli entry gives two sub-items, '(a) Reverie' and '(b) Gavotte', but does not clearly state whether they should be separate performances or a grouped item.",Represented them as one performance with performance_type ''Cello Soli' and placed the two titled items in additional_information.,14375-14379,not located
incomplete information,"The Carols entry contains two titled sub-items, but only lyrics for item (a) are visible in this chunk.",Represented the carols as one grouped performance and preserved the visible lyrics for item (a); included both titled items and attributions in additional_information.,14386-14400,not located
ambiguous event boundary,The musical event in this chunk clearly begins before the excerpt and may continue after it. Only partial program and lyrics are visible.,Extracted a single concert event from the visible musical material and noted incompleteness in additional_information.,14401-14525,not located
incomplete information,A lyric passage on lines 14401-14405 appears to belong to an earlier performance not otherwise identified in this chunk.,Preserved the text in the event additional_information for the related visible lyric item rather than inventing a separate unidentified work.,14401-14405,not located
incomplete information,"The text for '(b) Like silver lamps in a distant shrine' provides lyrics but no clearly visible work title, composer, or performer in this chunk.",Recorded the visible incipit as the performance_name and preserved the lyrics exactly.,14408-14441,6570
non-musical information,Page 12 contains advertisements unrelated to the musical event.,Created a separate non-event record containing the advertisement text.,14465-14487,12701
incomplete information,The lyrics for 'Cavaliers' Songs— Stanford' item (c) are cut off at the end of the chunk.,Preserved the partial text exactly as visible and noted incompleteness in the performance additional_information.,14518-14525,12678
ambiguous event boundary,"The Royal Victorian Liedertafel material begins mid-program and continues across multiple pages with lyrics and later program items, but the event title, date, and venue are not visible in this chunk.","Created a concert event with null event_name, event_date, venue, and location; preserved all visible program and lyric material under one section.",14452-14740,12401
non-musical information,Several pages are advertisements unrelated to the musical program.,Did not create separate advertisement events because they occur within program pages already associated with visible event material; preserved their presence in event additional_information where appropriate.,14465-14750,12701
OCR error,Possible OCR or source error in 'biddig'.,Preserved the wording exactly in lyrics transcript.,14576-14576,12769
OCR error,Possible OCR or source error in 'paries'.,Preserved the wording exactly in lyrics transcript.,14554-14554,12748
incomplete information,"The printed date for the 283rd Concert is abbreviated as ''03, so a complete dd/mm/yyyy date cannot be established from the chunk under the extraction rules.",Set event_date to null and preserved the printed date wording in additional_information.,14758-14760,7182
potential misspelling,The presenter name appears split as 'Liederta fel.',Preserved the wording exactly as printed/OCR in presenter_sponsor.,14755-14756,not located
OCR error,Honorary conductor title appears as 'PRO. MARSHALL-HALL.',Preserved exactly as printed in credits.,14854-14855,not located
potential misspelling,"Choir member surname appears as 'McCutlagh', which may be an OCR or source issue.",Preserved exactly as printed in credits.,14925-14925,12876
formatting error,Council information is represented in OCR as HTML-like table markup rather than plain running text.,Extracted the council names by represented column headings and rows into scoped credit roles.,14820-14852,not located
incomplete information,The choir list for the 283rd Concert continues beyond the end of the chunk after SECOND TENOR entries.,Extracted only the names visible in this chunk.,14912-14950,not located
ambiguous event boundary,"The chunk begins with administrative credits and membership lists before the visible programme heading, indicating the event likely began before this chunk.","Grouped the administrative personnel, choir members, orchestra roster, and programme items into one concert event while noting the boundary ambiguity.",14877-14938,not located
non-musical information,Page 5 contains a photographic studio advertisement unrelated to a musical event.,Created a separate non-event record preserving the advertisement text.,14883-14909,not located
non-musical information,Page 7 contains a tailoring advertisement unrelated to a musical event.,Created a separate non-event record preserving the advertisement text.,15095-15110,not located
non-musical information,Page 7 contains a books advertisement unrelated to a musical event.,Created a separate non-event record preserving the advertisement text.,15112-15120,13055
duplicate information,"The phrase ""ESTABLISHED IN 1781."" appears twice consecutively in the piano advertisement.",Preserved both occurrences in the non-event record and flagged as possible duplicate OCR or source duplication.,15123-15127,not located
non-musical information,Page 8 contains a piano warehouse advertisement rather than a musical event.,Created a separate non-event record preserving the advertisement text.,15122-15131,not located
OCR error,"Program note text for ""Coriolan"" contains wording that appears grammatically or typographically corrupted by OCR.",Preserved the text exactly and attached it in additional_information for the performance.,15146-15148,12945
OCR error,"Lyrics/transcript for ""Now is the Month of Maying"" contains unusual forms that may reflect OCR errors.",Preserved wording exactly in lyrics_transcript.,15158-15169,not located
OCR error,Italian text for the recitative and aria contains numerous forms that appear corrupted or inconsistent.,Preserved the text exactly and flagged for review.,15208-15228,12957
non-musical information,Page 10 contains a corset advertisement unrelated to a musical event.,Did not merge with the concert event; treated as omitted from event extraction by creating only the visible musical event and separate non-event records for other advertisements. Manual review may wish to split further if needed.,15179-15198,not located
non-musical information,Page 12 contains a cafe advertisement unrelated to a musical event.,Created a separate non-event record preserving the advertisement text.,15271-15288,not located
conflicting information,"The lifespan given for Michael Praetorius is ""(1571-1521)"", which appears internally questionable.",Preserved the dates exactly as printed and flagged for review.,15290-15295,12925
OCR error,"Program note for the Beethoven symphony contains a likely corrupted phrase: ""Andante un rit. even have been written"".",Preserved the text exactly in additional_information.,15328-15331,12994
non-musical information,Page 14 contains advertisements for spectacle frames and hair colouring unrelated to a musical event.,Created a separate non-event record preserving the advertisement text.,15359-15375,not located
incomplete information,"Opening lyrics at lines 015301-015311 belong to a preceding item whose title, composer, and performer are not visible in this chunk.",Created a performance with null title and preserved the visible lyrics in lyrics_transcript.,15301-15311,12978
OCR error,"Program note contains likely OCR corruption in the phrase ""Andante un rit. even have been written"".",Preserved the wording exactly in additional_information for the symphony and flagged for review.,15329-15329,12994
non-musical information,Page 14 contains advertisements unrelated to a musical event.,Created separate non-event entries for the advertisements and preserved their wording in additional_information.,15359-15391,not located
incomplete information,"The text of ""The Page Song"" continues beyond the end of the supplied chunk.",Preserved the visible portion of the lyrics only and noted continuation in additional_information.,15394-15425,not located
incomplete information,The chunk contains only a fragment of text and a performance label/title without enough surrounding context to identify a full musical event.,Created a non-event record and preserved all visible text in additional_information and lyrics_transcript.,15426-15440,13245
ambiguous event boundary,It is unclear whether the lyric fragment and the labeled madrigal belong to the same item or whether the chunk cuts across document/performance boundaries.,Grouped the material into a single non-event entry with a flagged performance-like section for preservation.,15426-15440,not located
incomplete information,"The chunk provides a heading, a composer-like attribution, and lyrics, but does not explicitly identify the event type, date, venue, or full work title.","Created a single event using the visible heading as event_name, recorded the attribution as a composer credit, and preserved the visible text as a performance lyrics transcript without inferring missing details.",15441-15448,not located
content filter,The OCR source lines were rejected by the model content filter and therefore could not be structurally transcribed by the language model.,"The original OCR text was preserved verbatim in the additional_information field of a non-event record. No attempt was made to rewrite, correct, summarize, or omit the rejected material.",15449-15456,not located
ambiguous event boundary,"The opening lyric passage appears to be a fragment continuing from material outside this chunk, with no visible title, event name, or surrounding context.","Extracted it as a separate non-event item containing a full-performance section with one song-text performance, and noted that the fragment lacks visible context.",15458-15468,13299
non-musical information,The page contains commercial advertisement material unrelated to a musical event.,Created a separate event with event_type 'non-event' and preserved the advertisement text in additional_information.,15479-15487,13346
incomplete information,"The Smoke Concert notice gives only 'Wednesday, December 23' and rehearsal dates '14th' and '21st inst.' without a complete year, so complete dates cannot be established from this chunk.",Left event_date as null and preserved the wording in additional_information.,15470-15473,13328
potential misspelling,"The lyric line contains the wording 'My lack I turn'd, all drest to her entrance;' which may reflect OCR corruption or a textual oddity.",Preserved the wording exactly as printed/OCRed and flagged for manual review.,15461-15461,13299
non-musical information,"The opening lines are an advertisement/address and merchandise pricing, not a musical event.","Created a separate event with event_type ""non-event"" and preserved the text in additional_information.",15489-15495,not located
potential misspelling,"The organization name appears as ""Metropolitan Liebertafel,"" which may be an OCR or spelling issue, but must be preserved as printed/OCRed.",Preserved the wording exactly in presenter_sponsor.,15497-15498,not located
incomplete information,"The programme list on Page 2 gives only generic item types for several entries without titles, composers, or performers visible in this chunk.",Created performance entries with null names and preserved only the visible performance types.,15529-15543,not located
ambiguous attribution,"The lyrics beginning ""Bacchus: Ye lords, whose vicious treasure"" appear after the list of item types, but the corresponding programme item cannot be determined with certainty from this chunk alone.","Placed the text provisionally under the ""Cantata"" performance and noted the uncertainty in additional_information.",15545-15550,13402
formatting error,"Line 15515 contains an extremely long dotted continuation after the item ""(a) \""In Peaceful Slumber\"""", suggesting severe OCR expansion or layout capture error.",Preserved the item title and noted the abnormal dotted continuation in additional_information rather than reproducing the full run.,15514-15515,not located
ambiguous event boundary,"The chunk ends mid-text, and the programme clearly continues beyond the supplied excerpt.",Extracted only the visible information and noted that the event may continue after the chunk.,15517-15550,not located
ambiguous event boundary,The first event is fragmentary and appears to continue from earlier text and possibly into later text. The full event heading is not visible in this chunk.,Extracted the visible performance items and lyrics as a partial concert event with null event name/date/venue/location.,15551-15790,13543
incomplete information,"Several standalone names appear after lyric blocks without clear explicit attachment to a specific work or role: ""Stephen Adams"", ""Bishop"", ""Pinsuti"", ""Kässmayer"".",Included them in event-level credits as composer/author attribution in surrounding text and noted possible association in performance additional_information where relevant.,15721-15745,not located
ambiguous attribution,"The title ""GOD SAVE THE QUEEN"" is followed by text that may belong to another song or adjacent item rather than clearly to that title.","Created a separate performance preserving the title and following text, and noted the uncertainty in additional_information.",15708-15720,not located
OCR error,"Possible OCR corruption in lyric text, including phrases such as ""By Stry Thine eyes no more!"", ""Debited as they are"", ""Howe er"", and ""quicky fill"".",Preserved the wording exactly and included it in lyrics_transcript.,15554-15758,not located
potential misspelling,"Names in the source may contain OCR or spelling issues, such as ""S. Friff"" and ""Wenceles"".",Preserved the names/words exactly as printed and flagged for review.,15604-15604,13503
potential misspelling,"Wording in the Bacchanalian Election text includes possibly corrupted proper names or terms such as ""Marianas"" and ""Wenceles"".",Preserved the wording exactly in the transcript.,15674-15675,13543
ambiguous event boundary,"A new heading begins at the page marker with ""Concert - No. 277."", ""Melbourne"", ""Liedertafel"", ""Smoke - Concert"", but no further content is visible in this chunk.",Created a separate event from the visible heading information only.,15791-15799,not located
ambiguous event boundary,The opening lines are a continuation of earlier material and do not show a clear event title or full boundary within this chunk.,Created a separate partial concert event with null event-level fields where unavailable and preserved visible credits and text in additional_information.,15726-15790,not located
incomplete information,"The date for the Smoke - Concert is printed as ""Monday, August 18th, 1902."" without an explicit month number in dd/mm/yyyy format.",Stored event_date as null and preserved the original wording in additional_information.,15801-15803,not located
non-musical information,"Administrative and society information, note to gentlemen, and membership/rehearsal notices are included alongside the program.",Preserved this material in additional_information rather than omitting it.,15820-16150,13656
potential misspelling,"The conductor credit appears as ""Pro. Marshall-Hall."" which may be an OCR or typographical issue.",Preserved exactly as printed in credits.,15870-15871,not located
potential misspelling,"The performer surname appears as ""Elwins"" in the programme, while an earlier staff listing shows ""Elvins.""",Preserved both forms exactly as they appear and recorded the programme performer credit as printed.,15883-15885,not located
potential misspelling,"Programme performer credit reads ""Mr. H. S. Elwins."" which may conflict with ""Mr. H. S. Elvins."" elsewhere in the same document.",Preserved exactly as printed and created this flag for manual review.,15961-15966,13632
potential misspelling,"Composer name printed as ""Hadyn.""",Preserved exactly as printed in the credits.,15974-15977,not located
incomplete information,"The song ""What Might Have Been"" has a performer but no composer visible in this chunk.",Left composer credit absent and preserved only the visible information.,15957-15960,not located
ambiguous attribution,"For ""The Desert,"" no composer is visible in the supplied lines, only section titles and performing forces.",Created the performance with visible subtitles and performers only.,15984-15990,not located
incomplete information,The second event at the end of the chunk shows only the cover and artist list; the actual programme contents are not visible.,Created an event with one empty Programme section and preserved all visible front-matter information.,16170-16225,13775
conflicting information,"The event date is given as Friday - 27. December - Anno Domini - 1971. The weekday/date/year combination may be inconsistent, but it must be preserved as printed.",Preserved the date exactly and encoded the complete explicit date as 27/12/1971.,16193-16193,13775
potential misspelling,Performer surname appears as 'Zeiman' here but elsewhere in the chunk a similar name appears as 'Zelman'.,Preserved each spelling as it appears in its respective line.,16319-16319,13806
potential misspelling,Performer surname appears as 'Zelman' here while elsewhere in the chunk a similar name appears as 'Zeiman'.,Preserved each spelling as it appears in its respective line.,16211-16211,13771
potential misspelling,Performer surname appears as 'Zelman' here while elsewhere in the chunk a similar name appears as 'Zeiman'.,Preserved each spelling as it appears in its respective line.,16381-16381,13810
potential misspelling,"Tenor is listed as 'Mr. James Gregor Wood' in the artist list, but later a likely related performer appears as 'Mr. J. Gregor Wood.'",Preserved both forms and recorded the later scoped performer credit as printed.,16209-16209,not located
potential misspelling,Later performance credit gives 'Mr. J. Gregor Wood.' which may correspond to 'Mr. James Gregor Wood' in the artist list.,Preserved both forms as printed.,16385-16385,13811
incomplete information,The final madrigal text and likely subsequent program content are cut off by the chunk boundary.,Captured only the visible portion and noted truncation in additional_information.,16392-16400,not located
incomplete information,"The chunk appears to begin in the middle of lyrics or a prior item, so event boundaries and earlier program context are missing.",Extracted a partial concert event from the visible musical items only and preserved the opening lyric fragment in event additional_information.,16401-16406,12999
OCR error,"The heading ""rias—"" appears truncated or malformed, likely missing initial characters.",Preserved the text exactly and interpreted it as a performance type heading for the listed items.,16408-16408,13805
incomplete information,"Composer/date lines contain only a year in parentheses, with no explicit label indicating whether it is a birth year, death year, or composition date.",Preserved the parenthetical years in performance additional_information without inferring their meaning.,16410-16419,not located
incomplete information,"The chunk contains only a fragment of text/lyrics with no visible event title, performer, composer, venue, date, or surrounding program context.",Created a non-event record and preserved the text verbatim in additional_information and lyrics_transcript.,16432-16438,13987
ambiguous event boundary,The text appears to continue across a page break and may belong to a larger item beginning before or continuing after this chunk.,Extracted only the visible text and noted the page boundary in additional_information.,16432-16438,6591
content filter,The OCR source lines were rejected by the model content filter and therefore could not be structurally transcribed by the language model.,"The original OCR text was preserved verbatim in the additional_information field of a non-event record. No attempt was made to rewrite, correct, summarize, or omit the rejected material.",16439-16446,69683
incomplete information,"The event date is only partially given as ""Thursday, 19th December"" with no year, so a complete date cannot be established.",Recorded event_date as null and preserved the partial date in additional_information.,16451-16452,14015
ambiguous event boundary,"The line preceding the event notice appears to be part of another item, possibly lyrics or text from a different document/event.",Did not treat the preceding line as part of the concert event title or program; preserved it in additional_information for context.,16447-16447,13299
incomplete information,"The chunk describes two auditions with two explicit performance dates/times, but the schema allows only one event_date at event level and the source does not provide a single complete date for the overall event entry.",Set event_date to null and preserved both dated performance instances verbatim in additional_information.,16523-16525,not located
ambiguous attribution,"It is unclear whether the three named direction credits apply as choir directors distinct from the overall conductor, or whether all should be treated under a single conducting role.","Recorded M. H. LANG, M. N. ROCHAT, and M. C. TROYON as directors and M. Hermann LANG separately as conductor, preserving source distinctions.",16507-16520,14042
OCR error,"Possible OCR or typographic anomaly in ensemble name ""CHOŒUR"" with unusual ligature/diacritic rendering.",Preserved the wording exactly as it appears.,16507-16507,14034
ambiguous event boundary,"The chunk appears to be part of a larger program or booklet. The event name, venue, and some contextual details may appear outside the visible lines, and the musical work continues beyond the end of the chunk.",Extracted only the visible event information and marked unavailable fields as null where not explicitly present in this chunk.,16526-16650,14068
incomplete information,The performance listing for the Messe en fa mineur is truncated at the end of the chunk during 'III. Credo.',Captured all visible text for the movement and noted in additional_information that it continues beyond the chunk.,16616-16650,not located
OCR error,"The string 'Aqui- tal. Ch, qui tol- lis pec- ca- ta mun- di,' appears difficult to interpret and may contain OCR corruption.",Preserved the wording exactly in the transcript and flagged it for manual review.,16610-16612,not located
ambiguous event boundary,"The French material on pages 8-18 appears to be part of a larger program note or publication concerning a mass and Anton Bruckner, but the event heading and full document context are not visible in this chunk.",Created a non-event record to preserve all visible information without inventing an event identity.,16586-16828,not located
non-musical information,Biographical essay and critical commentary on Anton Bruckner are included and are not themselves a standalone musical event.,Preserved in a non-event record additional_information and associated section/performance notes.,16768-16828,not located
non-musical information,OCR metadata blocks are present and unrelated to musical event content.,Mentioned in additional_information for the concert context; did not treat metadata blocks as separate events.,16830-16846,not located
conflicting information,"The president's surname appears in two different forms: ""M'EAHARN"" on page 3 and ""McEacharn"" on page 5.",Preserved both forms exactly as printed in separate credits.,16867-16891,not located
incomplete information,"The concert heading gives a complete written date, but the visible program/repertory is not present in this chunk; the event extends beyond the supplied lines.",Created the concert event with available front-matter details and one empty full-performance section.,16848-17075,not located
incomplete information,The choir membership list cuts off after the SECOND TENOR section and likely continues beyond the chunk.,Extracted only the visible names.,17025-17075,not located
incomplete information,"The chunk begins mid-list with orchestral names before the event title appears, so some earlier page content is missing from this chunk.",Preserved visible names and incorporated them into the event credits without inventing missing preceding content.,17001-17024,not located
duplicate information,"GESANG DER PARZEN appears twice in the chunk, once with a shorter lyric extract and again with a longer lyric extract on later pages.",Preserved both occurrences as separate performance entries/duplicate programme text within the same event for manual review.,17171-17177,not located
duplicate information,Programme heading and GESANG DER PARZEN text are repeated on pages 10-11.,Preserved repeated text in Part 2 as it appears and flagged the duplication.,17208-17249,not located
conflicting information,"The 4th (The Clock) Symphony appears once after the note following the GESANG DER PARZEN lyrics and again under Part 2, suggesting inconsistent or duplicate placement within the programme.","Recorded both appearances, one in Part 1 context and one explicitly under Part 2, and flagged for manual review.",17200-17203,not located
conflicting information,"The movement text for the symphony contains unclear differing OCR: ""Irru....."" in one place and ""Pno ...."" in another.",Preserved both OCR forms exactly in their respective performance additional_information fields.,17202-17203,14290
conflicting information,"The movement text for the symphony contains unclear differing OCR: ""Irru....."" in one place and ""Pno ...."" in another.",Preserved both OCR forms exactly in their respective performance additional_information fields.,17255-17256,14304
potential misspelling,"The credit ""Pro. Marshall-Hall"" may be an OCR or typographical issue relative to other occurrences of PROFESSOR MARSHALL-HALL.","Preserved ""Pro. Marshall-Hall."" exactly as printed in the credits.",17406-17407,not located
potential misspelling,"The work subtitle ""(MITRAME)"" may be an OCR issue or unusual spelling.",Preserved the text exactly as printed.,17261-17264,not located
potential misspelling,"The text source title ""FLAUTO MAGICO"" may be a non-English form or OCR issue; manual review may be useful.",Preserved the text exactly as printed.,17166-17169,not located
OCR error,"The lyric line begins ""So 'le empire"" in the repeated text, differing from the earlier occurrence ""So the empire"".",Preserved the OCR wording exactly in the second transcript and flagged the discrepancy.,17222-17224,14323
non-musical information,Several pages contain OCR processing metadata rather than programme content.,Created a separate non-event entry summarizing the metadata pages.,17287-17293,not located
ambiguous event boundary,"The chunk contains material from the end of one programme sequence and then restarts at page 1 of the 276th Concert, indicating document boundary complexity.",Treated the identifiable concert programme beginning at page 1 as the main event and attached preceding/continuing pages that clearly belong to the same programme where possible.,17335-17346,not located
ambiguous event boundary,"The chunk begins mid-document with administrative officers before the title page appears later in the chunk, so the event begins before the visible opening lines of this excerpt.",Treated all visible pages belonging to the same Melbourne Liedertafel concert program as one event and preserved page-order information in additional_information.,17426-17433,not located
duplicate information,OCR metadata pages are included and are not part of the musical program content.,Did not create separate events for these metadata blocks; noted them in event additional_information.,17842-17858,not located
potential misspelling,"Surname appears as 'Statlers' in choir list, which may conflict with 'Statters' elsewhere in the document.",Preserved both forms exactly as printed and listed them separately in credits.,17607-17610,not located
potential misspelling,"Name appears as 'Tnohy, W. E.' and may be an OCR or printing issue.",Preserved exactly as printed.,17563-17565,14379
potential misspelling,"Name appears as 'Whitchead, F. S.' and may be an OCR or printing issue.",Preserved exactly as printed.,17571-17574,14381
potential misspelling,"Name appears as 'Hamity, F.' and may be an OCR or printing issue.",Preserved exactly as printed.,17587-17590,14381
potential misspelling,"Text reads 'prætonum' in the Latin chorus, which may be erroneous.",Preserved exactly as printed in lyrics_transcript.,17811-17814,14448
potential misspelling,Text reads 'Ist for thy mother's soul' which may be an OCR or printing error for another word.,Preserved exactly as printed in lyrics_transcript.,17754-17757,14448
non-musical information,"Administrative notices, membership information, acknowledgments, and printer information are included in the program but are not performance content.",Preserved in event additional_information rather than creating a separate non-event because they are part of the same program document.,17831-17840,not located
ambiguous event boundary,"The chunk begins with ""=== Page 12 ==="" and then restarts at ""=== Page 1 ===,"" indicating possible document boundary ambiguity or OCR pagination irregularity.","Treated the visible Melbourne Liedertafel material beginning at ""=== Page 1 ==="" as a new document/event and preserved page information in the extraction.",17851-17860,not located
OCR error,"The credit ""PRO. MARSHALL-HALL."" may reflect OCR loss of a letter or abbreviation irregularity.",Preserved exactly as printed in the credits list.,17930-17931,not located
potential misspelling,"The surname/name form ""Krawkowski"" may be misspelled or OCR-distorted.",Preserved exactly as printed in the orchestra list.,17966-17966,14481
potential misspelling,"The instrument heading ""Tympan"" appears unusual and may be incomplete or misspelled.",Preserved exactly as printed as an orchestra role heading.,18037-18038,not located
potential misspelling,"The choir member name ""Wooes, C."" may be misspelled or OCR-distorted.",Preserved exactly as printed in the choir list.,18071-18071,14494
potential misspelling,"The composer credit ""Albt"" appears incomplete or misspelled.","Preserved exactly as printed and included as composer credit for ""Evening.""",18192-18195,not located
potential misspelling,"The composer credit ""Schafer"" may be a misspelling or OCR distortion.","Preserved exactly as printed and included as composer credit for ""Die Post.""",18196-18199,not located
incomplete information,"For the Part Songs item ""O Sanctissima,"" no composer is visible in the supplied chunk, while the paired item ""Warrior's Prayer"" includes a composer.","Left composer unspecified for ""O Sanctissima"" and preserved the visible text only.",18277-18283,not located
OCR error,"The program note text contains unusual forms such as ""Shakespere"" and ""Midsummer Night Dream,"" which may reflect OCR or source spelling issues.",Preserved the note exactly and flagged for manual review.,18345-18346,14594
potential misspelling,"The phrase ""drowsy little hamsters of the woodland"" in the program note appears factually or textually suspicious.",Preserved exactly as printed and flagged for manual review.,18345-18345,14594
incomplete information,"The chunk ends during Part II, so the full remainder of the program may continue beyond the supplied text.",Extracted only the visible Part II items and did not infer any continuation.,18348-18350,14510
ambiguous event boundary,"The material on Pages 9-14 appears to be a continuation of an event that began before this chunk; event title, date, and venue are not visible here.",Created a separate concert event for Pages 9-14 with null event-identifying fields and noted continuation status in additional_information.,18276-18480,not located
ambiguous attribution,"For ""O Sanctissima"" and the following Latin text, the relationship between the heading, the title, and ""The LIEDERTAFEL."" is not fully explicit due to layout.","Preserved the heading and created separate performance entries reflecting the visible structure, noting the ambiguity in additional_information.",18277-18288,not located
potential misspelling,"""Shakespere's"" may be a misspelling or OCR issue.",Preserved the wording exactly and flagged for review.,18345-18345,14594
potential misspelling,"""Abenlied"" may be a misspelling or OCR issue.",Preserved exactly as printed and flagged for review.,18397-18397,not located
potential misspelling,"""Weigenlied"" may be a misspelling or OCR issue.",Preserved exactly as printed and flagged for review.,18399-18399,not located
OCR error,"The choral word ""STLLAH!"" appears unusual and may reflect OCR corruption.",Preserved exactly as printed in lyrics_transcript and flagged for review.,18452-18452,14746
non-musical information,Pages 15 and 16 contain OCR/process metadata rather than event content.,Created a separate non-event entry containing the metadata in additional_information.,18482-18498,not located
potential misspelling,"""Madlle."" on Page 6 differs from ""Mdlle."" elsewhere and may be a variant or OCR issue.",Preserved exactly as printed and included the name in credits.,18719-18723,14779
OCR error,"The aria title appears as ""Ah fors e lui,"" which may contain OCR corruption or spacing error.",Preserved exactly as printed and flagged for review.,18520-18520,not located
incomplete information,"The text of ""The Viking's Last Voyage"" is cut off at the end of the chunk.",Transcribed only the visible portion and noted that the text continues beyond the visible chunk.,18742-18775,not located
ambiguous attribution,"For several grouped items in the 1902 programme, the layout suggests shared performers/composers across bracketed sub-items, but the exact scope depends on formatting.",Represented each visible sub-item as its own performance and repeated shared details in additional_information where appropriate.,18512-18549,not located
ambiguous event boundary,"The beginning of the 212TH CONCERT programme is not visible in this chunk. Pages 6-18 contain programme and memoranda, while the first visible dated cover for this event appears later at lines 019122-019129. It is unclear whether lines 018701-018716 belong to the same document or a previous page.",Extracted pages 6-18 as one concert event and preserved the earlier list of names/years in event additional_information rather than attributing them as definite credits.,18701-18716,not located
incomplete information,"Complete date for the 212TH CONCERT is only visible on a later cover page in the chunk, while the programme itself begins earlier. The relationship is likely but the document flow is unusual.","Used the explicit complete date and venue visible on lines 019122-019129 for the 212TH CONCERT event, and preserved ambiguity in event additional_information.",19122-19129,15152
potential misspelling,"The aria title appears as ""Ah fors e lui"", which may reflect OCR distortion or source spelling.",Preserved the wording exactly as OCRed.,18854-18856,15025
potential misspelling,"The text contains ""Pcebus"" in the chorus text, which may be an OCR or spelling issue.",Preserved the wording exactly as OCRed in lyrics_transcript.,18993-18993,15051
non-musical information,"Page 18 contains subscription terms, ticket information, address, and printer details rather than programme content.",Preserved this material in event additional_information for the associated concert.,19081-19110,7613
formatting error,Page metadata appears in the OCR stream and is not part of the source musical document.,Ignored metadata as event content.,19113-19119,5726
ambiguous event boundary,"A second document begins at lines 019121-019145 with 1902 cover material, but page 3 then switches to a 178th Concert dated Monday Evening, 20th April, 1896. The relationship between these pages is unclear.",Created a separate event for the 178th Concert and preserved the page 1-2 material and ambiguity in additional_information.,19121-19158,not located
OCR error,"The OCR for the VOCAL QUARTETS entry contains an extremely long run of dot leaders/filler, obscuring information after ""The Goslings"".",Preserved the recoverable text only and flagged the loss of content.,19144-19145,not located
incomplete information,The 178th Concert has a complete date in written form but not in the required dd/mm/yyyy explicit numeric form without inference of month/day formatting from text conversion rules.,Set event_date to null to avoid format conversion from prose date.,19156-19157,15152
incomplete information,The 212TH CONCERT entry is only partially visible and appears truncated after the Vocal Quartets listing.,Created a separate event using only the visible programme items and noted truncation in additional_information.,19127-19145,not located
OCR error,"Line for Vocal Quartets item (b) in 212TH CONCERT contains an extremely long run of dot leaders/filler, suggesting OCR corruption or layout capture failure.",Preserved the visible title and flagged the corrupted line.,19144-19145,not located
duplicate information,The 178th Concert title/date/location are repeated on Page 16 after the Memoranda page.,Treated Page 16 as repeated material belonging to the same event and recorded the repetition in additional_information rather than creating a duplicate event.,19602-19610,15262
conflicting information,"Hon. Pianist appears with two different OCR forms: 'MR. G. B. FENTUM' and 'Mr. G. B. Kentum,'.",Preserved both forms in credits and flagged for manual review.,19175-19321,not located
potential misspelling,"Possible OCR/name discrepancy between 'MR. H. ROFFE' in committee list and 'MR. HENRY ROFE.' in baritone solo credit, and 'H. Rope' in members list.",Preserved each form exactly as printed and flagged possible inconsistency.,19187-19400,not located
incomplete information,"The Musical Society of Victoria entry begins at Page 1 but no event date, venue, location, or programme contents are visible in this chunk.",Created a separate event with available front-matter only and nulls for unavailable fields.,19610-19625,not located
incomplete information,"The opening lyrics and related event begin before this chunk; event title, date, venue, and credits are not visible here.",Created a separate concert event with null event metadata and preserved the visible lyrics and memoranda in additional_information.,19551-19601,not located
non-musical information,"Subscription, ticketing, and society administrative details are included on page 15 and are not themselves performances.",Preserved them in the event additional_information for the surrounding concert document.,19577-19601,not located
incomplete information,"For the item ""Valse Caprice,"" the composer is not clearly visible; the line appears to run directly into the performer credit.",Recorded the performance title and noted the issue in additional_information without inventing a composer.,19644-19645,not located
formatting error,Machine-readable page metadata appears in the OCR stream and is not part of the musical program content.,Ignored the metadata as event content.,19663-19670,not located
ambiguous event boundary,"A new document begins with ""METROPOLITAN LIEDERTAFEL"" after page metadata, but the first pages shown are fragmentary and the programme proper starts later at page 7 with only PART II visible.",Treated the Metropolitan Liedertafel material as a separate event and noted that only part of the programme is present in this chunk.,19672-19868,not located
conflicting information,"The Metropolitan Liedertafel material gives different patron names on different pages: one page says ""Under the patronage of Sir Wm. C. F. Robinson, Lt., G.C.M.G. Administrator of the Government,"" while another page lists ""PATRON HIS EXCELLENCY SIR HENRY BROUGHAM LOCH, K.C.B"".",Preserved both patron/patronage credits exactly as printed and flagged the conflict for review.,19687-19715,15599
incomplete information,"The date for the Metropolitan Liedertafel concert is written out as ""Monday Evening, Twenty-Fifth March, 1889"" rather than given numerically; strict conversion to dd/mm/yyyy may require interpretation.",Left event_date as null and preserved the written date in additional_information.,19697-19700,15599
potential misspelling,"Some member names in the Metropolitan Liedertafel lists may contain OCR or spelling issues, such as ""G. Whigley,"" ""J. O. Cautwright,"" ""W. M. Uirk,"" ""W. Urik,"" and ""W. Goodr.""",Preserved all names exactly as printed in the credits list.,19797-19852,not located
incomplete information,"The Metropolitan Liedertafel programme in this chunk ends mid-item with ""Die Allmacht"" and likely continues beyond the chunk boundary.",Recorded the visible portion only and noted continuation in the performance additional_information.,20046-20050,not located
ambiguous event boundary,"The opening lyrics on lines 19976-20001 clearly continue a performance that began before this chunk, but the performance title and credits are not visible here.",Created a performance with null title inside the first visible concert event and preserved the lyrics in full.,19976-20001,15651
incomplete information,"The first concert event in this chunk lacks visible event name, date, venue, and location because only interior pages are shown.",Recorded the visible program details only and left unavailable event-level fields as null.,20003-20103,1599
non-musical information,Subscription terms appear within the concert booklet and are not themselves a musical event.,Preserved the text in event additional_information rather than creating separate performances.,20091-20102,15697
non-musical information,Advertisement for ALFRED NOTT is unrelated to a musical event.,Created a separate non-event record containing the advertisement text.,20131-20154,15903
non-musical information,Advertisement for BOSISTO'S PARROT BRAND Eucalyptus Oil is unrelated to a musical event.,Created a separate non-event record containing the advertisement text.,20218-20230,15835
non-musical information,Advertisement for DEAN'S EQUITABLE PLACE is unrelated to a musical event.,Created a separate non-event record containing the advertisement text.,20367-20379,15939
non-musical information,OCR/processing metadata block is unrelated to a musical event.,Created a separate non-event record containing the metadata.,20104-20110,5726
ambiguous event boundary,"The lines for EXHIBITION BUILDING, MELBOURNE, MONDAY EVENING, 25TH MARCH, 1889., SIXTEENTH SEASON, FOURTH CONCERT. appear to begin a separate document, but the program content is not visible before the next document begins.",Created a separate event with only the visible cover information.,20112-20120,15788
ambiguous attribution,The parenthetical credit '(Itala De Medici)' after 'Miss ELSIE DAVIES' has unclear function from the visible text alone.,Preserved it as an additional role credit tied to the aria and also noted it in the performance additional_information.,20462-20465,not located
potential misspelling,"The text reads 'Hungarian Rhapsodie No. 4'; spelling may require review, but must be preserved as printed/OCRed.",Preserved the wording exactly and flagged for manual review.,20004-20006,15657
potential misspelling,"The lyrics read 'star-vising choirs', which may be suspect OCR or unusual wording.",Preserved the wording exactly in the lyrics and flagged for review.,20426-20428,15852
potential misspelling,"The lyrics read 'nothing the lost repose', which appears unusual and may reflect OCR error or source wording.",Preserved the wording exactly in the lyrics and flagged for review.,20419-20420,15852
potential misspelling,"The lyrics read 'With Corycian nymphs attending,'; manual review may be useful because OCR could affect uncommon proper terms.",Preserved the wording exactly and flagged for review.,20403-20403,15852
ambiguous event boundary,"The musical program clearly begins before this chunk. The opening text on lines 20401-20435 is a continuation of a prior item, and the full event heading/title/date are not visible here.",Extracted the visible program material as a single concert event and preserved the opening text as an untitled performance fragment in additional section content.,20401-20435,15852
non-musical information,Several pages in the chunk are advertisements or other non-program material interleaved with the musical program.,Created a separate non-event entry summarizing the visible non-musical material.,20497-20900,16132
potential misspelling,"The text ""Fra Nightingale sings sweet"" may contain an OCR or spelling issue, but it is preserved as printed/OCRed.",Transcribed exactly as shown.,20447-20460,15866
OCR error,"The phrase ""star-vising choirs"" appears unusual and may reflect OCR error.",Preserved the wording exactly and flagged for review.,20426-20435,15852
OCR error,"The phrase ""nothing the lost repose"" appears grammatically irregular and may reflect OCR error.",Preserved the wording exactly and flagged for review.,20417-20424,15852
OCR error,"The phrase ""Chasing the X they love"" appears suspect.",Transcribed exactly as shown and flagged for review.,20534-20542,16032
OCR error,"The phrase ""Our lines unwavering head"" appears suspect.",Transcribed exactly as shown and flagged for review.,20635-20643,16039
OCR error,"The word ""unhobed"" appears suspect.",Transcribed exactly as shown and flagged for review.,20687-20695,16053
OCR error,"The line ""Say, why should sadness more us,"" appears suspect.",Preserved exactly as shown and flagged for review.,20765-20777,16060
OCR error,"The line ""Behold! the soft beams play, lore."" appears suspect.",Preserved exactly as shown and flagged for review.,20769-20772,16060
conflicting information,"The parenthetical identification following Miss ELSIE DAVIES appears in two different forms: ""Itala De Medici"" and later ""Italia De Medici"".",Recorded both forms in credits and in the relevant performance additional_information.,20464-20781,not located
incomplete information,"The notice for the next concerts gives only partial dates without a year, and one date includes ""(approximately)"".",Preserved the notice in event additional_information and did not create normalized event dates.,20610-20614,15980
ambiguous event boundary,"The opening lyrics and programme items appear to belong to an event already in progress before this chunk begins, so full event details are not visible.",Created a separate concert event containing only the visible items and noted that the event begins before this chunk.,20827-20862,16088
non-musical information,Page 15 is an advertisement unrelated to a musical event.,Captured it as a non-event with text preserved in additional_information.,20864-20894,not located
non-musical information,Page 16 is an advertisement unrelated to a musical event.,Captured it as a non-event with text preserved in additional_information.,20895-20926,16132
incomplete information,"The date is printed as ""Tuesday, March 25th, 1902."" but the schema requires dd/mm/yyyy and the month is not numeric in source form.",Set event_date to null and preserved the printed date in additional_information.,20933-20934,not located
OCR error,The OCR metadata block on page 2 is not programme content.,Preserved note of its presence in additional_information and excluded it from performances.,20936-20943,not located
potential misspelling,"Several names and titles may contain OCR or spelling issues, including ""Eduard Greig"", ""Humphrev"", ""Jochinsen"", ""Haybittel"", ""Statlers"", ""Waish"", and others.",Preserved all spellings exactly as printed/OCR and included them in credits.,20946-21237,not located
conflicting information,"Page 3 credits ""Hon. Conductor: PROF. MARSHALL-HALL"" while the programme page states ""Under the Baton of Mr. August Siede.""",Recorded both credits with their distinct roles and noted the issue for review.,20993-21242,not located
incomplete information,"The soloist for ""Landerkennung"" appears as ""Mr. E. A. Tre."" which may be truncated or incomplete.",Preserved the visible form exactly and flagged it.,21246-21248,not located
duplicate information,"""Landerkennung"" appears first in the original programme listing and again in the re-arranged programme order.",Represented it once as the Part I performance and noted the rearrangement in section/additional information.,21244-21286,not located
duplicate information,"""Air—Hear ye Israel Mendelssohn"" appears in the re-arranged programme and then again at the end of the chunk.",Represented it once in Part II and noted the repeated appearance.,21292-21325,not located
OCR error,A second OCR metadata block appears on page 8 and is not programme content.,Excluded it from programme structure and noted its presence in additional_information.,21305-21312,not located
ambiguous event boundary,The opening lines of the chunk are lyric text continuing from an earlier page or event not fully present in this chunk.,Did not create a separate event because no clear event header or boundary is visible in the excerpt; preserved only within flag.,21251-21323,8547
duplicate information,Some Melbourne Liedertafel Concert items appear both in the reordered programme on page 7 and again with expanded notes/lyrics on pages 9-12.,Merged them into a single event and captured expanded information in the relevant performances.,21282-21466,16279
potential misspelling,"Composer name appears as ""Eduard Greig"".",Preserved exactly as printed in credits and performance entry.,21285-21285,not located
potential misspelling,"Work/source title appears as ""(Aris and Galatea)"".",Preserved exactly as printed in additional_information for the performance.,21329-21330,not located
potential misspelling,"Title/source appears inconsistently as ""(Mittrane)"" and later ""Mitrané"".",Preserved both forms where they appear and noted the discrepancy through this flag.,21375-21466,not located
duplicate information,"The song cycle titles in the Royal College of Music concert appear on page 1 and again on page 2, with slight capitalization/punctuation differences.",Merged into one performance entry and preserved variant form in additional_information.,21515-21542,not located
non-musical information,Technical OCR metadata pages are present in the chunk.,"Ignored as separate events because they are processing metadata, not source-program content.",21306-21312,not located
non-musical information,Technical OCR metadata pages are present in the chunk.,"Ignored as separate events because they are processing metadata, not source-program content.",21469-21475,not located
non-musical information,Technical OCR metadata pages are present in the chunk.,"Ignored as separate events because they are processing metadata, not source-program content.",21478-21484,not located
incomplete information,"Several announced Royal College of Music dates and opera performances lack complete year/day-month formatting in the exact required schema, or are schedule listings rather than full event programs.",Created a non-event schedule entry and did not infer complete dates for each listed item.,21614-21648,not located
ambiguous event boundary,"The 1889 Metropolitan Liedertafel material begins with interior pages (Page 4 onward), and later cover pages for what appears to be the same date and venue appear at Page 16/Page 1-2 under a different title, making document boundaries uncertain.",Separated the detailed 1889 programme as one event and the later 1889 cover/programme headed THE ROYAL METROPOLITAN LIEDERKAPEL as a second event for manual review.,21676-22138,15599
duplicate information,"The 1889 date, venue, season, and concert number appear both in the earlier pages and again in the later cover/programme pages, suggesting possible duplicate or parallel programme material.",Retained both visible instances as separate events because the titles/programmes differ in the chunk and identity cannot be safely merged without inference.,21676-22138,15599
potential misspelling,"The title THE ROYAL METROPOLITAN LIEDERKAPEL may be unusual or may reflect OCR issues, but must be preserved as printed/OCRed.",Preserved the wording exactly as it appears.,22096-22097,not located
potential misspelling,"The work title ""Edipus"" may be misspelled or may reflect OCR distortion.",Preserved the title exactly as it appears.,22103-22104,not located
conflicting information,"The patriotic closing item differs between the two 1889 programmes: one ends with GOD SAVE THE QUEEN, the other with GOD SAVE THE KING.",Preserved both wordings in their respective events and flagged for review.,22059-22138,not located
non-musical information,"Subscription terms, ticket prices, and admissions information are included and are not programme items.",Preserved them in event additional_information rather than omitting them.,22064-22076,15697
non-musical information,Technical metadata appears in the OCR chunk and is unrelated to a musical event.,Did not create a separate non-event because the metadata is embedded between event materials; flagged it for manual review.,22077-22084,not located
incomplete information,The 1901 event continues beyond the visible chunk; only cover and partial officer listing are present.,Created an event with a single empty full-performance section and noted truncation in additional_information.,22140-22175,not located
potential misspelling,"Several personal names may reflect OCR or print irregularities, such as MS. J. S. RIDLEY, MS. THOS. J. CONNOR, A. L. Prydr, C. E. Tiber, F. Foolman, H. Roff/H. ROFE.",Preserved all names exactly as they appear and noted likely issues here for manual review.,21707-21823,not located
ambiguous event boundary,The opening programme on lines 022102-022138 appears to belong to an event whose identifying header is not visible in this chunk.,Created a separate concert event with null identifying fields and transcribed the visible programme only.,22102-22138,not located
potential misspelling,"The work title appears as ""Edipus"" in the opening programme, while later in the chunk a similar title appears as ""Oedipus at Colonos"".","Preserved ""Edipus"" exactly as printed in the first programme entry.",22103-22103,not located
conflicting information,"The string player surname appears differently in two places: ""Herr L. Hattenbach"" in the programme listings and ""Herr L. Hallenbach"" in the assisting artists list.",Preserved both forms exactly where they appear and included a flag for manual review.,22115-22308,not located
duplicate information,The programme for the 206th Concert appears in both abbreviated list form at the beginning of the chunk and in fuller form with lyrics on later pages.,Separated the unidentified opening programme from the identified 206th Concert and preserved both occurrences.,22102-22599,not located
incomplete information,"The text of ""The Tyrol"" is cut off by the end of the chunk and does not conclude within the supplied source.",Transcribed only the visible portion and noted that the text continues beyond the chunk.,22572-22599,17213
ambiguous event boundary,The first concert event begins mid-program and continues from earlier pages not included in this chunk.,Extracted only the visible Part II material and noted that the event is a fragment.,22526-22537,not located
non-musical information,Memorial text for Mr. A. Cameron is not a musical event program item.,"Created a separate event with event_type ""non-event"" and preserved the text in additional_information.",22701-22712,17305
non-musical information,Subscription and ticketing memorandum appears to be society administrative information rather than a musical event.,"Created a separate event with event_type ""non-event"" and preserved the text in additional_information.",22714-22742,7613
ambiguous event boundary,"A new document begins with the 206TH CONCERT header, but no program contents are visible before another document starts.",Created a minimal separate event for the visible header only.,22744-22750,not located
duplicate information,"The program lists two consecutive entries both reading ""K. J. Alford ............................. March"".",Preserved both entries as printed within the additional_information for that performance.,22871-22872,17420
potential misspelling,"The name ""J. Haydr"" may be misspelled or misread.",Preserved the OCR wording exactly.,22918-22918,17441
conflicting information,"The line credits G. Verdi with works listed as ""from ""Aida"", ""Madame Butterfly"", ""La Bohème"""", which may indicate conflicting attribution within the OCR or source.",Preserved the line exactly as printed and flagged for review.,22997-22999,not located
potential misspelling,"Instrument designation appears as ""Wnd Instruments"".",Preserved the OCR wording exactly.,22817-22817,17385
formatting error,"Time appears as ""21:10 p.m."", which is internally unusual.",Preserved the printed time exactly in additional_information and flagged it.,23019-23019,17511
non-musical information,OCR metadata pages are present within the document.,Did not create separate events for metadata pages; mentioned their presence in additional_information of the enclosing program document.,22760-22767,5726
incomplete information,"The opening two works and pianist credit appear to belong to an event whose heading, date, and venue are not visible in this chunk.",Created a separate concert event for the visible fragment and recorded missing event details as null.,22951-22956,not located
ambiguous event boundary,The 'STUDENT RECITALS' page presents explanatory text followed by multiple dated programs. It is unclear whether these are separate events or one umbrella listing.,"Represented the heading as a single recital event with each dated program as a section, preserving all wording.",22989-23023,not located
conflicting information,"The recital time 'Tuesday, December 5, 1972, 21:10 p.m.' combines 24-hour style '21:10' with 'p.m.', which is internally inconsistent.",Preserved the time exactly in section_name and flagged for manual review.,23019-23019,17511
ambiguous attribution,"In The Warsaw Philharmonic Chamber Orchestra program, 'A. Corelli .............................................Ballade A flat major Op. 47,' appears unusual and may indicate misalignment or attribution ambiguity.",Preserved composer and title exactly as printed and flagged for review.,23043-23043,not located
incomplete information,"The Cherubini item appears truncated, lacking closing quotation or full title/text.",Preserved the visible text exactly as a performance title and flagged it.,23088-23088,not located
duplicate information,"For the Vlado Perlemuter listing, 'Mozart Hall' appears on two consecutive lines.",Recorded the venue once and noted the duplicate in additional_information.,23100-23101,not located
non-musical information,Pages 15 and 16 contain OCR metadata rather than musical event content.,Did not create separate events for the metadata pages; flagged the material as non-musical.,23119-23133,not located
incomplete information,"The date for '233rd Concert' is given as 'Monday, August 6, '94.' without a full four-digit year, so a complete schema date cannot be established from the text alone.",Recorded event_date as null and preserved the original date wording in the event context.,23143-23143,18356
incomplete information,The lyrics/transcript for 'Last Night' is cut off at the end of the chunk.,Transcribed only the visible lines and flagged the truncation.,23438-23450,18380
incomplete information,"The program begins mid-event at 'PART I.' with no visible overall event title, date, venue, or location in this chunk.","Created a single concert event with null event name, date, venue, and location, and noted that the chunk begins mid-program in additional_information.",23376-23381,not located
ambiguous attribution,"No conductor name is visible, but multiple items state 'This work is the gift of the Conductor.'",Preserved the wording in additional_information and did not invent a conductor name.,23500-23503,18412
OCR error,The title 'Ed stria E strano è strano' appears irregular and may contain OCR corruption.,Preserved the title exactly as printed and flagged for review.,23487-23488,not located
potential misspelling,The text alternates between 'Olav Trygvason' and 'OLAF TRYGVASON' within the same program material.,Preserved both forms as they appear in their respective contexts.,23383-23390,8547
potential misspelling,"The lyric/program material contains many unusual proper names that may be OCR distortions or variant spellings, such as 'Trudyang's Hlorrida, Bilskirner's Yireflame', 'Algenheim's joy, Landvida's sorrow', and 'Akethn's hammer-sign'.",Preserved all names exactly as printed in lyrics/transcript and flagged for manual review.,23683-23840,not located
incomplete information,The visible text for 'MILA' starts after introductory material and does not show the beginning of the performed text in this chunk.,Transcribed only the visible text and noted in additional_information that the visible text begins on Page 11.,23508-23558,not located
incomplete information,The visible text for 'OLAV TRYGVASON' continues beyond the end of the chunk and ends mid-text on Page 19.,Transcribed all visible text only and noted that the work continues beyond the chunk.,23641-23875,18412
formatting error,"A very long repeated dash line follows the title 'MILA', likely representing a printed separator or OCR artifact.",Did not treat the repeated dash line as meaningful content of the work; preserved the surrounding work information and flagged the formatting issue.,23506-23506,not located
non-musical information,The chunk includes extensive program notes and stage directions in addition to music titles and lyrics.,Preserved these materials in additional_information and lyrics_transcript where relevant rather than omitting them.,23502-23849,18466
ambiguous event boundary,"The text for ""THE VÖLVA"" is clearly a continuation from earlier pages and may continue beyond the excerpt shown.",Created a single event for the visible excerpt only and noted that it is a continued excerpt in additional_information.,23802-23930,18499
non-musical information,Pages 22-24 contain OCR metadata rather than program or event content.,Did not create separate events for the metadata pages because they are not substantive source content about a musical event; flagged for review.,23948-23973,5726
potential misspelling,"Possible OCR or spelling issue in deity/name ""Akethn's hammer-sign"".",Preserved exactly as printed in the lyrics/stage text.,23839-23840,18499
potential misspelling,"Possible OCR or spelling issue in ""Drontheimer's deity"" and associated names in the text such as Akethor, Nyord, Braga, Asynier, Asynia, Kobalds.",Preserved all names exactly as printed without correction.,23858-23905,10481
OCR error,"Page 2/Part II contains extremely long repeated dotted filler after ""SYMPHONY IN B MINOR,"" obscuring any additional information that may have followed.",Recorded the visible work title only and marked the performance as incomplete.,23992-23993,not located
potential misspelling,"Event title on page 1 reads ""THE ROYAL METROPOLITAN LIEUTENANT,"" while later pages consistently read ""The Royal Metropolitan Liedertafel.""",Preserved both forms; used the clearer concert-presenter name from later pages for the event and noted the page-1 wording in additional_information.,23975-23977,18575
conflicting information,"The Hon. Pianist appears as ""MR. G. B. FENTUM"" on page 4 and as ""Mr. E. B. Kentum,"" on page 6.",Included both transcribed forms in the credits list under hon. pianist and flagged the conflict.,24024-24025,5375
conflicting information,"The Hon. Pianist appears as ""Mr. E. B. Kentum,"" on page 6, conflicting with page 4.",Included both transcribed forms in the credits list under hon. pianist and flagged the conflict.,24163-24164,not located
potential misspelling,"President name appears as ""THE HON. JUDGE CASEV, C.M.G."" which may be an OCR issue.",Preserved exactly as printed.,24015-24016,18566
potential misspelling,"Committee member appears as ""MR. G. SMIBERT"" while members list includes ""G. Simbert"".",Preserved both forms exactly as they appear in their respective contexts.,24036-24039,18571
potential misspelling,"Member name appears as ""W. F. Wvatt"" which may reflect OCR confusion.",Preserved exactly as printed in the members list.,24071-24071,not located
incomplete information,"The Annual Choir Re-union gives date only as ""Monday, 13th inst."" without month or year in this chunk.",Set event_date to null and preserved the wording in additional_information.,23932-23935,18541
ambiguous attribution,The members list on page 5 may describe society membership rather than performers specifically for this concert.,Preserved the members list mention in event additional_information rather than turning all listed members into event credits.,24050-24149,51
ambiguous event boundary,"The opening pages contain program-note prose and lyrics about Columbus, but the event title and beginning of that item are not visible in this chunk.",Preserved the visible material within a broader concert event and noted the missing beginning in additional_information.,24237-24423,not located
incomplete information,"A work about Columbus is described extensively, but its title, composer, and performers are not visible in this chunk.",Did not invent missing title or credits; retained contextual note only in additional_information.,24237-24423,not located
potential misspelling,"The text reads ""forshadowed,"" which may be a misspelling or OCR issue.",Preserved the wording exactly in the transcript.,24257-24257,18592
potential misspelling,"The text reads ""Fay Morgana"" in one place and ""Morgana"" elsewhere; attribution/form may require review.",Preserved the differing forms exactly as printed.,24272-24272,18592
potential misspelling,"Composer surname appears as ""Mcbeth"".",Preserved exactly as printed.,24719-24719,18754
potential misspelling,"Name appears as ""MUSASHINO ACADEMIA MUSICAЕ"" with final character visually unusual.",Preserved exactly as printed.,24627-24628,not located
non-musical information,The metadata block appears to be OCR/process metadata rather than program content.,Created a separate non-event entry for this material.,24631-24637,not located
ambiguous event boundary,"The page beginning ""TOWN HALL MELBOURNE WEDNESDAY EVENING 20TH SEPTEMBER, 1899 196TH CONCERT"" may belong to the preceding concert material or begin a new event/document.",Separated it as its own minimal event and flagged for review.,24614-24620,18642
non-musical information,"The ""Memoranda"" page contains subscription and ticketing information rather than repertory.",Retained it in event additional_information because it appears associated with the concert program.,24587-24612,not located
incomplete information,"""Song—Lovely Spring"" has no composer visible in this chunk.",Recorded only the visible performer and title.,24455-24456,not located
non-musical information,"Abbreviations for B.H. and M.H., page markers, and file metadata are not themselves musical events.",Captured this material as a separate non-event in additional_information.,24651-24657,18721
non-musical information,File metadata appears at the end of the chunk and is unrelated to a musical event.,Included in the non-event additional_information.,25147-25150,5726
potential misspelling,"The heading reads ""Traditional Japnese Music,"" which may be a misspelling.",Preserved the wording exactly as it appears.,24997-24998,19932
potential misspelling,"The heading reads ""GADUATE STUDENTS' RECITALS,"" which may be a misspelling.",Preserved the wording exactly as it appears.,25131-25132,20365
potential misspelling,"The work title contains ""Kenst du das Land?"" which may be misspelled.",Preserved the OCR wording exactly.,24833-24833,not located
potential misspelling,"The title contains ""order einen und Tonband,"" which may reflect OCR or spelling issues.",Preserved the wording exactly and flagged for review.,24823-24823,not located
potential misspelling,"The title contains ""Diletto e caro nome,"" which may conflict with expected attribution or wording.",Preserved as printed and flagged for manual review.,24839-24839,not located
potential misspelling,"The title contains ""O luce di questo anima,"" which may be a spelling or OCR issue.",Preserved the OCR wording exactly.,24840-24840,not located
potential misspelling,"The title contains ""Oiseaux triste/Alborada del graciosso,"" which may include spelling issues.",Preserved exactly as printed.,24878-24878,not located
potential misspelling,"The composer name appears as ""W. Francis Mcbeth,"" which may be misspelled.",Preserved exactly as printed.,24719-24719,18754
duplicate information,"The work ""Von ewiger Liebe"" by J. Brahms appears twice within the same Students (Vocal) program listing.",Retained both occurrences as listed and flagged the duplication.,24847-24851,not located
incomplete information,"The opera listing states that soloists were selected by the Opera course, but no individual soloist names are provided.",Recorded the statement in additional_information and left unnamed soloists unlisted.,24786-24786,19048
incomplete information,"Graduate Students' Recitals are described, but no individual recital programs are included in the booklet.",Created an event with no performances and preserved the explanatory text in additional_information.,25131-25138,20372
incomplete information,"Group Concerts are described, but no individual programs are included in the booklet.",Created an event with no performances and preserved the explanatory text in additional_information.,25140-25145,20372
ambiguous event boundary,"The chunk begins mid-program with repertoire by F. Chopin, G. Fauré, C. Debussy, and M. Ravel before the clearly headed Uta Kutter event. No performer, date, or event heading for these lines is visible in this chunk, so they could belong to a prior event beginning before the chunk.",Did not create a separate event from these incomplete opening lines because the event boundary and essential event identity are not visible. Left unassigned and flagged for manual review.,25077-25088,not located
potential misspelling,"The heading appears as ""GADUATE STUDENTS' RECITALS"", which may be an OCR or source spelling problem.",Preserved the wording exactly as printed and created a flag.,25131-25131,20365
non-musical information,Pages 14-16 contain explanatory text and page metadata rather than specific event programs.,"Created non-event entries for the explanatory page 14 material. Did not create separate events for page metadata lines, but flagged them as non-musical/page-processing information.",25147-25163,not located
formatting error,"Page 2 line for VOCAL QUARTETS item (b) contains an extremely long run of dot leaders, suggesting OCR expansion or formatting corruption.","Used the clearer repeat of the same item on page 8 for structured extraction, while preserving the existence of the corrupted line through this flag.",25180-25181,not located
duplicate information,"Programme items on pages 2 and 7-8 repeat the same concert repertoire in different layouts, with pages 7-8 adding lyrics.","Consolidated them into a single event and a single set of performances, using the more legible repetitions where helpful.",25170-25575,not located
incomplete information,"The concert date for the 178th Concert is present as ""Monday Evening, 20th April, 1896"" but not in dd/mm/yyyy source format order; however it is complete. The schema permits conversion, but because day-month-year is explicit only in prose, manual review may still be useful. Also later parts of the programme may continue beyond the chunk.",Left event_date null to avoid over-assuming across the historical prose formatting and noted the prose date in additional_information.,25193-25195,15152
incomplete information,"The lyrics/transcript for ""Evening Rest"" are cut off by the end of the chunk.",Transcribed only the visible lyrics and noted truncation in the performance additional_information.,25559-25575,not located
OCR error,"The performer name appears as ""Louis Hiltbrand"" in Roman letters but the Japanese line beneath appears as ルイ・ヒルトプラン, suggesting possible OCR inconsistency in the name rendering.",Preserved both exactly as they appear and flagged for review.,25110-25112,not located
potential misspelling,"The work title ""Noveretten Nr.8 fis moll Op.21"" may contain a spelling issue.",Preserved the title exactly as printed and flagged for manual review.,25124-25124,not located
ambiguous event boundary,The concert program beginning with performer names on lines 025502-025518 lacks its title page and explicit event heading in this chunk. It may begin before the chunk.,"Extracted a concert event from the visible programme pages and performer list only, leaving unavailable event-level fields as null.",25502-25518,not located
incomplete information,"The work ""Part Song—On the Mountains"" is followed by the word ""Liedertafel"" and lyrics, but no composer is visible in this chunk.",Recorded the performance and lyrics without inventing a composer.,25525-25549,not located
incomplete information,"For ""Vocal Quartets--"" item (b) ""The Goslings Bridge"", no composer is visibly attached in the chunk.","Recorded the title and performers, leaving composer only in additional_information when visible for item (a).",25554-25558,20771
incomplete information,"The cantata ""The Waterlily"" has performers and full text but no composer is visible in this chunk.",Recorded the performance and lyrics without adding a composer.,25629-25683,not located
non-musical information,"Page 15 contains subscription, ticketing, and office memoranda rather than performance content.",Separated this material as a non-event record and preserved the text in additional_information.,25770-25794,7613
non-musical information,Page 16 contains a repeated word list that appears unrelated to a musical event.,Did not merge this word-list into a music event; noted its presence in relation to the following event boundary.,25796-25892,not located
duplicate information,"The word list on page 16 contains a repeated block beginning with ""Holocaust"" and ending with ""H."".",Preserved as visible and flagged as likely duplicate information.,25796-25873,not located
ambiguous event boundary,"The 178TH CONCERT heading is followed by pages titled ""THE ROYAL METROPOLITAN LIEUTENANT"" and prose that may be program matter, advertisement, or unrelated insert; the relationship is unclear from this chunk alone.","Created a separate concert event with only the explicitly visible heading, date, venue, and location, and preserved the following text in section additional_information.",25893-25906,15262
potential misspelling,"The title ""THE ROYAL METROPOLITAN LIEUTENANT"" may be an OCR or source error, especially in context with ""R.M.L."", but this cannot be resolved from the chunk alone.",Preserved the wording exactly and flagged for review.,25900-25903,20902
ambiguous attribution,"Page 5 member list under ""Tenors"" likely relates to the 170th Concert program booklet or society membership rather than performance credits for the specific event.",Preserved the list in additional_information instead of converting all members into event credits.,25959-26000,not located
ambiguous event boundary,"The 1894 concert program appears across multiple pages, with organizational pages preceding the explicit date and event heading on Page 16. The event may begin before the visible date heading in this chunk.","Grouped the society officers, members, programme, lyrics, and memoranda into one concert event headed by the visible date and title on Page 16.",25927-26384,not located
non-musical information,The later document is a contents page/catalog-style listing rather than a specific musical event program in this chunk.,"Created a separate event with event_type ""non-event"" and preserved the text in additional_information.",26388-26423,not located
potential misspelling,"The title in the Handel item appears as ""Walt her, Angels"", which may be an OCR or spelling issue.",Preserved the wording exactly as printed and flagged for review.,26136-26138,not located
potential misspelling,"The assisting ensemble member surname appears as ""Pallet"", which may require review.",Preserved the name exactly as printed.,26076-26078,20956
potential misspelling,"Committee member appears as ""MR. H. ROFE"" while a members list later includes ""H. Rope .. 1880""; this may indicate inconsistent spelling.",Preserved both forms exactly as printed and flagged the inconsistency.,25945-26048,not located
formatting error,Several member list entries omit the double dots before the year used elsewhere.,Preserved each line exactly as printed in additional_information.,25995-26061,15262
OCR error,"Metadata lines such as rotation and table indicators are OCR-processing metadata, not program content.",Excluded the metadata from event structuring except as document boundary evidence.,26372-26403,not located
non-musical information,Subscription and ticketing information appears without a clearly named musical event in this chunk.,Created a non-event record and preserved all visible text in additional_information.,26352-26369,20964
ambiguous event boundary,The 170TH CONCERT entry begins with date and venue information but no program contents are visible in this chunk.,Created a separate concert event with only the visible event-level information.,26381-26386,not located
conflicting information,Season heading gives 'SEASON 1969~1971' while contents are divided into '(1969–1970)' and '(1970–1971)'.,Preserved all wording in the program-level event additional_information.,26389-26423,21108
potential misspelling,Institution name contains unusual final character in 'MUSASHINO ACADEMIA MUSICAЕ'.,Preserved the name exactly as OCRed.,26393-26394,1622
conflicting information,Date year appears as 1669 in a context otherwise centered on 1969–1971.,Preserved the date exactly as OCRed for the event record.,26443-26443,21229
OCR error,Time appears as '7:09 p.m.' which may be OCR distortion in a concert listing.,Preserved the time exactly as OCRed.,26451-26451,21257
potential misspelling,Work title appears as 'La chemnee du Roi Rene'.,Preserved the title exactly as OCRed.,26454-26454,21280
incomplete information,"Student Recital introductory text states recitals are in Mozart Hall, but individual listings in this section do not always repeat the venue explicitly.",Used Mozart Hall as venue for these recital events based on the visible section introduction; preserved the explanatory text in additional_information.,26477-26481,21405
potential misspelling,"Several titles or names appear possibly misspelled or OCR-distorted, including 'Mini', 'WEDNSDAY', 'slizzoso', 'M. Bavel', 'Skliabin', 'Sainst-Saens', 'Frank', 'Skriabbin', 'Bossini', 'B. Verdi'.",Preserved all such forms exactly as OCRed.,26559-26823,not located
incomplete information,"The guest performers event on Wed. April 23, 1969 lists only a descriptive title with no personnel or repertory details in this chunk.",Created an event with the visible descriptive information and no performances.,26843-26844,23763
incomplete information,"The guest performers event on Wed. September 3, 1969 appears cut off after listing two performers.","Created an event with the visible date, venue, and credits, and flagged it as incomplete.",26846-26850,not located
potential misspelling,"Composer name appears as ""G. Bossini"".",Preserved the OCR spelling exactly in credits and performance listing.,26788-26788,not located
potential misspelling,"Performance title appears as ""Madonna, v'ano e taccio"" which may be an OCR or spelling issue.",Preserved exactly as printed.,26781-26781,not located
potential misspelling,"Composer name appears as ""A. Wagner"".",Preserved exactly as printed.,26806-26806,not located
potential misspelling,"Composer name appears as ""B. Verdi"".",Preserved exactly as printed.,26812-26812,not located
ambiguous event boundary,"The opening event on Saturday, November 29, 1969 begins without a visible header or ensemble/presenter name in this chunk.",Extracted it as a separate event with null event_name.,26776-26793,23391
incomplete information,"Event on Sat. November 28, 1970 appears cut off by chunk boundary after the second listed work.",Extracted only the visible information and noted truncation in additional_information.,27273-27275,26627
conflicting information,"Date appears as year 1669 for The PRAGUE QUARTET, inconsistent with surrounding material.",Preserved the explicit OCR date as 15/10/1669.,26879-26880,not located
potential misspelling,"Several work titles or names in the organ recital appear OCR-corrupted, including ""Veriations"", ""Praludie"", ""Fuuge"", and ""Pralude"".",Preserved exact OCR forms in performance names and created this flag for review.,26868-26876,not located
potential misspelling,"Performer name appears as ""Zusana Ruzickova"".",Preserved exactly as printed.,26906-26906,not located
non-musical information,Descriptive prose under GROUP CONCERT does not describe a specific dated musical event program.,Captured as a non-event with the prose in additional_information.,26918-26924,4907
incomplete information,CHAMBER CHORUS entry gives no year in the visible date line.,Set event_date to null and preserved the visible wording in additional_information.,26967-26967,24677
formatting error,ORCHESTRA AND CHORUS first listing gives two performance dates and venues for what may be the same program.,"Created one event using the first complete date and venue, and preserved the second date/venue in additional_information.",26929-26930,not located
incomplete information,"ORCHESTRA AND CHORUS December event uses multiple dates in one line, preventing a single complete event date in dd/mm/yyyy format.",Set event_date to null and preserved the full wording in additional_information.,26944-26945,24627
incomplete information,"STUDENT RECITAL heading text mentions Mozart Hall generally, but individual dated recital listings often do not repeat venue.",Did not infer venue for individual recital events; left event_venue null and preserved the heading text where useful.,27010-27012,2768
potential misspelling,"Time appears as ""10.3 a.m."".",Preserved the exact OCR wording in additional_information.,27066-27066,25237
incomprehensible OCR,"Performance title contains uncertain OCR character sequence: ""Amor, ch'attend?i"".",Preserved exact OCR text in the performance name.,27069-27069,not located
potential misspelling,"Several names appear possibly OCR-corrupted, including ""A. Grazunov"", ""Botchaft"", ""Hungerian"", ""Bhapsody"", and ""R. Scheumann"".",Preserved each exactly as it appears and flagged for review.,27116-27241,not located
non-musical information,Descriptive prose under WEDNESDAY CONCERT and SATURDAY CONCERT is explanatory text rather than a specific event.,Captured as a non-event with the prose in additional_information.,27146-27148,22544
potential misspelling,"Multiple apparent OCR issues in titles and names, such as ""Reflets dan l'eau"", ""Si, Michiamano Mimi"", ""Der Freischütz,,"", and others.",Preserved exact OCR forms and flagged for manual review.,27166-27217,not located
ambiguous event boundary,"The pages 31-36 material appears to be a catalog or season listing containing many separate dated concerts and headings, rather than one clearly defined single event.","Captured the visible listings as one structured event with multiple sections for each dated entry and heading, preserving all text in section names and additional_information.",27203-27391,26664
incomplete information,"Many concert listings on pages 31-36 provide repertory without explicit performer names, event titles, locations, or complete day/month/year formatting suitable for every sub-listing as standalone events.",Left unavailable scalar fields null and preserved repertory under sections.,27203-27391,not located
potential misspelling,"""Der Freischütz,,"" contains doubled punctuation and may reflect OCR or source error.",Preserved exactly as printed in the performance name.,27209-27209,26167
potential misspelling,"""Hungerian Rhapsodies"" may be misspelled.",Preserved exactly as printed.,27234-27234,26328
potential misspelling,"""Bhapsody on a theme of Paganini"" may be an OCR or spelling error.",Preserved exactly as printed.,27241-27241,26377
conflicting information,"The listing reads ""Sat. November 11, 1970/Mozart Hall""; weekday/date combination may be inconsistent.",Preserved exactly as printed without correction.,27253-27253,26473
potential misspelling,"""Nocturn"" may be misspelled or truncated.",Preserved exactly as printed.,27291-27291,27165
potential misspelling,"""Jeane Eva Leclercq Lichnewsky"" may contain unusual spelling.",Preserved exactly as printed in additional_information.,27305-27305,27238
potential misspelling,"""Der Todkrancke und wiedergesund Hiskias"" may contain nonstandard or OCR-affected spelling.",Preserved exactly as printed.,27322-27322,27305
ambiguous attribution,"The line ""Quartet e minor"" follows the Telemann entry without repeating a composer, so attribution is not explicit in the line itself.","Recorded as a separate performance and noted the likely continuation in additional_information, without asserting attribution as certain.",27338-27339,not located
conflicting information,"The listing reads ""Sat. May 28, 1970 / Mozart Hall""; weekday/date combination may be inconsistent.",Preserved exactly as printed.,27346-27346,27418
potential misspelling,"""Sonata for Piano and Violin c minor Op. 31-2"" may be an unusual or problematic work designation as printed.",Preserved exactly as printed and did not normalize.,27349-27349,27430
potential misspelling,"""Thues."" may be an OCR or spelling error for the weekday abbreviation.",Preserved exactly as printed.,27373-27373,27535
non-musical information,The GROUP CONCERT paragraph is explanatory prose about planning and omission of programs rather than a specific program listing.,Preserved under section additional_information within the season-listing event.,27386-27390,4907
non-musical information,Pages 37-38 contain OCR metadata rather than event content.,Did not create separate events for the metadata pages.,27392-27408,not located
potential misspelling,"Page 1 gives the title as ""THE ROYAL METROPOLITAN LIEDERTAPELL"", while later pages use ""Liedertafel"".","Used the more complete recurring event name ""The Royal Metropolitan Liedertafel"" as event_name and noted the conflict in additional_information.",27410-27412,27601
ambiguous attribution,"Page 7 lyrics are visible only for ""Part Song—St. John's Eve      Rheinberger"" and may continue beyond the chunk.",Attached only the visible text to that performance and noted that lyrics continue only as visible in this chunk.,27685-27699,8589
ambiguous event boundary,"The Melbourne concert programme on pages 6-15 and the dated page 16 heading may belong to the same event, but the chunk boundary and page transition make the exact relationship uncertain.","Separated the detailed programme from the page 16 heading into two event entries, while noting the possible connection in additional_information.",2795-2802,15152
incomplete information,"A list of names with years appears before page 6, but its function or heading is not visible in this chunk.",Preserved the material in event additional_information rather than assigning unsupported roles.,27626-27658,15262
potential misspelling,"The title ""Der Hengstere"" may contain an OCR or spelling issue, but it is preserved as printed.",Transcribed exactly as shown and flagged for review.,27717-27717,27817
formatting error,"Composer and performer layout is inconsistent in several places, with composer appearing on a separate following line or after performer designation.",Captured the information in additional_information for the affected performances.,27793-27800,not located
duplicate information,"The Japanese and English programme page duplicates composer, work, and performer information bilingually.",Preserved both language forms together in the same event and credits.,28053-28100,not located
ambiguous attribution,"The year ""1978"" appears on page 1 of the Musashino document, while the heading also reads ""1929—1979 創立五十周年""; it is unclear whether 1978 is the event year for all listed performances or a publication marker.",Did not assign a complete date to the main commemorative event; used explicit July dates only for the tour schedule entries.,28004-28010,not located
incomplete information,The main commemorative event lacks an explicit complete event date and location in the visible lines.,Left event_date and event_location as null for that event.,28004-28012,not located
incomplete information,The main program page gives repertoire and personnel but no complete date with year for the concert itself. Tour dates list only month/day and weekday.,Left event_date as null and preserved the tour schedule in additional_information and scoped credits.,28101-28125,27985
ambiguous event boundary,"The chunk appears to contain one program spanning multiple pages, but the exact event identity and whether the listed tour dates are separate events or schedule information for the same program cannot be fully established from this chunk alone.",Extracted one concert event for the PROGRAM and preserved all listed tour dates in additional_information rather than splitting into separate events without full repeated program evidence for each date.,28051-28125,not located
potential misspelling,"In the program list the work is printed as ジュビラーテ / Jubilaté, while the explanatory section heading later appears as A）シュビラー. The relationship is uncertain and may reflect OCR or source inconsistency.",Preserved both forms exactly and noted the discrepancy in the relevant performance additional_information.,28076-28079,not located
potential misspelling,"The explanatory prose names the composer as ローラン・シュミット, while the program header gives シュミット / Florent Schmitt.",Preserved both forms exactly and did not normalize.,28148-28149,not located
OCR error,"Some explanatory lines contain suspicious OCR characters, including ％拍子 and other irregular readings.",Preserved the OCR text exactly in additional_information and created this flag for manual review.,28140-28140,not located
OCR error,"Some explanatory lines contain suspicious OCR characters, including ％拍子 in the movement description of the symphony.",Preserved the OCR text exactly in additional_information and created this flag for manual review.,28160-28160,28230
non-musical information,Page 5 is a commercial advertisement for KAWAI GRAND PIANO rather than event documentation.,Created a separate non-event record and preserved the advertisement text in additional_information.,28162-28173,28244
formatting error,"The performer roster on Page 6 is badly formatted, with instrument headings and names interleaved in a way that prevents confident assignment of all names to instruments.",Captured the roster names collectively in an event-level credit and described the issue in additional_information rather than forcing uncertain instrument attributions.,28187-28218,not located
duplicate information,"The sequence 高橋享　伊藤顕裕　武田晃 is repeated many times consecutively, strongly suggesting OCR duplication.",Did not repeat the duplicate sequence in credits; instead recorded the names once and flagged the duplicated OCR block.,28219-28550,28262
duplicate information,"The same string 「高橋享　伊藤顕裕　武田晃」 is repeated line after line, suggesting OCR duplication or a non-program artifact.",Created a non-event entry preserving the repeated text in additional_information.,28476-28746,28262
non-musical information,The material on page 7 is institutional/news text rather than a specific musical event program.,Created a non-event entry and preserved the prose in additional_information.,28748-28765,28273
non-musical information,The material on page 8 is an advertisement for a piano rather than a musical event.,Created a non-event entry and preserved the advertisement text in additional_information.,28766-28780,28291
formatting error,Page 2 contains OCR/metadata fields rather than program content.,Did not treat the metadata block as event content; preserved the surrounding document as the concert event.,28786-28793,5726
incomplete information,"The Royal Metropolitan Liedertafel concert entry includes title, venue, date, officers, and member lists, but no actual program/repertory is visible in this chunk.",Created the event with an empty performances list and noted the absence of repertory in additional_information.,28795-28975,28309
ambiguous event boundary,"The opening list of names and years appears to continue from earlier material outside the chunk, and its document type is not clear from the visible text alone.",Separated this material as a non-event and preserved all visible text in additional_information.,28901-28991,28394
incomplete information,"The concert event lacks an explicit event name, date, venue, and location within the visible chunk.",Set unavailable event-level scalar fields to null and preserved all available identifying text in additional_information.,28992-29399,not located
incomplete information,"The text of the part song ""The Two Roses"" is cut off at the end of the chunk.",Transcribed only the visible portion and noted truncation in the performance additional_information.,29395-29399,not located
potential misspelling,"The instrument name appears as ""Clarionettes,"" which may require manual review.",Preserved the wording exactly as printed in the source.,29054-29059,28354
potential misspelling,"The percussion designation appears as ""Grand Cas & Cymbals,"" which may be an OCR or printing issue.",Preserved the wording exactly as printed in the source.,29091-29092,28354
potential misspelling,"The name appears as ""A. M'Cllelland,"" which may require manual review.",Preserved the name exactly as printed in the source.,28980-28980,28394
ambiguous event boundary,"The material on Pages 15-22 is clearly part of an event or programme already in progress, but the event title, date, venue, and opening pages are not visible in this chunk.",Extracted the visible musical items and text as a separate event with unknown top-level details.,29327-29598,not located
non-musical information,A metadata block unrelated to a musical event appears between Page 23 and Page 24.,Created a separate non-event record containing the metadata in additional_information.,29600-29606,not located
formatting error,"Page 1 of the 29TH FEBRUARY, 1892 document contains fragmentary OCR text that appears to be a damaged contents page.",Preserved the fragment in event additional_information rather than forcing uncertain items into programme structure.,29617-29628,28516
potential misspelling,"The source reads ""Liedentafel"" on Page 3, while Page 4 reads ""Liedertafel"" for what may be the same organization.",Preserved both spellings exactly and noted the variation in additional_information.,29673-29683,not located
conflicting information,"The honourary pianist appears as ""MR. G. B. FENTUM"" on Page 4 and ""Mr. C. B. Fentum"" on Page 6.",Recorded both credits separately for manual review.,29698-29705,20678
conflicting information,"The honourary pianist appears as ""Mr. C. B. Fentum"" on Page 6, differing from Page 4's ""MR. G. B. FENTUM"".",Recorded both credits separately for manual review.,29774-29775,11228
incomplete information,"The text of ""Cantata—The Waterlily"" is cut off at the end of the chunk.",Transcribed only the visible lyrics and left the remainder unfilled.,29824-29825,15342
duplicate information,"""The Waterlily"" appears in both the 1892 programme listing and again in the later 1899 programme pages visible in this chunk.",Treated them as separate events because they occur in separate documents with distinct dates.,29634-29635,not located
duplicate information,"""The Waterlily"" lyrics are transcribed under the later programme as well, repeating text already visible for the earlier programme within this chunk.",Kept both occurrences because they belong to separate extracted events/documents.,29785-29825,not located
potential misspelling,"The source reads ""(Edipus at Colonos"" which may reflect OCR or source irregularity.",Preserved the wording exactly in the performance name and flagged it for review.,29653-29653,not located
potential misspelling,"The source reads ""VIOU"" on Page 1 of the 1892 document; the text is unclear.",Preserved it in additional_information and flagged for review.,29618-29618,28516
potential misspelling,"The source reads ""GRAND DOU"" on Page 1 of the 1892 document; the text appears truncated or misread.",Preserved it in additional_information and flagged for review.,29623-29623,14864
potential misspelling,"The source reads ""PART SQ"" on Page 1 of the 1892 document; the text appears truncated or misread.",Preserved it in additional_information and flagged for review.,29626-29626,28516
ambiguous attribution,"The opening list of names with years appears before Page 6 and may belong to the surrounding document, but its function is unclear.",Preserved the text in additional_information of event_1 and did not assign roles.,29751-29759,28735
incomplete information,"The concert represented by pages 6-18 lacks a visible title page, date, and venue within this chunk.",Created an event with null values for unavailable event-level fields and preserved visible contextual information.,29761-30210,not located
potential misspelling,"Performance title appears as 'Herceuse', which may be an OCR or source spelling issue.",Preserved exactly as printed in the performance additional_information.,30143-30146,28838
non-musical information,Memoranda page contains subscription and ticketing information rather than programme content.,Created a separate non-event entry and transcribed the material into additional_information.,30183-30210,7613
ambiguous event boundary,"A new document begins with 'TOWN HALL MELBOURNE MONDAY EVENING 20TH MARCH, 1899 194TH CONCERT', but only the title page is visible before another document starts.",Created a separate event containing only the visible title-page information.,30220-30226,27801
ambiguous event boundary,Another separate document begins at 'CONCERT PROGRAM' for 'SEASON 1973 ~ 1974' with only front matter and contents visible in this chunk.,Created a separate event for the visible document-level information only.,30228-30250,not located
non-musical information,OCR metadata lines are present and are not part of a musical event.,Excluded them from event data.,30212-30218,not located
non-musical information,OCR metadata lines are present and are not part of a musical event.,Excluded them from event data.,30237-30243,not located
ambiguous event boundary,"The opening lines are song text followed by ""GOD SAVE THE QUEEN"" but the related event context is not visible in this chunk.",Did not create a separate event from the fragmentary text; preserved the visible Society memorandum and later events only.,30176-30182,28850
ambiguous event boundary,"The 1899 ""194TH CONCERT"" appears only as a cover or title page with no program details visible in this chunk.",Created a minimal concert event using only the explicitly visible cover information.,30220-30228,15152
formatting error,OCR metadata block appears in the source and is not part of a musical event program.,Ignored the metadata block as event content.,30211-30218,14339
formatting error,A second OCR metadata block appears in the source and is not part of a musical event program.,Ignored the metadata block as event content.,30236-30243,14339
potential misspelling,"""SEASON 1973 ~ 1974"" appears within a program headed by 1899 cover material, indicating separate documents and possible OCR juxtaposition.",Separated the 1899 concert from the Musashino Academia Musicae concert program as distinct events/documents.,30220-30235,not located
potential misspelling,"Venue appears as ""Tokyo Bunka Haikan"" in one listing and may conflict with similar venue naming elsewhere in the source.",Preserved the wording exactly as printed/OCRed.,30283-30284,29003
potential misspelling,"""Max Regers 100th birthday"" may reflect OCR omission of apostrophe or original styling.",Preserved as printed.,30323-30324,29070
OCR error,"Japanese transliteration for Geoffrey Rutkowski appears unusual: ""ジョブレイ・ルトコフスキー"".",Preserved exactly and associated it with the performer entry.,30330-30333,not located
potential misspelling,"""Bariton"" appears instead of a more common English spelling.",Preserved exactly as printed.,30341-30341,29154
incomplete information,Several recital entries list only composers and works without naming the individual student performers.,Recorded the event and works; no performer names were invented.,30393-30455,not located
OCR error,"""Vedro, mentrio sospiro"" may contain OCR errors in the title text.",Preserved exactly as OCRed.,30425-30425,29525
OCR error,"Composer appears as ""M. J. Ravel"" in one listing, differing from other occurrences of Ravel.",Preserved exactly as OCRed.,30448-30448,not located
OCR error,"Work title appears as ""Le Tombeau de Couprin"" and may be an OCR error.",Preserved exactly as OCRed.,30448-30448,29616
OCR error,"The item ""Kreisleriana Op.16 Nr.I, II, V, W"" contains ""W"", which is likely an OCR issue or incomprehensible character.",Preserved exactly and flagged for review.,30471-30471,29735
OCR error,"Japanese conductor label appears as ""指 挥"" with unusual character/spacing.",Preserved exactly as OCRed.,30479-30480,29766
ambiguous attribution,"The chorus material on page 10 lacks a clearly visible date, venue, and overall event heading continuity within the excerpt.","Included it within the ongoing season program under Wednesday & Saturday Concerts, preserving all visible credits and text.",30519-30548,not located
OCR error,"Time appears as ""0:45 p.m."" which is likely an OCR error or formatting anomaly.",Preserved exactly as OCRed.,30652-30652,30207
incomplete information,"The chunk ends with the heading ""Vocal"" and no further details.",Created a placeholder performance entry noting that only the heading is visible.,30675-30675,4475
ambiguous event boundary,"The recital beginning with 'Wednesday, November 28, 1973, 4:10 p.m./M.H.' appears before the 'STUDENT RECITALS' heading and may belong to prior unseen material.",Extracted it as a separate event with no inferred event name.,30602-30609,30046
incomplete information,"Student recital programs state that programs are performed by three or four students as a group, but no performer names are given in this chunk.",Recorded event and works without inventing performer names.,30615-30618,17476
ambiguous event boundary,Special Concerts for school children lists multiple dates and venues that may represent multiple performances of the same program.,Recorded as one event with earliest complete date and preserved remaining dates/venues in additional_information.,30650-30653,30207
OCR error,Time appears as '0:45 p.m.' which may be erroneous or malformed.,Preserved wording exactly in additional_information.,30652-30652,30207
OCR error,Possible OCR/substitution errors appear in several work or composer names in the June 21 vocal program.,Preserved spellings exactly and extracted as given.,30711-30720,30801
potential misspelling,Composer name appears as 'S. Alschausky(arr. Hansen)'.,Preserved exact spelling.,30702-30702,30650
OCR error,Wording in vocal recital on page 15 contains unusual punctuation and possible OCR errors such as 'betriibt' and '1-année'.,Preserved wording exactly in performance titles.,30685-30693,30633
ambiguous event boundary,"Vocal recital on February 4 and 6, 1974 lists multiple dates and times without repeating venue after the first line.",Recorded as one event with first complete date and venue; preserved remaining dates in additional_information.,30768-30771,not located
OCR error,Work title/composer line appears as 'Leo Foiles d'Espagne pour flute seul'.,Preserved exact wording.,30791-30791,not located
ambiguous attribution,"In the public lectures section, numbered items may be topic areas or composers covered rather than performed works.","Recorded them as performances within lecture sections, preserving text exactly.",30812-30815,not located
ambiguous event boundary,Grete Wehmeyer material contains two separate dated entries under one heading; they may be separate lectures or parts of a series.,Separated into two events by date.,30817-30840,31337
ambiguous event boundary,Zorica Filipović Voice training lists four dates with venue only on the last line.,Recorded one event with first complete date and preserved remaining dates and venue wording in additional_information.,30846-30849,not located
ambiguous event boundary,Heinz Schröter lecture series lists four dates with different program labels; it could be one series event or several separate lectures.,"Recorded as one event with sections for Haydn Program, Mozart Program, and Beethoven Program; preserved all dates.",30881-30884,not located
non-musical information,Pages 23 and 24 contain OCR metadata rather than musical-event content.,Did not create separate events for pure OCR metadata.,30913-30929,5726
OCR error,"Page 22 appears fragmentary and possibly mis-OCRed, including 'Helas Schröter' and incomplete parenthetical venue/person text.",Extracted a minimal event and flagged for review.,30906-30910,not located
potential misspelling,"Event title appears as 'THE ROYAL METROPOLITAN LIEDERBRAEDEL' on one page, while later pages read 'Liedertafel'.",Preserved each form as printed and flagged the discrepancy.,30931-30932,31686
non-musical information,Pages 4 and 5 of the Royal Metropolitan Liedertafel document contain administrative and membership listings rather than program items.,Captured them as non-event entries per instructions.,31040-31100,7357
incomplete information,The membership list on page 5 is partial within this chunk and may continue beyond the visible lines.,Extracted only the visible tenor entries.,31081-31100,16606
incomplete information,"The chunk appears to begin with page 3 of a larger program; earlier pages are not present, so event information may be incomplete.",Extracted only the information visible in this chunk and preserved page-number context in additional_information.,31026-31039,not located
non-musical information,"Pages 4, 5, and 15 contain society administration, membership lists, office address, and subscription memoranda rather than program items.",Retained this material in event additional_information and relevant credits rather than omitting it.,31040-31079,not located
non-musical information,Membership rosters with years are not performance items.,Preserved the rosters verbatim in event additional_information.,31080-31184,not located
non-musical information,Memoranda about subscriptions and ticket classes are not performance items.,Preserved the text in event additional_information.,31509-31525,not located
potential misspelling,"Possible inconsistency in performer surname spelling: 'Miss Maude Celinski' earlier and 'Miss Maude Gelinski' later may refer to the same person, but the source differs.",Preserved both spellings exactly as they appear and represented them separately in scoped credits/additional_information.,31195-31197,27588
potential misspelling,Possible inconsistency in performer surname spelling: 'Miss Maude Gelinski' later may correspond to 'Miss Maude Celinski' earlier.,Preserved spelling exactly as printed.,31453-31455,31954
formatting error,"Composer and performer attribution appear run together on several lines, making role separation visually unclear.",Structured them according to the visible order while preserving wording in additional_information where helpful.,31316-31328,not located
OCR error,Text 'My Heart bath its Love' may contain an OCR error in 'bath'.,Preserved the OCR wording exactly and flagged for review.,31319-31322,31939
formatting error,"The heading '(b) HALLO!' appears under 'Part Song—The Hunter's Joy', creating ambiguous internal subdivision.",Kept 'The Hunter's Joy' as the performance title and preserved '(b) HALLO!' in the performance additional_information and lyrics transcript.,31327-31331,not located
formatting error,The standalone 'II' on page 13 appears to mark a subsection of 'Serenade' rather than a new performance.,Included 'II' within the lyrics_transcript of 'Serenade'.,31432-31448,not located
ambiguous event boundary,The opening concert items begin mid-program and likely continue from earlier pages not present in this chunk.,Extracted the visible musical items as a fragmentary concert event and noted continuation in additional_information.,31451-31464,31694
non-musical information,The 'Memoranda' page contains subscription and ticketing information rather than a musical event listing.,Created a separate non-event entry and preserved the text in additional_information.,31510-31534,not located
OCR error,"Date appears as '90TH NOV., 1896.' which is likely erroneous or misread.",Preserved the wording exactly and did not convert to a structured date.,31536-31541,32167
ambiguous event boundary,The '181ST CONCERT.' page appears only as a title page with no visible program details in this chunk.,Created a minimal event with only visible title-page information.,31536-31541,27801
incomplete information,"The Musashino Academia Musicae material is a concert program booklet containing many listings; most entries provide month/day and time but not year in each listing, though season is given elsewhere.",Did not infer complete dates; left event_date null for all such events.,31544-31950,not located
potential misspelling,Institution name appears with unusual final character in 'MUSASHINO ACADEMIA MUSICAЕ'.,Preserved as printed.,31546-31549,1622
potential misspelling,Text reads 'mit Schulsschor' in Beethoven Ninth listing.,Preserved exactly as printed in performance title.,31634-31634,32328
potential misspelling,Narrative text contains 'Duetschen Musikrat' and 'discriicts'.,Preserved exactly in event additional_information context by not normalizing narrative text.,31640-31641,not located
incomplete information,Some West Germany tour dates are listed without any visible repertoire or soloist details in this chunk.,Created separate events with empty performance lists for those dates.,31718-31720,32664
incomplete information,Some West Germany tour dates are listed without any visible repertoire or soloist details in this chunk.,Created separate events with empty performance lists for those dates.,31738-31738,32780
formatting error,"The Altenkirchen and Bonn lines are grouped together before one repertoire list, making it unclear whether the same program applies to both dates or only the latter.",Grouped the visible repertoire under a single extracted event and noted both dates/venues in additional_information for manual review.,31750-31763,not located
OCR error,Time given as '16:30 p.m.' combines 24-hour notation with p.m.,Preserved exactly as printed.,31846-31846,33191
formatting error,"In the Bach cello recital, 'Suite for Violoncello' is followed by numbered items on separate lines, making the relationship between title and suite numbers ambiguous.",Extracted the suite heading and each numbered line as separate performances for preservation.,31854-31857,not located
OCR error,Time given as '15:30 p.m.' combines 24-hour notation with p.m.,Preserved exactly as printed.,31877-31877,33333
OCR error,Time given as '15:10/B.H.' lacks 'p.m.' and may be incomplete formatting.,Preserved exactly as printed.,31901-31901,33474
OCR error,Time given as '13:10 p.m.' combines 24-hour notation with p.m.,Preserved exactly as printed.,31915-31915,33544
potential misspelling,Work title includes split word 'The Night ingale'.,Preserved exactly as printed.,31918-31918,33560
OCR error,Time given as '15:00 p.m.' combines 24-hour notation with p.m.,Preserved exactly as printed.,31933-31933,33649
potential misspelling,"Several vocal recital titles appear possibly misscanned or misspelled, including 'Schlunmmer' and 'notta'.",Preserved exactly as printed in performance titles.,31949-31950,33756
incomplete information,Event has no year in the visible date.,Left event_date as null and preserved the visible date/time in additional_information.,31877-31877,33333
potential misspelling,Composer name appears as 'S. Rakmaninov'.,Preserved OCR spelling exactly in credits.,31886-31886,not located
incomplete information,Event has no year in the visible date.,Left event_date as null and preserved visible date/time in additional_information.,31890-31890,33410
ambiguous attribution,"Line 'Trio on a ""Christmas Song""' appears to continue the preceding B. Harbach entry, but the formatting does not explicitly repeat the composer.",Recorded as a separate performance with note in additional_information and flagged for review.,31906-31907,not located
incomplete information,Event has no year in the visible date.,Left event_date as null and preserved visible date/time in additional_information.,31901-31901,33474
incomplete information,Event has no year in the visible date.,Left event_date as null and preserved visible date/time in additional_information.,31915-31915,33544
potential misspelling,Work title contains 'The Night ingale' with internal spacing.,Preserved OCR wording exactly.,31918-31918,33560
incomplete information,Event has no year in the visible date.,Left event_date as null and preserved visible date/time in additional_information.,31933-31933,33649
ambiguous attribution,Line 'Darf des Falken Schwinge Tatrahöh'n umrauschen' has no repeated composer and may continue the previous A. Dvorak entry.,Recorded as a separate performance with note that it appears to continue previous attribution.,31937-31938,not located
duplicate information,"The same title appears twice in the event: 'Non la sospiri la nostra casetta ""Tosca""'.",Preserved both occurrences as separate performances.,31942-31955,not located
conflicting information,Similar title and work appear with different composer initials: 'U. Giordano' and 'V. Giordano' for 'La mamma morta'.,Preserved both attributions exactly and flagged for review.,31951-31958,not located
incomplete information,Event has no year in the visible date.,Left event_date as null and preserved visible date/time in additional_information.,31964-31964,not located
formatting error,"Several work listings are split across indented continuation lines, making boundaries uncertain.",Captured continuation text in additional_information for the related performances.,31966-31971,not located
incomplete information,Event has no year in the visible date.,Left event_date as null and preserved visible date/time in additional_information.,31981-31981,not located
duplicate information,The same work title 'Fantaisie f-moll Op.49' appears twice in this event.,Preserved both occurrences as separate performances.,31985-31988,not located
formatting error,Debussy item is spread over multiple continuation lines without repeated composer line.,Recorded first line as the performance name and stored continuation lines in additional_information.,31991-31993,not located
incomplete information,Event has no year in the visible date.,Left event_date as null and preserved visible date/time in additional_information.,32000-32000,34469
formatting error,Mascagni and Mozart entries each include continuation lines that may indicate multiple sub-items.,Preserved main entries as performances and noted continuation lines in additional_information.,32003-32008,not located
incomplete information,Event has no year in the visible date.,Left event_date as null and preserved visible date/time in additional_information.,32013-32013,not located
incomplete information,Event has no year in the visible date.,Left event_date as null and preserved visible date/time in additional_information.,32026-32026,not located
potential misspelling,"Work title appears as 'L'altra notte, in fondo al mara' rather than a more expected form.",Preserved OCR wording exactly.,32038-32038,not located
incomplete information,Event has no year in the visible date.,Left event_date as null and preserved visible date/time in additional_information.,32042-32042,34686
incomplete information,Event has no year in the visible date.,Left event_date as null and preserved visible date/time in additional_information.,32050-32050,not located
incomplete information,Event has no year in the visible date.,Left event_date as null and preserved visible date/time in additional_information.,32061-32061,not located
incomplete information,Master Course Students' Recital dates are visible without year.,Used day/date strings as section names and left event_date null.,32099-32245,34901
ambiguous event boundary,The master course recital spans multiple pages and multiple dated sessions; page-break continuity must be inferred from layout.,Treated all dated sessions under the single heading 'MASTER COURSE STUDENTS' RECITAL'.,32092-32274,not located
formatting error,"Multiple singer repertories are listed as composer heading followed by long title strings over continuation lines, making individual song boundaries uncertain.",Preserved the visible strings as performance names and continuation entries without splitting further than clearly shown.,32188-32273,not located
potential misspelling,"Several names/titles in the master course recital appear OCR-distorted, including 'Soante', 'wardelte', 'Bräumen', 'Begenung', 'Allersehen', 'hieb', 'halten Mann'.",Preserved OCR wording exactly.,32122-32237,not located
incomplete information,Event has no year in the visible date.,Left event_date as null and preserved visible date/time in additional_information.,32278-32278,not located
incomplete information,Event has no year in the visible date.,Left event_date as null and preserved visible date/time in additional_information.,32290-32290,35454
potential misspelling,Performer name appears as 'Peter Pertis' and Japanese as 'ベーター・ベルティス'; OCR may be uncertain.,Preserved both exactly as printed/OCRed.,32309-32310,not located
incomplete information,Event has no year in the visible date.,Left event_date as null and preserved visible date/time in additional_information.,32317-32317,35549
formatting error,"Within Concert for Youth, the program shifts from organ soloist to 'Symphony Orchestra' subsection with separate conductor and soloists.",Combined under one event and preserved orchestral participation in performance additional_information.,32319-32335,not located
incomplete information,Event has no year in the visible date.,Left event_date as null and preserved visible date/time in additional_information.,32340-32340,35607
incomplete information,"Event has no year in the visible date, though two times are given.",Left event_date as null and preserved both times in additional_information.,32355-32356,35665
incomplete information,Public lectures entry provides two partial dates without year.,Left event_date as null and preserved both session dates in additional_information.,32374-32375,35707
ambiguous event boundary,Public lectures section may continue beyond the visible chunk.,Extracted only the visible lecturer and dates as a single lecture event.,32368-32375,not located
ambiguous event boundary,"The opening recital/program items for Toshitaka Mori and Peter Pertis appear without a visible event heading, date, or venue in this chunk.",Extracted them as a separate concert event with null event name/date/venue/location and preserved all visible repertoire and credits.,32302-32313,not located
incomplete information,"Several dates are given only as weekday, month, and day, without year.",Set event_date to null for those events and preserved the visible date strings in additional_information or section additional_information.,32317-32507,35549
OCR error,Time notation '11:00 p.m.' for a youth concert may be erroneous or OCR-corrupted.,Preserved the wording exactly in additional_information.,32317-32317,35549
OCR error,"Several time notations use forms such as '15:00 p.m.' and '13:10 p.m.', which may reflect OCR or source inconsistency.",Preserved the times exactly as printed.,32396-32435,36074
ambiguous event boundary,"Under PUBLIC LECTURES, multiple distinct lecture/masterclass entries are grouped under one heading and could also be treated as separate events.",Structured PUBLIC LECTURES as one event with multiple lecture sections to preserve the heading and all subordinate entries.,32368-32507,not located
potential misspelling,Possible OCR or spelling issue in Japanese rendering of Peter Pertis.,Preserved exactly as printed.,32309-32310,not located
potential misspelling,Possible OCR or spelling issue in work title/composer line.,Preserved exactly as printed.,32321-32321,not located
potential misspelling,Possible OCR or spelling issue in work title.,Preserved exactly as printed.,32334-32334,not located
potential misspelling,Possible OCR or spelling issue in venue name.,Preserved exactly as printed.,32356-32356,not located
potential misspelling,Possible OCR or spelling issue in work title.,Preserved exactly as printed.,32363-32363,35674
ambiguous attribution,The line 'Arie des Elvira “I Puritani”' follows a V.Bellini line and lacks repeated composer attribution on its own line.,Attributed it to V.Bellini based on immediate line continuation and flagged for review.,32385-32386,not located
ambiguous attribution,"The line 'Frauen, Frauen lasst mich euch Genossin heissen' appears on a separate line after B.Bartok 'Schwarz die Erde' without repeated composer name.",Treated it as part of the B.Bartok entry and flagged for review.,32414-32415,not located
ambiguous attribution,The line 'Sonata No. 3 op. 28' appears on a separate line after S.Prokofieff 'Tales of the old Grandmother op. 31' without repeated composer name.,Attributed it to S.Prokofieff based on line continuation and flagged for review.,32449-32450,not located
potential misspelling,Possible OCR or spelling issue in composer surname.,Preserved exactly as printed.,32481-32481,36353
potential misspelling,Possible OCR or spelling issue in Japanese rendering of Leonid Kogan.,Preserved exactly as printed.,32495-32496,not located
non-musical information,Metadata lines about page OCR properties are not musical event content.,Excluded them from event content.,32516-32531,not located
ambiguous event boundary,A new document begins at '=== Page 1 === METROPOLITAN LIEDERTAFEL' after intervening OCR metadata pages.,Started a new event/document extraction at that point.,32533-32557,not located
incomplete information,The Metropolitan Liedertafel program continues beyond the visible chunk; only Part I and part of one work are visible here.,Extracted only the visible portion and preserved the partial text.,32734-32800,not located
potential misspelling,Possible OCR or spelling issue in member names and office-holder surnames within the Metropolitan Liedertafel pages.,Preserved all names exactly as printed in additional_information and credits.,32577-32732,not located
incomplete information,The concert programme beginning on Page 7 is already in progress; preceding contextual pages and event-identifying information are missing from this chunk.,"Extracted visible programme title, sections, performances, credits, and lyrics only from the visible pages, and preserved unidentified contextual names in additional_information.",32726-32741,not located
ambiguous attribution,"Names appearing immediately before Page 7 may be performers, officers, or other credits, but their roles are not visible in this chunk.",Preserved the names in event additional_information rather than assigning unsupported roles.,32726-32731,not located
potential misspelling,"The title ""Rakocsky March"" may contain a misspelling or OCR issue, but must be preserved as printed.",Transcribed exactly and flagged for review.,32952-32952,36575
OCR error,"The word ""Wraft"" appears unusual and may be an OCR error.",Preserved the wording exactly in the lyrics transcript and flagged it.,33114-33114,36596
non-musical information,Printer imprint appears in the programme pages and is not itself event content.,Preserved it in event additional_information.,33137-33139,36530
non-musical information,OCR metadata block is unrelated to a musical event.,Did not create a separate metadata event because the chunk also contains substantial event material; flagged as non-musical information omitted from event structure.,33141-33148,not located
ambiguous event boundary,A separate event begins at Page 20 with only a title page visible; the rest of that event is outside this chunk.,Created a minimal separate concert event using only the visible title-page information.,33150-33158,38402
incomplete information,"The opera cast list is incomplete in the visible chunk; some roles appear without visible performers, and some lines are difficult to align.",Captured only directly visible role/performer pairings and preserved unresolved cast text in additional_information.,33206-33225,not located
ambiguous attribution,The cast lines around フィオルディリージ / ナポリに住む姉妹 / ドラマベッラ / ドラマベッラ are structurally unclear in the OCR and do not provide secure role-performer assignments.,Did not invent assignments; preserved the text in additional_information and only encoded unambiguous later pairings.,33206-33210,not located
ambiguous event boundary,The opening English concert notice appears only as a fragment and may belong to a larger document outside the chunk.,Extracted a minimal event using only visible details and noted the fragmentary status in additional_information.,33151-33157,not located
ambiguous event boundary,The Japanese opera program begins after the English fragment and clearly represents a separate document.,Separated the Japanese opera material into its own event.,33159-33166,not located
incomplete information,"The performance dates for the opera are listed, but two dates lack explicit years and one date lacks an explicit hour format consistency; complete dd/mm/yyyy dates cannot be established individually from the source without inference.",Left event_date as null and preserved the visible date string in additional_information.,33163-33163,36653
potential misspelling,"The title appears once as 「コン・ファン・トゥッテ」 in prose, differing from the main title 「コジ・ファン・トゥッテ」 / Cosi Fan Tutte.",Preserved both forms and flagged the discrepancy.,33179-33179,not located
potential misspelling,"The location of Antonin Kühnel's birth and studies appears as ブラハ, which may be an OCR or spelling issue.",Preserved ブラハ exactly as printed and flagged for review.,33183-33183,not located
incomplete information,Cast listing on page 3 is partially structurally incomplete for some roles; names are not aligned clearly with all role labels in the Japanese block.,Captured clearly attributable cast names from page 10 profiles and retained the page 3 cast/day information where explicit.,33206-33221,36653
potential misspelling,"Several character names vary in spelling across the document, including ドラマベッラ, ドラベラ, ドベルラ, and Dorabella/Drabella/Dorabellas.",Preserved each spelling as printed and flagged the inconsistencies.,33206-33377,not located
duplicate information,"Page 11 repeats parts of the orchestra roster, including duplicated instrument headings and names.",Preserved duplicated listings in credits with duplicate-indicating role labels where necessary.,33546-33583,not located
incomplete information,"Some ensemble headings on page 11 have no names visible beneath them, such as Clarinets.",Preserved the heading in credits with an empty names string.,33544-33545,5054
OCR error,"Several words in the synopsis appear malformed or implausible, suggesting OCR issues, such as 追り, 服を立てて, 真節, すさが, 取すかしさ, 伸直り, and others.",Preserved the OCR wording in additional_information and flagged for review.,33348-33383,not located
non-musical information,Pages 9 and 12 contain piano advertisements rather than event documentation.,Did not create separate musical events for the advertisements; preserved their existence in the opera event additional_information context via page note only.,33386-33396,28244
non-musical information,Another advertisement appears for YAMAHA CONCERT GRAND PIANO CF.,Did not create a separate musical event for the advertisement.,33627-33632,28291
ambiguous event boundary,A second English concert notice appears at the end of the chunk and is also fragmentary.,Extracted a separate minimal event with null full date because only '99 is visible.,33633-33641,not located
ambiguous event boundary,Lines 033576-033582 appear to be trailing names and an instrument heading from a preceding document or event not otherwise present in this chunk.,Did not attach these lines to any extracted event because no clear event boundary or context is visible in the chunk.,33576-33582,not located
incomplete information,"All Japanese event listings provide only month and day with weekday, but no year, so complete dates cannot be normalized to dd/mm/yyyy.",Set event_date to null and preserved the visible date strings in additional_information.,33584-33625,not located
non-musical information,Page 12 contains a YAMAHA piano advertisement rather than a musical event.,Created a separate event with event_type 'non-event' and preserved the advertisement text in additional_information.,33626-33631,28291
incomplete information,"The concert date is given as 'MONDAY, OCTOBER 23, '99.' but the century is not explicit in the source chunk.",Set event_date to null and preserved the source wording in additional_information.,33634-33637,37030
OCR error,The line 'MELBOURNE @ LIEDERTAFEL.' contains an unusual '@' character that may be OCR distortion.,Preserved the text exactly as it appears.,33652-33652,37291
duplicate information,The heading 'Hon. Auditors:' appears twice with different names listed below it.,Combined both names into a single credit role 'Hon. Auditors' and flagged for review.,33697-33710,not located
potential misspelling,"Several choir roster entries contain 'on I've' where 'on leave' may have been intended, but the OCR text must be preserved.",Preserved 'on I've' exactly in credits.,33843-33923,37272
incomprehensible OCR,The parenthetical work reference '(M Flauto Magico)' is unclear and may be OCR distortion.,Preserved the wording exactly in the performance additional_information.,34041-34042,not located
incomplete information,The Choral Ode text and possibly the event program continue beyond the end of the supplied chunk.,Extracted only the visible text and flagged the truncation.,34057-34074,not located
incomplete information,"The chunk begins mid-lyrics/performance, so the opening item of the earlier programme is incomplete and its title and attribution are not visible.",Created a performance entry preserving the visible text and noted that it is a continuation from an earlier item.,34001-34037,37350
potential misspelling,"Work/source title appears as ""M Flauto Magico"", which may reflect OCR corruption or source error.",Preserved the wording exactly in based_on_tune.,34041-34042,not located
potential misspelling,"Text includes unusual or possibly incorrect forms such as ""loom'd Fate"", ""plebian"", and other spellings that may require review.",Preserved all wording exactly in additional_information.,34072-34079,not located
OCR error,"Bilingual text contains likely OCR issues such as ""Z war"" and inconsistent spellings/forms between repeated stanzas.",Preserved all text exactly and flagged for review.,34099-34199,37372
potential misspelling,"The title/source appears as ""Sampson"".",Preserved the spelling exactly as printed.,34212-34215,not located
potential misspelling,"Programme note contains the word ""larrkinism"".",Preserved the wording exactly in additional_information.,34224-34224,37395
potential misspelling,"Programme note contains the ethnonym/location form ""Maygars"".",Preserved the wording exactly in additional_information.,34229-34229,37395
incomplete information,Announcement for repeated concert gives only month and day references without explicit year in this chunk.,Left event_date as null and preserved the date wording in additional_information.,34357-34365,37341
non-musical information,OCR metadata block is included and is not part of a musical event description.,Excluded metadata from event structuring and flagged it.,34369-34376,5726
non-musical information,Advertisement/business listing appears in the chunk.,Did not create a separate event because it is fragmentary and unrelated to a musical event context here; flagged for review.,34378-34381,not located
non-musical information,"Society officers, patrons, and committee listings are organizational information rather than programme items, though they appear within the concert booklet.","Included them as event credits because they appear in the event document, and flagged for manual review.",34453-34499,not located
duplicate information,The programme list at the beginning of the chunk and the later Programme pages repeat the same performance items.,Represented as a single concert event and preserved repeated material in event additional_information and section/performance data without creating separate duplicate concert events.,34426-34717,37474
conflicting information,The soloist surname for the Weber solo appears with different spelling forms: 'Miss Lilian Reid' and 'Miss Lillian Reid'.,Preserved both forms in credits and performance additional_information.,34438-34902,not located
OCR error,Possible OCR or textual error in 'Thesens returns' within the Oedipus synopsis.,Preserved wording exactly in lyrics_transcript.,34776-34776,37603
OCR error,Possible OCR or textual error in 'agains the foe'.,Preserved wording exactly in lyrics_transcript.,34830-34830,37603
potential misspelling,"Several personal names in roster lists may contain OCR or spelling issues, including 'Ayliwin', 'Feistead', 'Starters', 'Walatab', and others.",Preserved all names exactly as printed in credits/additional information context.,34515-34557,not located
formatting error,"The opening parenthesis before 'Ayliwin, A. R.' appears unmatched or stray in the 1st Tenors list.",Preserved the text as-is and did not normalize punctuation.,34515-34515,not located
non-musical information,Pages 8 and 12 contain advertisements unrelated to the musical event.,Created separate non-event records for the advertisements.,34673-34861,not located
incomplete information,"The chunk does not provide a complete explicit date, venue, or location for the concert programme.",Set unavailable event-level fields to null.,34426-34925,not located
ambiguous attribution,It is unclear whether the long member rosters of The Royal Victorian Liedertafel should all be treated as event credits or only organizational information.,Captured principal office-bearers and orchestral personnel as credits; preserved broader roster presence in additional_information context rather than listing every choir member as event credits.,34513-34559,not located
non-musical information,Advertisement material for shirts and clothing appears before Page 13 and is unrelated to a musical event.,Created a non-event record and preserved the advertisement text in additional_information.,34851-34862,37694
ambiguous event boundary,"Page 13 begins mid-lyrics, indicating the musical event started before this chunk.",Created the event using only visible information and noted that the text begins mid-performance.,34863-34898,28808
incomplete information,The title and attribution of the mid-lyrics text on Page 13 are not visible in this chunk.,Preserved the lyrics as an untitled performance with null name and flagged for review.,34864-34898,28808
potential misspelling,"Performer name appears as both ""Lillian Reid"" and ""LILIAN REID."" within the same event.",Preserved both forms exactly as printed and included both in contextually appropriate places.,34902-34902,37539
potential misspelling,"Performer name appears as both ""Lillian Reid"" and ""LILIAN REID."" within the same event.",Preserved both forms exactly as printed and included both in contextually appropriate places.,34931-34931,37733
non-musical information,Advertisement for ophthalmic optician interrupts the Frithjof program pages.,Separated the advertisement into its own non-event record.,35016-35031,38000
OCR error,"Text ""Woe! Ch! wicked deed!"" may contain OCR corruption or typographical irregularity.",Preserved the wording exactly and flagged for manual review.,35040-35042,37873
non-musical information,Advertisement for eucalyptus oil is unrelated to a musical event.,Created a separate non-event record and preserved the full text in additional_information.,35224-35243,15835
ambiguous event boundary,"A new document begins at Page 1 for a Parsifal concert, but only opening pages and partial personnel lists are visible in this chunk.",Created a separate event for the visible document and noted that the extraction is incomplete.,35245-35350,38052
non-musical information,Page 2 contains OCR metadata rather than source program text.,Preserved the metadata in additional_information for the event because it appears in the supplied OCR chunk.,35267-35274,5726
incomplete information,"The orchestra personnel list on Page 4 is cut off mid-list at ""H. Edwards.""",Extracted only the visible names and flagged the truncation.,35325-35350,not located
incomplete information,"The chunk provides pages of a program and scheme but does not show a complete event date, venue, or location.","Created a single event with null date, venue, and location.",35277-35775,not located
ambiguous event boundary,The source chunk appears to be part of a larger program. Beginning and/or ending of the event may lie outside this chunk.,Extracted only the information visible in this chunk as one event.,35276-35775,not located
formatting error,"Instrument listing for percussion appears broken across lines and uses vertical bars, making exact role grouping uncertain.",Preserved the wording in a combined credit role.,35414-35420,not located
OCR error,Second tenor entry appears truncated.,Preserved the text exactly as printed.,35462-35462,38105
formatting error,Second tenor entry appears to be missing an opening parenthesis before 'on leave'.,Preserved the text exactly as printed.,35468-35468,38105
potential misspelling,Choir member name may be inconsistent with earlier staff listing.,Preserved both forms exactly as they appear.,35499-35499,38106
potential misspelling,"Program note attributes words to 'Gustle', which may be an OCR or spelling issue.",Preserved the wording exactly and recorded as text author credit.,35725-35725,38140
incomplete information,"The final listed work begins on page 14 and likely continues beyond the chunk, so details such as soloist or text are incomplete here.","Extracted only the visible information for ""LANDERKENNUNG"".",35764-35775,not located
non-musical information,Biographical and explanatory prose about Wagner and Brahms is included alongside the program.,Preserved this material in additional_information fields rather than omitting it.,35592-35727,38133
ambiguous event boundary,The first event begins mid-text with lyric lines and no visible title or event heading for the overall program in this chunk.,Created a separate concert event for the material on pages 12-20 and noted that it is a continuation from an earlier chunk.,35701-35710,38131
potential misspelling,"The source says ""Words of Gustle"" in descriptive prose, which may be a misspelling or OCR issue.",Preserved the wording exactly in additional contextual prose via performance additional information and flagged for review.,35725-35725,38140
potential misspelling,"The source says ""briddled"" in the Brahms note, which may be misspelled or OCR-distorted.",Preserved exactly as printed in the source and flagged for review.,35727-35727,not located
potential misspelling,"The source says ""Scheme"" in quotation marks where a different term may have been intended.",Preserved exactly in performance additional_information and flagged for review.,35823-35823,not located
OCR error,"The source line appears to omit a closing parenthesis after ""for the Vases"" and may contain punctuation loss in the acknowledgements.",Preserved the acknowledgement text in context and flagged the line for review.,35969-35969,18515
non-musical information,Pages 21-24 contain OCR metadata rather than musical program content.,Excluded metadata pages from event structuring and recorded this flag.,35980-36014,5726
incomplete information,The second event's member list is only partially present in this chunk and likely continues beyond the visible lines.,Transcribed only the visible member names and noted partial coverage in additional_information.,36098-36200,51
ambiguous event boundary,"The chunk begins with a long list of names before the heading ""Programme,"" suggesting the event or document begins earlier than this chunk.",Included the names in event additional_information and extracted the visible programme as a single event without inventing earlier context.,36126-36218,not located
incomplete information,"The heading ""Basses"" appears within the prefatory name list, but other voice-part headings are not visible in this chunk.","Preserved ""Basses"" in the additional_information context rather than assigning unsupported roles to all names.",36160-36218,5049
potential misspelling,"The name ""H. Ropk"" may contain an OCR or spelling problem.",Preserved the name exactly as printed in additional_information.,36198-36198,38229
potential misspelling,"The text gives soloist ""Mr. Henry Rofe,"" which may conflict with another similar name form in the document context.","Preserved ""Mr. Henry Rofe"" exactly as printed.",36227-36227,36511
potential misspelling,"The title ""Rakocsky March"" may be misspelled or reflect OCR uncertainty.",Preserved the title exactly as printed.,36441-36441,36575
incomplete information,"Within ""Selections from \""La Damnation de Faust,\"""" only items 2 and 4 have lyrics/transcript in this chunk; items 1 and 3 are listed without further text.",Recorded all listed items in additional_information and preserved only the visible text.,36441-36463,not located
OCR error,"The line ""At the sound of the trumpet we soldiers so"" appears textually incomplete or corrupted.",Preserved the wording exactly in the transcript.,36471-36472,36575
potential misspelling,"The Latin line ""Jam nox stellata vel amina pandit"" may contain OCR corruption in ""vel amina.""",Preserved the line exactly as printed.,36477-36477,36575
potential misspelling,"The phrase ""With micht"" may contain OCR corruption or a misspelling.",Preserved the phrase exactly as printed.,36536-36536,38356
potential misspelling,"The word ""Wraft"" may contain OCR corruption or a misspelling.",Preserved the word exactly as printed.,36602-36602,36596
non-musical information,The opening material on pages 17-18 appears to be residual lyrics/text and printer's imprint from a prior document without enough event metadata in this chunk to identify the musical event.,Created a non-event record preserving the text presence and imprint in additional_information.,36551-36627,not located
conflicting information,"The Melbourne Liedertafel Concert document contains conflicting dates: ""WEDNESDAY EVENING 6TH NOVEMBER, 1889."" and later ""MONDAY, NOVEMBER 6, '99.""",Used the complete explicit date 06/11/1889 from page 20 for event_date and recorded the conflicting page 1 date information in additional_information for manual review.,36639-36650,38402
ambiguous event boundary,"The page sequence for the Melbourne Liedertafel Concert jumps from ""=== Page 20 ==="" to ""=== Page 1 ==="", suggesting two document states or merged materials.","Treated the material as a single event because the title and venue appear continuous, but flagged for review.",36638-36655,not located
incomplete information,"The text for ""The Ship o' the Fiend"" is cut off at ""With merchandis /     And my..."" within the chunk.",Preserved the truncated OCR exactly as present.,36692-36695,not located
ambiguous attribution,"The passage beginning ""And it was Olav Trygvason"" appears as a separate item in the program but no heading, composer, or performer is visible in this chunk.",Recorded it as a separate performance with null performance_type and no explicit attribution.,36732-36765,8547
incomplete information,"The text for ""Lord Ullin's Daughter"" is truncated at the page break after ""And I'll give you a guinea and / To row"".",Preserved the OCR exactly as present and continued with subsequent visible text.,36925-36929,38461
duplicate information,The title page information for the 27 September 1899 concert appears twice in the chunk on pages 1 and 3.,Created one event and noted the repeated title information in additional_information.,36990-37021,38470
potential misspelling,"The performer name ""SIGNOR ACHILLE REBOTTAPO"" may contain OCR or spelling issues, but this cannot be resolved from the source alone.",Preserved the name exactly as printed and flagged for manual review.,37032-37033,38479
duplicate information,The 1899 concert title information appears duplicated across separate pages in the chunk.,Treated the repeated title pages as part of a single event and noted duplication in additional_information.,36990-37021,not located
potential misspelling,"The baritone's surname appears in conflicting forms: REBOTTAPO, REBOTTARO, and REBOTARO.",Preserved each spelling exactly as it appears and included them in credits/additional_information.,37032-37235,not located
OCR error,The text 'mamma dew' in the lyrics may be an OCR error or textual irregularity.,Preserved the wording exactly in the lyrics transcript.,37116-37119,38540
non-musical information,Printer information appears in the 1899 programme and is not itself a musical event item.,Preserved it in event additional_information and credits as printer.,37258-37261,38516
non-musical information,Page 2 of the 1970 souvenir programme contains an advertisement rather than event programme content.,Created a separate non-event entry containing the advertisement text.,37293-37320,38720
incomplete information,The orchestral personnel list and abbreviations note continue only partially within this chunk; the abbreviations section is cut off after 'W.A. — Western Australia'.,Extracted only the visible personnel and abbreviation text without inferring missing continuation.,37474-37475,38614
ambiguous attribution,"The dates in parentheses following composer names in the 1970 programme may be composer life dates rather than work dates, and one line places '(1743-1805)' immediately after the soloist line.",Preserved the parenthetical dates in performance additional_information rather than normalizing them.,37328-37344,38626
incomplete information,"The Australian Youth Orchestra roster begins mid-list, so earlier instrument groups and contextual event information are missing from this chunk.",Extracted only the visible roster fragment and visible programme/material; noted that the roster begins mid-list in additional_information.,37401-37407,not located
potential misspelling,"State abbreviation expansion appears as ""S.A. — Southern Australia,"" which may be unusual or erroneous, but must be preserved as printed.",Preserved the wording exactly and flagged for review.,37474-37481,38745
non-musical information,Advertisement for Billy Casper and SHIRO (PHILS.) INC. is unrelated to a musical event.,Created a non-event record and placed advertisement text in additional_information.,37483-37494,not located
incomplete information,"The Brian D. Barnes One Man Theatre Festival gives only a date range ""3rd to 13th September, 1970"" rather than a complete single event date.",Set event_date to null and preserved the date range in additional_information.,37506-37510,38801
non-musical information,Advertisement for Philip Morris Menthol 100's is unrelated to a musical event.,Created a non-event record and placed advertisement text in additional_information.,37678-37708,not located
non-musical information,Advertisement for San Miguel Corporation products is unrelated to a musical event.,Created a non-event record and placed advertisement text in additional_information.,37710-37758,not located
ambiguous event boundary,"A new document begins at ""=== Page 1 ==="" for THE ROYAL METROPOLITAN LIEDERTAPEL after non-event pages. Only introductory and orchestra roster pages are visible, so the full concert document extends beyond the chunk or is incomplete within it.",Treated the visible pages as a separate event document and extracted only information present in the visible pages.,37760-37900,20902
incomplete information,"The Royal Metropolitan Liedertapel concert pages visible in this chunk do not include programme items; only title, officers, concert heading, and orchestra roster are present.",Created the event with an empty performances list and preserved visible contextual information in additional_information.,37808-37900,not located
ambiguous event boundary,"The first visible event consists of orchestra personnel and assisting artists, but its title, date, venue, and programme context are not present in this chunk, indicating the event began before the chunk.",Created a separate event with null unavailable fields and preserved all visible personnel and notes in credits and additional_information.,37826-37930,not located
OCR error,"Possible OCR or printing error in instrument heading ""Side Drum & Triangl"".",Preserved the heading exactly as printed in the credit role.,37902-37903,39038
OCR error,"Possible OCR or printing error in instrument heading ""Grand Cass and Cymbals.""",Preserved the heading exactly as printed in the credit role.,37905-37906,39039
conflicting information,"The review names the composer as ""the Rev. J. H. Mee,"" while the programme line reads ""Dr. John H. Ree,"" which may indicate a conflict or OCR problem.",Preserved both forms in the event credits/additional_information without reconciliation.,37934-37942,not located
ambiguous event boundary,"The ""Extract from the ""Musical Times,"""" may be contextual programme note material rather than a separate event; it is attached here to the programme event because the subsequent pages clearly present the same work.",Included the review text in additional_information for the programme event rather than creating a separate non-event.,37931-37935,not located
incomplete information,The text of No. 5.—EPILOGUE. is truncated because the chunk ends mid-verse.,Transcribed all visible text only and noted truncation in the performance additional_information.,38280-38325,not located
ambiguous event boundary,The first event begins mid-performance and likely belongs to a larger concert program that started before this chunk.,Created a concert event with visible text only and noted that the opening performance text is incomplete.,38251-38336,39107
non-musical information,"Membership list is not itself a musical event program item, though it is related to the organization.","Created a separate event with event_type ""non-event"" and preserved the full membership list in additional_information.",38479-38599,not located
ambiguous event boundary,"A new event heading for 1892 appears immediately before another distinct document beginning with page 1 for 1905, suggesting multiple documents within the chunk.",Separated the 1892 heading as its own event and the 1905 Melbourne Liedertafel material as another event.,38600-38614,not located
non-musical information,Advertisements and OCR metadata appear within the 1905 document pages.,Preserved this material in event additional_information for the 1905 event.,38617-38750,not located
OCR error,"The credit line reads ""PRO. MARSHALL-HALL."" which may be an OCR error for a title, but cannot be corrected from the source alone.",Preserved the wording exactly in the credits and flagged for review.,38705-38706,not located
OCR error,"The role heading reads ""Deputy Hon. Pianistis:"" which appears irregular.",Preserved the wording exactly in the credits and flagged for review.,38721-38723,not located
OCR error,"The advertisement line ""For ... Telephone 1764."" is partially illegible or corrupted.",Preserved the wording exactly in additional_information and flagged for review.,38648-38648,39287
incomplete information,"The 1905 concert date is stated textually as ""July 31st, 1905"" without numeric month formatting in the source; schema requires dd/mm/yyyy only when complete date is explicitly available.",Left event_date as null and preserved the textual date in event_name/additional_information.,38612-38612,39262
non-musical information,Administrative roster of officers and council appears in the chunk and is not itself a musical event.,Created a non-event record and preserved roles and names as credits.,38676-38733,not located
non-musical information,Advertisement for optical goods and services.,Created a non-event record and preserved advertisement text in additional_information.,38734-38745,not located
non-musical information,Advertisement for hair coloring product.,Created a non-event record and preserved advertisement text in additional_information.,38747-38765,not located
non-musical information,Choir membership roster is not itself a musical event.,Created a non-event record and preserved all names and note '(*) Signifies on leave.',38767-38917,not located
non-musical information,Photography studio advertisement.,Created a non-event record and preserved advertisement text in additional_information.,38918-38933,not located
non-musical information,Piano advertisement.,Created a non-event record and preserved advertisement text in additional_information.,38934-38948,not located
potential misspelling,Role appears as 'PRO. MARSHALL-HALL.' which may be an OCR or source issue.,Preserved exactly as printed in the credit.,38705-38706,not located
potential misspelling,Role appears as 'Deputy Hon. Pianistis:' which may be an OCR or source issue.,Preserved exactly as printed in the credit role.,38721-38723,not located
potential misspelling,"Choir name appears as 'Statteis, J.' which may conflict with earlier 'MR. J. STATTERS.'",Preserved both forms exactly as they appear.,38876-38877,39377
duplicate information,Advertisement repeats the slogan 'British Pianos For British People' twice.,Preserved repeated wording in additional_information.,38937-38939,39418
incomplete information,"Programme event begins within the chunk but lacks explicit event name beyond generic heading 'Programme', and venue/date/location are not visible in this chunk.",Created a concert event with null values for unavailable fields.,38950-38952,not located
incomplete information,The final item 'Song of the Pirates' is cut off by the end of the chunk.,Transcribed only visible text and noted truncation in performance additional_information.,39146-39175,not located
potential misspelling,Performance type appears as 'Gantata—' which may be an OCR or source issue.,Preserved exactly as printed for the performance type.,39029-39030,not located
incomplete information,Part Song 'Serenade' shows no composer in the visible chunk.,Left composer out of credits for this item and preserved only visible performer and text.,39008-39019,not located
OCR error,Advertisement heading reads 'The... Angelus' with ellipsis-like unreadable characters.,Preserved as printed and created a flag for manual review.,39061-39061,39565
non-musical information,Optician advertisement.,Created a non-event record and preserved advertisement text in additional_information.,38994-39006,not located
non-musical information,Piano-playing instrument advertisement.,Created a non-event record and preserved advertisement text in additional_information.,39060-39071,39565
ambiguous event boundary,"The first visible line appears to belong to a preceding item, and the surrounding concert program is incomplete within this chunk.",Created a program-fragment event and preserved the isolated line as a separate performance note within the event additional information/performances.,39101-39102,7557
non-musical information,Advertisement material for corsets appears between music-program pages.,Recorded as a separate non-event.,39198-39208,39640
non-musical information,Commercial invitation and store advertisements appear in the chunk.,Recorded as a separate non-event.,39210-39244,136
ambiguous event boundary,"The Musashino Academia Musicae orchestral concert booklet includes program, profiles, notes, roster, advertisements, and future event listings; some of these may be separate documents or ancillary matter.","Separated the main concert from clearly distinct future event listings and non-event advertisements, while preserving page references in additional_information.",39246-39588,39678
incomplete information,The main Musashino concert gives month and day for two performances but no explicit year attached directly to the dates in a complete date format.,Left event_date null and preserved visible dating text in additional_information.,39285-39297,not located
OCR error,"Possible OCR/text inconsistency in soloist romanization: Japanese name ""宇野 周子"" is paired with English ""Piano: Kaneko Uno"".",Preserved both forms exactly and included them together in credits.,39264-39265,not located
OCR error,Possible OCR corruption in the quoted Richter line beginning with an unusual character before the name.,Preserved the wording exactly in non-event additional_information.,39589-39591,39849
incomprehensible OCR,Some program-note text appears garbled or corrupted in several places.,Did not normalize or correct; preserved only at event level as contextual additional information rather than forcing corrupted prose into structured fields.,39364-39368,not located
formatting error,"Instrument roster on Page 7 appears misordered or misgrouped, with names following ""Violoncello"" before ""Double Bass,"" and some later instrument headings followed by unexpected counts.",Did not convert the roster into detailed performer credits because instrument-to-name mapping is uncertain in this OCR chunk.,39475-39560,not located
incomplete information,"The final document ""武蔵野音楽大学 楽器博物館"" is only a header/front matter in this chunk; no event content is visible.",Recorded as a non-event with document-header information only.,39595-39600,not located
incomplete information,"Instrumentalist names at the beginning of the chunk appear without a visible event heading or context, so they could not be confidently attached to a specific event.",Did not create a separate event for the isolated name lists; preserved by flag only.,39526-39560,not located
non-musical information,YAMAHA CONCERT GRAND PIANO CF appears to be advertisement copy rather than a musical event.,Created a non-event record and placed the text in additional_information.,39588-39594,28291
non-musical information,武蔵野音楽大学 楽器博物館 pages describe a museum and its holdings rather than a specific musical event.,Created a non-event record and preserved the descriptive text in additional_information.,39595-39764,39860
OCR error,Possible OCR corruption in quoted speaker name.,Preserved the text exactly as printed in credits and additional_information.,39591-39591,39849
OCR error,Possible OCR or typographical error in work title 'Symphonic Peom'.,Preserved the title exactly as printed.,39817-39817,40054
incomplete information,Several Japanese listings give month/day and time but no year.,Set event_date to null for those events and preserved the original text in additional_information.,39562-39587,not located
incomplete information,"Graduation Recital for Selected members has only a composer line visible, with no recoverable work title in this chunk due to a very long dotted OCR line.",Created the event with available information and left performances empty.,39928-39933,33324
incomprehensible OCR,Extremely long dotted line after 'R. Wagner' prevents reliable extraction of the work title.,Did not invent a title; flagged for manual review.,39933-39933,not located
ambiguous attribution,"In the Undergraduate Students' Composition Recital, composer names are paired with works by layout rather than explicit role wording.",Recorded the names as composers at event level and repeated the associated name in each performance additional_information.,40003-40010,not located
potential misspelling,Possible unusual spelling 'Borobudor' in a work title.,Preserved exactly as printed.,40004-40004,40686
potential misspelling,Possible unusual spelling 'Addinsel' in composer name.,Preserved exactly as printed.,39862-39862,40121
conflicting information,"The Japanese dates earlier in the chunk for 管弦楽団・合唱団演奏会 are 12月4日 and 12月9日, while the English season program lists Orchestra and Choir on December 7 and December 8, 1976. They may be different documents or conflicting schedules.",Extracted them as separate events because they appear in separate document contexts and dates differ.,39572-39575,39788
ambiguous event boundary,"The chunk contains multiple distinct documents: a Japanese schedule fragment, an advertisement, a museum booklet, and an English concert program.",Separated these into distinct event/non-event records based on headings and page breaks.,39562-40025,not located
incomplete information,"The chunk begins with repertoire lines belonging to an event whose heading, date, venue, and performers are not visible in this chunk.",Created a separate event with null event-level fields where unavailable and preserved the visible program entries.,39951-39958,40797
ambiguous attribution,"In the first visible line, 'Concerto in b by Giuseppe Meck' appears after the composer name 'J.G. Walter', making attribution unclear.",Recorded J.G. Walter as the composer from the left column and preserved 'by Giuseppe Meck' in additional_information for the performance.,39951-39951,40797
duplicate information,The same work title 'Mephisto-Walzer Nr.1' appears twice in the same Undergraduate Students’ Piano Recital program.,Preserved both occurrences as listed in the source.,40054-40059,not located
duplicate information,The same work 'Konzert D dur Op.77 I Satz (Vln.)' by J. Brahms appears twice in the Undergraduate Students’ Strings Recital program.,Preserved both occurrences as listed in the source.,40114-40116,not located
OCR error,A massive run of dotted filler after 'F. Liszt' prevents recovery of the work title in the Undergraduate Students' Piano Recital.,Created a performance entry with null performance_name and preserved the visible OCR string in additional_information.,40127-40127,41610
ambiguous event boundary,"Some events in the SPECIAL CONCERTS and recital listings have two separate date/venue lines, making it unclear whether they are one event with repeat performances or two separate events with the same program.",Represented each heading and its listed program as a single event and preserved both date/venue lines in additional_information.,40266-40267,42101
ambiguous event boundary,"Detlef Kraus Piano Recital has two date/venue lines, suggesting repeat performances or separate events.",Represented as a single event and preserved both date/venue lines in additional_information.,40286-40290,not located
ambiguous event boundary,"Miwako Matsumoto Soprano Recital has two date/venue lines, suggesting repeat performances or separate events.",Represented as a single event and preserved both date/venue lines in additional_information.,40303-40304,not located
non-musical information,"The GRADUATE STUDENTS’ RECITALS section is explanatory prose stating that programs are not included, not a specific musical event program.",Created a non-event record and preserved the prose in additional_information.,40440-40445,42807
non-musical information,"The GROUP CONCERTS section is explanatory prose stating that programs are not included, not a specific musical event program.",Created a non-event record and preserved the prose in additional_information.,40447-40450,20390
incomplete information,"Year is not explicitly stated in the Youth Concert entry, though later pages indicate season 1968~1969. Complete date was not inferable solely within the immediate event lines.",Used 18/10/1968 based on the broader season context visible in the chunk; manual review recommended.,40376-40387,42567
incomplete information,PUBLIC LECTURES entries list month and day but no year in the immediate listings.,Assigned 1968 or 1969 based on surrounding season context in the chunk; manual review recommended.,40390-40439,42617
incomplete information,Page 21 contains page metadata rather than program content.,Did not create a separate metadata event; preserved relevant front matter elsewhere only when useful.,40454-40461,5726
potential misspelling,"Heading reads 'GROUP CONCERNS' on Page 22, which may be an OCR or source issue relative to nearby 'GROUP CONCERTS'.",Preserved wording in flag only; did not create a separate event from this isolated heading.,40463-40465,not located
non-musical information,"Pages 1-4 include front matter, contents, and metadata rather than a single musical event.",Created one non-event record for the front matter and contents.,40466-40513,1630
potential misspelling,Role appears as 'CONDUCTER' rather than expected spelling.,Preserved as printed in credits.,40541-40544,not located
potential misspelling,Work title appears as '3 Mazurukas'.,Preserved OCR/source wording.,40566-40569,not located
incomplete information,"Brahms Series gives dates without explicit year on each line, but '1969' appears as a separate line applying to the series.",Kept event_date null and represented dated sub-series as sections.,40580-40608,10659
incomplete information,"Opera run is given as a date range 'June 8-11, 1968' rather than a single complete date in required format.",Set event_date to null and preserved the range in additional_information.,40621-40639,43677
potential misspelling,Production role appears as 'Cosutume'.,Preserved OCR/source wording in credits.,40632-40632,not located
potential misspelling,Work title appears as 'Carnival Op. 9'.,Preserved OCR/source wording.,40690-40692,not located
formatting error,Two Debussy pieces appear run together on one line: 'Les collines d'Anacapri General Lavine eccentric'.,Preserved as a single performance title for manual review.,40697-40699,not located
potential misspelling,Work title appears as 'Grand duo Concertanto for Clarinet and Piano Op. 48'.,Preserved OCR/source wording.,40748-40748,not located
ambiguous attribution,Line 'Pietro Metastasio' appears under Händel's 'Siroe' and may indicate librettist or text author rather than a performed number.,Included Pietro Metastasio as an event-level credit and preserved the line in lyrics_transcript for the performance.,40807-40809,not located
potential misspelling,Title appears as 'Botchaft'.,Preserved OCR/source wording.,40822-40824,25673
potential misspelling,Catalog number appears as 'Np. 61'.,Preserved OCR/source wording.,40834-40835,44785
potential misspelling,Opera title appears as 'Die Zauberflote' without umlaut in this instance.,Preserved as printed.,40857-40861,not located
potential misspelling,French text appears as 'une affair'.,Preserved OCR/source wording.,40867-40868,44964
incomplete information,"Chunk ends mid-program for Sat. December 7, 1968 String Ensemble by Students.",Created partial event with only visible repertoire and flagged as incomplete.,40872-40875,not located
ambiguous event boundary,"The first four lines appear to be a continuation of a prior event with no visible heading, date, or boundary in this chunk.",Created a fragmentary concert event with null event-level details and preserved the listed works in additional_information and performances.,40801-40804,not located
incomplete information,"Several dated events give month, day-of-week, month, and year textually, but not in a form that can be converted to dd/mm/yyyy without inferring the numeric day from ordinal-free wording conventions.",Left event_date as null and preserved the original date wording in additional_information.,40806-40901,not located
OCR error,Possible OCR issue in work title 'Rossigno! et la rose'.,Preserved the text exactly as printed and flagged for review.,40813-40813,44643
OCR error,Possible OCR issue in title 'Botchaft'.,Preserved the text exactly as printed and flagged for review.,40823-40823,25673
OCR error,Possible OCR issue in title 'Polonaise-Fantasie Np. 61'.,Preserved the text exactly as printed and flagged for review.,40835-40835,44785
OCR error,Possible OCR issue in title 'Die Zauberflote'.,Preserved the text exactly as printed and flagged for review.,40857-40857,not located
OCR error,Possible OCR issue in text 'Nous avons en tête une affair'.,Preserved the text exactly as printed and flagged for review.,40868-40868,44964
incomprehensible OCR,The duet title 'Duetto Le eliege' is unclear and may contain OCR corruption.,Preserved the wording exactly in additional_information for the performance and flagged for manual review.,40869-40870,44971
OCR error,Possible OCR issue in composer credit 'O. Fauré'.,Preserved the text exactly as printed and flagged for review.,40892-40892,45537
non-musical information,Pages 17-18 contain OCR metadata fields rather than program content.,Did not create separate metadata-only events; preserved only surrounding page-context where useful.,40907-40923,not located
non-musical information,"Pages 2-6 and 8-16 of the 1939 souvenir programme contain advertisements, articles, photographs, and promotional text not constituting musical events.",Created non-event entries to preserve the material.,40932-41175,not located
duplicate information,The HIAWATHA souvenir programme appears in one event entry and the later cast table pages describe the same production again.,"Created a separate event for the cast-table fragment because it appears as a distinct document section in this chunk, and noted duplication for manual review.",40925-41200,not located
incomplete information,The HIAWATHA cast table is truncated; the third table begins but most entries are not visible in this chunk.,Preserved all visible cast assignments in additional_information and left the remainder unexpanded.,41177-41200,not located
OCR error,Possible OCR issue in the cast name 'HEINRY WENDON'.,Preserved the spelling exactly as it appears and flagged for review.,41109-41110,45985
OCR error,Possible OCR issue in cast list name 'LAEIA FINNEBERG' versus later 'LAELIA FINNEBERG'.,Preserved both forms exactly where they appear and flagged the discrepancy.,41018-41018,45649
duplicate information,A partial duplicate cast table appears at the beginning of the chunk before the full tables start.,Preserved the visible repeated entries within the main Hiawatha event and noted likely duplication.,41226-41236,not located
incomplete information,"The chunk begins mid-document and mid-table, so event title, venue, location, and year for the cast tables are not visible here.",Created the Hiawatha event using only information visible in the chunk and left unavailable fields null.,41226-41245,not located
OCR error,"The role name appears as 'Iago' in cast tables but as 'Jagoo' on a later page for HOWARD HEMMING, suggesting conflicting/OCR-corrupted naming.",Recorded both forms as separate credits and flagged for manual review.,41270-41660,not located
potential misspelling,"The singer name appears as 'HEINRY WENDON' multiple times, which may be misspelled OCR.",Preserved 'HEINRY WENDON' exactly as printed and also preserved separate occurrence 'HENRY WENDON' elsewhere.,41266-41614,not located
conflicting information,The same apparent person may appear under two spellings: 'HEINRY WENDON' and 'HENRY WENDON'.,Recorded both spellings separately in credits.,41266-41614,not located
conflicting information,The same apparent role-holder may appear under two spellings: 'MURIEL RAE' in cast tables and 'MURIEL RAH' on Page 25.,Recorded both spellings separately in credits.,41310-41680,not located
conflicting information,The Medicine Man credit appears under two forms: 'CHIEF OS-KE-NON-TON of the Mohawk Tribe' and 'OS-KB-NON-TON'.,Preserved both forms as separate credited names for the role.,41459-41670,not located
incomprehensible OCR,The line beginning 'Gitche Manitö—the Great Spirit' is followed by an extremely long run of dots/ellipsis-like filler with no recoverable assigned name.,Mentioned the incomplete credit in additional_information and flagged it.,41467-41467,46035
incomplete information,A credit line 'REGINALD ASKEW' appears at the end of the chunk without any associated role or continuation.,Recorded as an incomplete credit and flagged for manual review.,41725-41725,45655
non-musical information,Several pages in the chunk are advertisements or institutional notices unrelated to a specific musical performance.,Created separate non-event entries for these materials.,41469-41698,not located
ambiguous event boundary,"The first event in this chunk is only a fragment of a larger program. Cast and production credits are visible, but the event title and fuller identifying details are not shown in the supplied lines.",Created a separate event using only the visible cast/production information and left unavailable event-level fields as null.,41652-41730,46311
potential misspelling,"The cast name/role string ""OS-KB-NON-TON"" appears unusual and may reflect OCR or source spelling issues.",Preserved the wording exactly as printed and recorded it as a credit.,41669-41670,not located
non-musical information,Travel advertisement material appears in the chunk and is unrelated to a musical event.,Excluded it from musical-event records and instead represented musical institutional notices separately where appropriate; no standalone event was created for this advertisement because the chunk already contains multiple clear unrelated advertisements and the extraction focuses on recoverable event-related material.,41689-41699,46266
non-musical information,Piano advertisement material appears in the chunk and is unrelated to a musical event.,Did not treat it as a musical performance event.,41904-41924,not located
non-musical information,Sea voyage advertisement material appears in the chunk and is unrelated to a musical event.,Did not treat it as a musical performance event.,42050-42078,not located
non-musical information,Advertisement and promotional material unrelated to a musical event appears in the chunk.,Grouped unrelated material into a separate non-event entry and preserved representative wording in additional_information.,42076-42078,46564
non-musical information,Hospital appeal unrelated to a musical event.,Included in non-event additional_information.,42176-42180,46564
non-musical information,Magazine advertisement unrelated to a musical event.,Included in non-event additional_information.,42183-42185,46564
non-musical information,Food advertisement unrelated to a musical event.,Included in non-event additional_information.,42187-42202,46564
ambiguous event boundary,The musical work appears to begin before this chunk and/or continue beyond it; only internal sections and text are visible here.,Extracted visible sections as separate events without inferring missing surrounding program information.,42081-42081,46450
ambiguous event boundary,Act II continues across interrupted pages with advertisements between pages 37 and 39.,Combined visible Act II text into one event and noted advertisement interruption in additional_information.,42205-42434,46491
ambiguous event boundary,Act III is incomplete at the end of the chunk.,Extracted only the visible synopsis and lyrics and noted truncation in additional_information.,42458-42575,46524
OCR error,"Possible OCR error in lyric text: ""In than melancholy forest"" may be corrupted.",Preserved wording exactly as printed and flagged for review.,42288-42290,46515
potential misspelling,"Variation between ""Iagoo"" and ""Iago"" appears within the chunk.",Preserved each form exactly where it appears and flagged the variation.,42104-42104,46456
potential misspelling,"Variation between ""Iagoo"" and ""Iago"" appears within the chunk.",Preserved each form exactly where it appears and flagged the variation.,42460-42460,46541
non-musical information,Newspaper advertisement includes a music-related promotional heading but is not itself a musical event.,Included in non-event additional_information rather than treating it as an event.,42300-42310,563
non-musical information,Hospital fundraising appeal unrelated to a musical event.,Included in non-event additional_information.,42312-42331,46564
non-musical information,Slimming product advertisement unrelated to a musical event.,Included in non-event additional_information.,42437-42455,46564
non-musical information,Phosferine and Burberry advertisements unrelated to a musical event.,Included in non-event additional_information.,42546-42568,46564
ambiguous event boundary,"The Hiawatha text begins mid-sentence and may continue beyond the chunk; it is unclear whether it belongs to a musical program item, literary excerpt, or other document context.",Extracted it as a non-event textual item and preserved the visible heading and all visible text in one section.,42501-42839,46548
potential misspelling,"The name appears as both ""Iago"" and ""Iagoo"" within the same text, which may indicate OCR variation or source inconsistency.",Preserved both forms exactly as they appear in the transcript.,42503-42503,46548
potential misspelling,"Possible variant or OCR inconsistency in the name form ""Iagoo"" compared with earlier ""Iago"".",Preserved the spelling exactly as printed and noted inconsistency for review.,42571-42571,46548
non-musical information,Advertisement for PHOSFERINE TONIC WINE is unrelated to a musical event.,Created a separate non-event entry and transcribed the advertisement text into additional_information.,42546-42558,46564
non-musical information,Advertisement for BURBERRYS LTD. is unrelated to a musical event.,Created a separate non-event entry.,42560-42568,46564
non-musical information,Advertisement for brandies is unrelated to a musical event.,Created a separate non-event entry.,42699-42710,46644
non-musical information,Children's Country Holidays Fund appeal is unrelated to a musical event.,Created a separate non-event entry.,42841-42853,46664
non-musical information,College of Violinists institutional advertisement is not a specific musical event.,Created a separate non-event entry.,42987-43000,46823
incomplete information,"The College of Violinists advertisement is cut off at the end of the chunk after ""Hon. Secretary:"".",Preserved the truncated text and flagged it as incomplete.,42997-43000,46833
formatting error,"The catalog entries are presented in OCR as HTML-like table markup, which may obscure original column labels and alignment.",Transcribed the entries into structured performances and preserved numbering and prices in additional_information.,42858-42981,not located
incomplete information,"For the Men's Voice Choirs and Ladies' Choirs and Schools tables, column headers are blank in the OCR, so the meaning of some numeric columns is not explicitly labeled.",Preserved the values as they appear in additional_information without inferring missing headings.,42897-42904,46685
incomplete information,The credited Hon. Secretary for the College of Violinists is referenced but not named in the visible chunk.,Included the role in credits with an empty name string because the role is explicit but the name is absent in the visible text.,42999-43000,46833
incomplete information,"The chunk begins in the middle of a table/catalog entry, so preceding heading and context for lines 42926-42941 are missing.",Captured the visible fragment in additional_information of the related non-event catalog entry and did not infer the missing heading.,42926-42941,not located
non-musical information,College of Violinists material is an institutional advertisement rather than a specific musical event.,"Recorded as event_type ""non-event"" with all visible institutional details preserved.",42987-43004,not located
non-musical information,"Pages 47-52 contain advertisements, glossary material, and publication listings rather than discrete musical events.",Separated each into non-event records preserving text in additional_information.,43005-43231,not located
OCR error,"Possible OCR corruption in personal/work title text ""Wolfgang Adamantus Mewart"" and heading ""キーツァント像"".",Preserved the text exactly as given and flagged for manual review.,43293-43296,47073
potential misspelling,"Glossary entry contains unusual word ""expremess"" which may be an OCR or spelling issue.",Preserved exactly in additional_information and flagged.,43145-43145,46947
incomprehensible OCR,"A very long sequence of repeated dotted filler follows the HIAWATHA. The Death of Minnehaha entry, obscuring whether any further information was present.",Captured the readable text before the filler and noted the issue in additional_information.,43178-43179,46966
duplicate information,Dewar advertisement repeats medal counts and award statements.,Preserved the repetition in additional_information and flagged as possible duplicate advertising layout content.,43214-43225,47019
duplicate information,"Contents page lists ""学園創立50周年に臨んで"" twice with consecutive page numbers 63 and 64.",Preserved both occurrences in additional_information.,43274-43275,not located
ambiguous attribution,"The line ""(CHOREOGRAPHER, HIAWATHA, ELIJAH, Etc.)"" does not clearly specify whether these are productions, works, or contexts for Miss EUPHAN MACLAREN's role.",Recorded MISS EUPHAN MACLAREN as choreographer and preserved the exact parenthetical wording in additional_information.,43118-43120,not located
conflicting information,"Institutional history includes a chronology where within 昭和4 appears ""3/23 = 第一回卒業式を挙行"", which may be surprising in context.",Preserved exactly without interpretation and flagged for manual review.,43365-43371,not located
non-musical information,"The chunk is predominantly institutional history, organization, educational description, and catalog/tabular material rather than concert or opera programs.",Created non-event records to preserve the information in structured form.,43352-43850,not located
ambiguous event boundary,"The heading '創立10周年祝賀会 / The 10th anniversary celebration' appears inside a broader 'History / 学園沿革' page and is followed by chronology entries rather than a distinct event program, so it is unclear whether it represents a separate event or a section heading within history.",Included it within a non-event history record rather than creating a separate musical event.,43359-43409,not located
ambiguous event boundary,"The heading '●創立30周年祝賀会 / The 30th anniversary celebration' with '●ベートーヴェンホール / Beethoven Hall' may indicate a distinct commemorative event, but the visible text consists of historical chronology rather than a program.",Created a separate non-event record preserving the heading and venue while noting the ambiguity.,43415-43469,47152
duplicate information,The table under '外国語科目、専門教育科目' appears to be repeated immediately again under '作曲学科' with the same visible rows and headings.,Preserved the repetition in additional_information and flagged it for manual review.,43772-43850,not located
incomplete information,The final table is cut off by the chunk boundary and does not continue past line 43850.,Recorded only the visible portion and noted that the material is incomplete.,43816-43850,not located
formatting error,An OCR metadata block is embedded in the source and is not part of the historical/institutional prose.,Preserved the metadata text within non-event additional_information and flagged it as formatting-related material.,43563-43569,28711
incomprehensible OCR,"Japanese prose on page 18 is broken across lines, producing split words such as '配慮されてい / る。' and '修得し、か / つ'.",Preserved the broken OCR wording in additional_information and flagged for review.,43702-43712,not located
non-musical information,The entire visible chunk consists of academic/curricular tables and page markers rather than a musical event program or description.,Created a single event with event_type 'non-event' and placed the recoverable content into additional_information.,43776-44275,not located
duplicate information,"The tables associated with 作曲学科, 声楽学科, and 器楽学科有鍵楽器専修（ピアノ、オルガン） appear to repeat the same header structure and row values.",Preserved the repetition in additional_information and flagged it for manual review as possible duplicate information.,43816-43946,not located
OCR error,"The header cell '科日' may be an OCR error or misread character sequence, but this cannot be corrected from the supplied text alone.",Preserved the text exactly as '科日' in the transcription and flagged it.,43962-43962,not located
duplicate information,"On Page 22, the header '音楽教育実習' is repeated an unusually large number of times, suggesting either OCR duplication or a formatting issue in the source extraction.",Preserved the repeated text in additional_information and flagged it for manual review.,44069-44275,not located
incomplete information,"The Page 22 table is cut off by the chunk boundary and continues beyond the visible text, so the full table contents cannot be recovered here.",Recorded only the visible headers and noted that the table continues beyond the chunk.,44059-44275,not located
duplicate information,"The same text, <th>音楽教育実習</th>, is repeated continuously throughout the entire chunk.",Captured the chunk as a single non-event and preserved the repeated-header information in additional_information rather than reproducing each identical line separately as separate events.,44201-44700,47224
non-musical information,The visible material appears to be repeated HTML-like table header markup rather than a musical event listing or program.,Classified the extracted item as event_type 'non-event'.,44201-44700,47224
non-musical information,The chunk contains educational/catalog text and tabular curriculum data rather than a musical event program or performance description.,"Created a single event with event_type ""non-event"" and preserved the visible text in additional_information.",44445-45125,not located
duplicate information,"The line ""<th>音楽教育実習</th>"" is repeated many times consecutively, suggesting duplicated OCR/table extraction.",Preserved the repetition in summarized form in additional_information and flagged for manual review.,44626-44741,47224
incomplete information,"The final repeated header line is truncated as ""<th>音楽教育"" and the table row continues beyond the chunk, so the table content is incomplete within this excerpt.",Preserved the truncated text and noted that only visible portions of the table were extracted.,44742-45125,not located
non-musical information,"The chunk contains no identifiable musical event content, only repeated HTML-like table cell text.",Created a single non-event record and preserved the repeated-table-cell nature of the material in additional_information.,45051-45550,47242
duplicate information,The source appears to consist of the same entry repeated across the entire chunk.,Preserved the repetition at a summary level in additional_information rather than enumerating every identical instance individually.,45051-45550,47242
formatting error,The chunk appears to be raw HTML or OCR-extracted markup rather than readable program text.,Recorded the material as non-event content and noted the markup format in additional_information.,45051-45550,47242
OCR error,Large block of repeated HTML-like table cell text appears unrelated to readable content and likely reflects OCR or markup extraction noise.,Preserved the repeated text in additional_information summary and flagged for review.,45476-45745,not located
non-musical information,"The chunk consists primarily of academic catalog, faculty roster, and institutional descriptive material rather than a specific musical event.","Created a single event with event_type ""non-event"" and placed the material in additional_information.",45747-45975,47278
incomplete information,"Multiple faculty/course entries end with blank subject fields or placeholder punctuation such as ""…………"" or ""……………。"", making the specific attribution incomplete.",Preserved the entries verbatim in additional_information without inferring missing subjects.,45857-45975,47278
potential misspelling,"Some personal names may contain OCR or spelling issues, but this cannot be resolved from the chunk alone.",Preserved spellings exactly as printed and flagged representative examples for manual review.,45797-45822,not located
formatting error,"The source mixes page markers, bullets, Japanese and English text, and roster formatting, making structural boundaries uncertain.",Treated the entire visible chunk as one non-event document rather than inventing separate events.,45747-45975,not located
non-musical information,The material in lines 045921-046400 is primarily institutional/faculty/curriculum information rather than a specific concert or performance program.,Extracted as non-event records and preserved page/context information in additional_information.,45921-46400,not located
ambiguous event boundary,"The list beginning before Page 30 appears to continue from an earlier page, so the full boundary of the document or section is not visible in this chunk.",Included the visible pre-Page-30 lines in additional_information of the institutional listing and flagged for manual review.,45901-45918,not located
incomplete information,"Many names in the faculty listing appear without explicit role or subject on the same line, often followed only by punctuation, making precise attribution uncertain.","Preserved names in credits where a role or subject heading was nearby, and noted the uncertainty in additional_information.",45924-46017,not located
ambiguous attribution,"Some subject headings may apply to multiple following names, but the exact grouping is not fully explicit in the OCR layout.",Grouped credits under the visible adjacent subject headings without inferring beyond the visible sequence; manual review recommended.,45945-46284,not located
OCR error,"Possible OCR or character-recognition issues appear in several names/terms, including unusual punctuation and characters.",Preserved the OCR exactly and did not normalize spelling or characters.,45924-46284,not located
formatting error,"The curriculum table is cut off mid-row and contains HTML-like table markup rather than plain text, indicating formatting disruption in OCR extraction.",Preserved the visible table text in additional_information and marked the record as incomplete non-event material.,46307-46400,not located
non-musical information,Lines 046326-046457 contain curriculum/table material rather than a musical event.,Created a non-event record and preserved the visible table summary in additional_information.,46326-46457,not located
incomplete information,Many staff-list entries in 高等学校教育職員組織 have names followed by dotted leaders but no visible role/subject.,Preserved these names in a single credit with role 'unlabeled' and noted the issue in additional_information.,46483-46602,not located
potential misspelling,"The name '行方カロリン・マックミネイジング' may contain OCR or spelling issues, but this cannot be corrected from the source alone.",Preserved the name exactly as printed and flagged for review.,46498-46498,47432
potential misspelling,The name 'ツデネーク・コジチ' may be incomplete or irregular in OCR/transliteration.,Preserved the name exactly as printed and flagged for review.,46568-46568,not located
potential misspelling,Subject/role '学察主管' may be unusual or an OCR issue.,Preserved exactly as printed in the credit list.,46602-46602,not located
potential misspelling,"Instrument name appears as 'ハーブ', which may be an OCR or source irregularity.",Preserved exactly as printed as the credited role.,46601-46601,not located
ambiguous attribution,"In the Special Lectures and Concerts list, listed professors may indicate lectures, performances, or visiting-professor appearances; the exact type is not always explicit for each line.",Represented professor entries as special lecture performances and included the original wording in additional_information for review.,46750-46762,not located
potential misspelling,"The Japanese line gives 'レオニード・コーヤーグ教授（ソビエト）' while the English line reads 'Prof. Leonid Kogan', indicating possible OCR/transliteration inconsistency.",Preserved the Japanese wording as the performance name and added the English wording in additional_information.,46754-46754,47763
non-musical information,"Several pages in the chunk are institutional descriptions, student life, guidance, kindergarten information, and facilities rather than discrete musical events.",Created separate non-event records to preserve all recoverable information without forcing inappropriate event structure.,46604-46825,not located
ambiguous event boundary,"Page 47 begins with bullet-point entries that appear to belong to a preceding list or document not fully visible in this chunk, and page 1 at the end begins a new document.",Captured the visible text in additional_information of a non-event record and did not invent missing document structure.,46752-47248,not located
non-musical information,"Most of the chunk consists of institutional guidance, facilities descriptions, campus maps, addresses, and administrative information rather than a specific musical event.",Created a single event with event_type 'non-event' and preserved the material in additional_information.,46765-47245,not located
duplicate information,Pages 73 and 75 contain substantially duplicated cover and institutional directory material with variant wording.,Preserved both versions in additional_information and flagged for manual review.,47121-47232,not located
conflicting information,"The cover artwork attribution/title text differs between pages 73 and 75, including 'Ch.F.グノー' versus 'Ch.F.ダーノ', and donation wording differs ('同氏ご本人から寄贈された' versus '同氏亡き後から寄贈された'). Museum names/locations also differ.",Preserved both conflicting OCR readings verbatim in additional_information.,47121-47189,not located
OCR error,"Several passages appear to contain OCR errors or unusual character substitutions, including '人間校地内' where context may suggest another campus name, '改米', '学げられる', '取聴', '稀観/稀覯', and possible inconsistencies in names.",Preserved the OCR text exactly and flagged for review.,46817-47023,not located
potential misspelling,"Some names may be OCR-affected or inconsistently rendered, such as 'レオニード・コーヤーグ' paired with 'Prof. Leonid Kogan', 'ルイ・ヒルトプラン', and English 'Hayden' for Japanese 'ハイドン'.",Preserved spellings exactly as printed/OCRed and flagged for manual review.,46754-46880,not located
incomplete information,"The newly starting document '亞洲青年音樂營（香港）一九七九 / Asian Youth Music Camp 1979 Hong Kong' is only represented by its title page in this chunk, without event details.",Mentioned the new document start in additional_information but did not create further event details beyond visible text.,47246-47248,47795
non-musical information,"Pages 75-76 contain institutional and cover material for 武蔵野音楽学園, not a musical event programme.",Created a non-event record and preserved the text in additional_information.,47181-47245,47784
duplicate information,"Institution names and address information on pages 75-76 appear repetitive, and page 76 repeats institution names from page 75.",Preserved repeated text in additional_information without deduplication.,47197-47245,47188
formatting error,"Event heading says 'ASIAN MUSIC MASTERS OF CENTURIES 20, 21', which may reflect unusual or erroneous formatting.",Preserved the heading exactly as printed/OCRed.,47449-47450,47823
ambiguous attribution,"In the 7 December programme, 'Hong Hu Shui' is followed by 'Accompanied by Li Ting-yiu', but the instrument/role of Li Ting-yiu is not specified.",Recorded Li Ting-yiu as accompanist in credits and performance additional_information.,47470-47474,47873
ambiguous attribution,"Chinese page 11 appears to continue and partially reorder material from the 7 December programme, making exact item alignment across languages uncertain.",Preserved English and Chinese details in the same event additional_information and avoided forcing uncertain one-to-one linkage beyond clear correspondences.,47619-47668,47840
potential misspelling,"The choir list includes ensemble names that may not be choirs, such as 'Tsuen Wan Youth Chinese Music Orchestra' and 'Hong Kong Youth Chinese Orchestra' under the heading 'Choirs'.",Preserved placement exactly as listed and flagged for review.,47534-47544,12035
ambiguous attribution,"For the 10 December entry, the English page gives 'Chinese Music Concert' while the Chinese page includes '中國音樂協會', which may be a title, presenter, or OCR issue.",Kept 'Chinese Music Concert' as event name and preserved the Chinese phrase in additional_information.,47557-47564,48000
ambiguous attribution,"Chinese page 11 names for the 15 December event differ from the English page in transliteration and some roles, including '指揮：列都准將' and '（蒙泰來中校特許參加演出）'.",Preserved English credits in structured fields and included the Chinese wording in additional_information for manual review.,47644-47660,48125
incomplete information,The 13 December chamber music event lists only a general description and no individual works or performers in the visible chunk.,Created the event with an empty performances list and preserved the description as section_name/additional_information.,47565-47568,48027
incomplete information,"The opening English concert listing appears to be a fragment continuing from an earlier page or section, with no visible date, venue, or title in this chunk.",Created a separate concert event with null for unavailable event-level fields and preserved visible programme and credits.,47602-47617,not located
incomplete information,"Chinese dates are present but not expressed with a year, so complete dd/mm/yyyy date cannot be established from the chunk alone.",Set event_date to null for affected events and preserved the source wording in additional_information.,47621-47623,47840
incomplete information,"Chinese dates are present but not expressed with a year, so complete dd/mm/yyyy date cannot be established from the chunk alone.",Set event_date to null for affected events and preserved the source wording in additional_information.,47644-47646,not located
incomplete information,"Chinese dates are present but not expressed with a year, so complete dd/mm/yyyy date cannot be established from the chunk alone.",Set event_date to null for affected events and preserved the source wording in additional_information.,47669-47675,48009
incomplete information,"Chinese dates are present but not expressed with a year, so complete dd/mm/yyyy date cannot be established from the chunk alone.",Set event_date to null for affected events and preserved the source wording in additional_information.,47676-47684,48417
incomplete information,"Chinese dates are present but not expressed with a year, so complete dd/mm/yyyy date cannot be established from the chunk alone.",Set event_date to null for affected events and preserved the source wording in additional_information.,47686-47692,48466
incomplete information,"Chinese dates are present but not expressed with a year, so complete dd/mm/yyyy date cannot be established from the chunk alone.",Set event_date to null for affected events and preserved the source wording in additional_information.,47693-47696,48484
incomplete information,"Chinese dates are present but not expressed with a year, so complete dd/mm/yyyy date cannot be established from the chunk alone.",Set event_date to null for affected events and preserved the source wording in additional_information.,47697-47707,48506
potential misspelling,"Source gives ""仕高雲 太陽頌"" in the programme list, while later program-note heading appears as ""太陽音樂之三 彼得·史高霍""; the discrepancy may reflect OCR or source inconsistency.",Preserved both forms as they appear in their respective contexts and flagged for review.,47699-47703,48529
potential misspelling,"Source gives ""羅永坤 洋娃娃舞曲"" in the programme list, while later Chinese note uses ""羅永暉"" and English note uses ""Law Wing-Fai"".",Preserved the programme-list form in the event and preserved the later note forms separately; flagged inconsistency.,47702-47703,48543
potential misspelling,"Source gives ""狄日特 雙絃樂團協奏曲"" in the programme list, while later notes use ""Michael Tippett"" / ""米高·狄貝特"".",Preserved the visible wording in each location and flagged the inconsistency.,47704-47704,48550
duplicate information,Pages 13-19 contain English and Chinese program notes for works that correspond to the concert listings already extracted earlier in the chunk.,Captured them as non-event reference material rather than duplicating the same concerts as new performed events.,47728-48005,not located
OCR error,"Possible OCR or source typo in English prose: ""brightful future"".",Preserved wording exactly in additional_information and flagged for manual review.,47719-47719,48598
OCR error,"Possible OCR or source typo in English prose: ""symptuous"".",Preserved wording exactly in additional_information and flagged for manual review.,47735-47735,not located
OCR error,"Possible OCR or source typo in English prose: ""keeness"".",Preserved wording exactly in additional_information and flagged for manual review.,47742-47742,not located
OCR error,"Possible OCR or source typo in English prose: ""Claude Manet"".",Preserved wording exactly in additional_information and flagged for manual review.,47765-47765,not located
OCR error,"Possible OCR or source typo in Chinese text: ""獻獻下生於音樂創作"" appears corrupted.",Preserved the OCR wording and flagged as likely OCR error.,47900-47900,not located
OCR error,"Possible OCR or source typo in Chinese text: ""宏光樂樂團"" may contain duplication.",Preserved exactly as printed and flagged for review.,47691-47691,48464
formatting error,"Roster table on page 21 is structurally irregular, with instruments and secondary labels embedded in adjacent columns and annotation marks such as * and **.",Extracted roles and names as faithfully as possible; preserved annotation details in additional_information.,48037-48100,not located
non-musical information,The Singapore Youth Chinese Orchestra material is largely historical narrative and personnel listing rather than a single discrete musical event.,Created a non-event entry and preserved the prose and roster in additional_information and credits.,48027-48124,48922
formatting error,Instrument roster is embedded in OCR table markup and some instrument headings/names appear to shift between columns.,"Transcribed table content as credits, preserving wording and unusual placements in additional_information where needed.",48037-48100,not located
ambiguous attribution,"Asterisks and double asterisks in the English roster indicate roles, but some marked names also include parenthetical doubling of instruments; scope of symbols may require review.","Mapped ** to LEADER and * to INSTRUCTOR per legend, while preserving marked names verbatim in relevant credits.",48056-48103,not located
duplicate information,English and Chinese passages appear to present parallel information about the Singapore Youth Chinese Orchestra and its roster/history.,Combined into one non-event entry and preserved both language streams in additional_information rather than duplicating separate events.,48106-48185,not located
ambiguous attribution,"Chinese roster includes headings and names that may have shifted by OCR across rows/cells, including 中胡, 大提琴, 倍大提琴, 敲擊.",Preserved the material in event additional_information and extracted only clearly attributable top-level roster roles where feasible in English credits.,48163-48180,not located
non-musical information,"Hong Kong Youth Chinese Orchestra text is a descriptive profile with references to several performances, not a full program listing.",Created a non-event entry summarizing visible event-related details in additional_information.,48188-48200,47812
potential misspelling,"Possible OCR or spelling issue in place name ""Chona"".",Preserved the wording exactly in the performance additional_information.,48210-48210,48991
conflicting information,"English and Chinese notes for ""Cao Yuan Xiao Zi Mei / 草原小妹妹"" give different composer names.",Preserved both attributions in the performance additional_information and recorded all visible composer credits at event level.,48219-48375,49012
potential misspelling,"Possible OCR or spelling issue in composer name ""Jian Guang-yi"" when compared with Chinese text ""簡易勇""; cannot be resolved from chunk alone.",Preserved both forms exactly as they appear.,48241-48329,not located
conflicting information,"English song note says lyrics by Tong Leung-tak and Lui Ki-ling, music by Tung Tak-leong; Chinese note for 「亞洲青年音樂營之歌」 says 湯良德、呂其嶺作詞 / 董德亮作曲, which may represent different romanizations or require review.",Preserved both versions exactly and included all visible credits.,48251-48421,49103
non-musical information,Yehudi Menuhin pages are primarily biographical text with only brief reference to a Hong Kong Camp concert.,Created a non-event entry and preserved the event-related welcome statement in additional_information.,48424-48480,not located
potential misspelling,"Possible OCR or spelling issue in ""Los Angles"".",Preserved exactly in the non-event biographical notes.,48483-48483,not located
incomplete information,The biographical notes section appears to continue beyond the chunk boundary or may belong to a larger document with missing heading/context.,"Created a generic non-event entry ""Biographical notes"" and preserved all visible names as credits.",48483-48525,not located
non-musical information,Biographical/program-note material about Yehudi Menuhin is not itself a discrete musical event in this chunk.,"Created a separate event with event_type ""non-event"" and preserved the text in additional_information.",48451-48480,49194
non-musical information,Multiple pages of artist biographies and introductions are not discrete musical events.,"Created a separate event with event_type ""non-event"" for these biographical notes.",48483-48583,not located
duplicate information,Some biographical information appears in both English and Chinese versions across pages 30-33.,Preserved all material in a non-event entry and noted duplication rather than merging silently.,48483-48587,not located
OCR error,"Possible OCR or spelling issue in place name ""Los Angles"".",Preserved the wording exactly as it appears.,48483-48483,not located
OCR error,Split quotation across page boundary interrupts sentence flow.,Preserved the split text and noted issue for review.,48489-48492,not located
OCR error,"Possible OCR or spelling issue in institution name ""Musiklochschule"".",Preserved the wording exactly as it appears.,48516-48516,not located
potential misspelling,"Role heading shows ""Brass Geoff BAILLEY"" while earlier biography gives ""GEOFF BAILEY"".",Preserved both spellings as they appear and flagged discrepancy.,48949-48949,not located
formatting error,The Special Events table combines two different dates in one row for Tour of Victoria Peak and Opening ceremony (Camp).,Separated them into two performance entries using the visible paired date/time/activity ordering.,48627-48637,not located
ambiguous event boundary,The opening staff/faculty list begins mid-document and may belong to a larger event or publication not fully visible in this chunk.,Captured it as a non-event administrative listing with all visible credits preserved.,48876-49037,not located
duplicate information,Page 37 appears to repeat the earlier English administrative/faculty list in Chinese and partially bilingual form.,Preserved the English roster as credits and noted the Chinese parallel listing in additional_information rather than duplicating all credits across scripts.,48954-49037,not located
non-musical information,Acknowledgement pages consist primarily of sponsor/supporter listings rather than a performance program.,Created a non-event record and preserved the acknowledgment text in additional_information.,49039-49215,not located
incomplete information,"Only the title 'A Toast to Asian Youth Music Camp' is visible, without date, venue, or program details.",Created a separate event with null unavailable fields.,49216-49218,49530
conflicting information,Page 1 reads 'THE ROYAL METROPOLITAN LIEGEBRIGADE' while later pages read 'THE ROYAL METROPOLITAN LIEDERTAFEL'.,Preserved both wordings and used the more fully represented concert identification as the main event name context; flagged for review.,49219-49236,not located
non-musical information,Page 2 contains OCR/process metadata rather than historical program content.,Did not treat metadata as a separate event; noted its presence implicitly in the event context.,49223-49230,not located
incomplete information,The concert program continues beyond the visible chunk; only the start of Part I and one item are visible.,Extracted only the visible section and performance text.,49357-49374,not located
potential misspelling,"Several names or terms may contain OCR or spelling issues, including 'J. B. Pewtrrss', 'W. B. Havward', and 'LIEGEBRIGADE'.",Preserved spellings exactly as printed/OCRed and flagged for manual review.,49221-49312,not located
OCR error,"The name 'TOM PNI EWSKI' appears split by OCR spacing in the Chinese section, while elsewhere 'Tom PNIEWSKI' and 'Mr. Tom Pniewski' appear.",Preserved each form as it appears and flagged the spacing issue.,49007-49007,not located
formatting error,The line 'Delia Memorial School (Mei Foo Sun Chuen Band' appears to have an unmatched parenthesis or truncated text.,Preserved the wording inside the acknowledgement list and flagged it.,49119-49119,49519
ambiguous event boundary,"The chunk begins with lists of names and years, including a heading 'Basses', without the start of the document or clear event heading. These likely belong to the Society connected with the later concert programme, but the boundary is incomplete.",Preserved this information in event_1 additional_information rather than creating unsupported structured credits for the roster.,49301-49335,not located
potential misspelling,Performer name appears with two spellings in the same programme: 'Miss Juliet Flegelraub' and 'Miss Juliet Flegeltaub'.,Preserved both spellings exactly as they appear and included a flag for manual review.,49340-49340,49568
potential misspelling,Performer name appears with two spellings in the same programme: 'Miss Juliet Flegelraub' and 'Miss Juliet Flegeltaub'.,Preserved both spellings exactly as they appear and included a flag for manual review.,49396-49396,49603
incomplete information,"The final HIAWATHA page is cut off after 'MISS HERMIONE DARNBOROUGH that of', so the role name is missing.",Created a partial event entry for the dated performance and preserved the visible text in additional_information.,49791-49800,49772
non-musical information,Several pages in the HIAWATHA souvenir programme are advertisements or unrelated appeals rather than musical event content.,Grouped these as a non-event entry with the advertisement text summarized in additional_information.,49654-49754,not located
formatting error,A standalone page number '9' appears in the middle of the programme text.,Ignored it as pagination and did not treat it as performance content.,49500-49500,4
non-musical information,"Pages 7, 12, 14, 20 and portions of page 6 contain advertisements or general information unrelated to a specific musical event.",Excluded these as standalone musical events except where music-related organizations/catalogs/training institutions were present; non-musical material not tied to music was not separately expanded beyond this flag.,49726-50208,not located
incomplete information,"The cast notice on page 9 gives a complete date and substitute or special casting, but does not explicitly restate venue or full event details within the visible excerpt.",Created a separate performance event with null venue/location and preserved the visible cast notice text in additional_information.,49791-49802,not located
incomplete information,The page 21 cast table is truncated in this chunk and only one visible row is present.,Created a partial event entry for the visible cast table and recorded only the visible row and dates.,50209-50225,not located
potential misspelling,"The cast list includes the name ""ELSIA MACFARLANE,"" which may be an OCR or spelling issue, but cannot be corrected from the source alone.",Preserved the name exactly as printed and flagged it for review.,49827-49828,not located
potential misspelling,"The Joint Secretaries line includes ""R. ARNOLD GREIR,"" which may be misspelled or OCR-distorted.",Preserved the wording exactly in additional_information and flagged for manual review.,49861-49862,49978
formatting error,"Several sections are represented as OCR-extracted tables or broken formatting, affecting readability and certainty of column alignment.",Transcribed visible table content into additional_information or structured fields without inferring missing cells.,49970-50078,not located
formatting error,Metadata block appears in the OCR stream and is not part of the source program text.,Ignored the metadata as non-source extraction noise.,49803-49810,28711
ambiguous event boundary,"The chunk contains a larger Hiawatha program context with advertisements, cast notices, and promotional matter spanning multiple pages, some of which may belong to one program booklet rather than separate events.","Separated clearly distinct visible units: a dated cast notice, a Royal Albert Hall production notice, a records advertisement, and a partial cast table.",49755-50225,not located
non-musical information,Financial/insurance advertisement material appears before the HIAWATHA program content.,Created a separate non-event record and preserved the wording in additional_information.,50151-50208,50248
incomplete information,"HIAWATHA cast tables list dates only by month and day, with no explicit year visible in this chunk.",Left event_date as null and preserved performance-date wording inside scoped credits.,50217-50497,not located
incomplete information,HIAWATHA event lacks explicit venue and location in this chunk.,Set event_venue and event_location to null.,50210-50627,45662
potential misspelling,"The name appears as both ""Elsie Suddaby"" and ""Elzie Suddaby"" in the cast tables/page captions.",Preserved both forms exactly as they appear and separated the credits accordingly.,50229-50459,not located
potential misspelling,"The singer's surname/forename appears as both ""Elsie Suddaby"" in the cast table and ""ELSIE SUDDABY"" on page 23, while other rows show ""Elzie Suddaby.""",Preserved all forms exactly and added a manual-review flag.,50561-50562,45649
potential misspelling,"The name appears as ""Elza MacFarlane"" in the cast tables and ""ELSA MACFARLANE"" on page 23.",Preserved both forms exactly as printed in separate credits.,50230-50574,not located
potential misspelling,"Character name appears as both ""Chibabos,"" ""Chibiabos,"" and ""Chibibabos"" in the chunk.",Preserved each form exactly where it appears and flagged for review.,50240-50620,not located
potential misspelling,"Performer name appears as ""Oliver Hemingway"" in cast tables and ""OLIVE HEMINGWAY"" on page 23.",Preserved both forms exactly and created separate credits.,50266-50586,not located
duplicate information,Pages 23 and 25 appear to repeat or supplement performer/production credits already present in the HIAWATHA cast tables and production notes.,Included all visible credits in the HIAWATHA event-level credits and noted the pages in additional_information.,50560-50627,not located
non-musical information,"The ""MUSIC FESTIVALS 1936"" page is primarily a travel advertisement with listings of festivals and booking information rather than a single specific event program.",Created a festival-type event preserving all listed text in additional_information.,50527-50558,50348
potential misspelling,"Festival name appears as ""BEYREUTH"" in the source.",Preserved the spelling exactly as printed.,50529-50530,50355
non-musical information,Schweppes beverage advertisement is unrelated to a musical event.,Created a non-event record.,50595-50600,50373
non-musical information,"""Queen Mary"" travel advertisement is unrelated to a musical event.",Created a non-event record and preserved the text.,50628-50642,not located
non-musical information,Hair-restorer advertisement is unrelated to a musical event.,Created a non-event record and preserved the wording.,50643-50650,50404
ambiguous event boundary,"The cast/credit list for ""SCENES FROM THE SONG OF HIAWATHA"" is fragmentary and begins mid-list in this chunk, indicating the event begins before the visible excerpt and may continue after it.","Extracted only the visible credits and program text, and noted the fragmentary nature in additional_information.",50576-50703,not located
non-musical information,Advertisement for Schweppes Sparkling Lime is unrelated to a musical event.,Created a separate non-event entry and preserved the wording in additional_information.,50594-50601,50373
potential misspelling,"The role/name pairing appears as both ""The Monk and Chibiabos"" and ""The Monk and Chibibabos"" in the visible cast list.",Preserved both forms exactly as separate credits for manual review.,50576-50577,50299
potential misspelling,"The role ""Iago"" appears in the Hiawatha cast/context and may be an OCR or transcription issue relative to nearby references, but cannot be corrected from the source alone.","Preserved ""Iago"" exactly as printed and flagged for review.",50603-50604,not located
OCR error,"Credit lines combine photographic attribution and role text in a way that may reflect OCR/layout confusion, especially for ERROL ADDISON and HERMIONE DARNBOROUGH.",Preserved the visible wording as credits and flagged the ambiguity.,50693-50698,not located
non-musical information,"Advertisement for Cunard White Star / ""Queen Mary"" is unrelated to a musical event.",Created a separate non-event entry and preserved the wording in additional_information.,50628-50641,not located
non-musical information,Advertisement for Caradium hair restorer is unrelated to a musical event.,Created a separate non-event entry and preserved the wording in additional_information.,50643-50657,50404
non-musical information,Advertisement for Bonnington Hotel is unrelated to a musical event.,Created a separate non-event entry and preserved the wording in additional_information.,50659-50670,not located
non-musical information,Advertisement for Wigmore Hall & Piano Galleries Ltd. product promotion is not itself a musical event.,Created a separate non-event entry and preserved the wording in additional_information.,50882-50905,50654
non-musical information,Advertisement for Atlantis / Royal Mail Lines cruises is unrelated to a musical event.,Created a separate non-event entry and preserved the wording in additional_information.,51047-51067,50674
non-musical information,"Advertisement for ""THE SKETCH"" is unrelated to a musical event.",Created a separate non-event entry and preserved the wording in additional_information.,51069-51074,50692
incomplete information,"The lyrics/transcript for Act I of ""SCENES FROM THE SONG OF HIAWATHA"" is cut off at the end of the chunk.",Transcribed only the visible text and noted that it is cut off.,51044-51046,46456
ambiguous event boundary,"The Hiawatha material begins mid-text before this chunk and continues after the chunk ends, so the full boundaries of the musical work are not visible here.",Extracted only the visible portions as one event with multiple sections and noted incompleteness in additional_information.,51001-51499,46456
non-musical information,"Page 34 contains cruise, shipping, and magazine subscription advertisements unrelated to a musical event.",Created a separate non-event entry for this material.,51047-51075,not located
non-musical information,Page 35 contains a theatre ticketing advertisement unrelated to the musical work text.,Created a separate non-event entry for this material.,51171-51176,not located
non-musical information,Page 36 contains a fashion advertisement unrelated to a musical event.,Created a separate non-event entry for this material.,51178-51190,not located
non-musical information,"Page 38 contains newspaper and insurance advertisements; only the first mentions music criticism, but the material is still advertisement matter rather than a musical event.",Created separate non-event entries for the Daily Telegraph advertisement and the insurance advertisement.,51290-51322,not located
non-musical information,Page 40 contains a slimming-food advertisement unrelated to a musical event.,Created a separate non-event entry for this material.,51426-51442,50863
OCR error,"There appears to be a stray quotation mark after ""mountains"" in the prose synopsis.",Preserved the wording exactly and flagged for review.,51197-51197,46508
conflicting information,"The character name appears as both ""Iagoo"" and ""Iago"" within the visible text.",Preserved both forms exactly as printed in their respective sections and flagged the discrepancy.,51100-51489,46456
incomplete information,"The section ""III.—HIAWATHA'S DEPARTURE"" is cut off at the end of the chunk.",Transcribed only the visible text and noted that the section continues beyond the chunk.,51445-51499,not located
non-musical information,"Page 40 contains an advertisement for NATEX Reducing Food, unrelated to a musical event.",Created a non-event record and preserved the advertisement text in additional_information.,51427-51442,50863
non-musical information,"Page 42 contains a Marconiphone advertisement, unrelated to a musical event.",Created a non-event record and preserved the advertisement text in additional_information.,51533-51541,50937
potential misspelling,"Character name appears as ""Iago"" in prose and page 41 verse, but as ""Iagoo"" on page 43.",Preserved both spellings exactly as they appear in the transcript and noted the inconsistency for review.,51447-51546,not located
ambiguous attribution,"The chunk contains extensive text for ""HIAWATHA'S DEPARTURE"" but does not explicitly identify composer, librettist, or author within the visible lines.",Did not infer any creator credits; recorded only entities explicitly named in the text.,51445-51905,46524
non-musical information,"Page 44 contains an advertisement/article for Hollands gin, unrelated to a musical event.",Created a non-event record and preserved the text in additional_information.,51676-51702,50955
potential misspelling,"The phrase ""and taste very attractive to drink"" appears grammatically irregular and may reflect OCR or source error.",Preserved the wording exactly as printed and flagged for review.,51680-51680,50955
potential misspelling,"The term ""Moordwyn"" may be misspelled or misread by OCR.",Preserved the term exactly as it appears and flagged for review.,51682-51682,50955
non-musical information,"Page 46 contains a Martell's Cordon Bleu advertisement, unrelated to a musical event.",Created a non-event record and preserved the advertisement text in additional_information.,51834-51838,50973
non-musical information,"Page 47 contains a Pitman's College advertisement, unrelated to a musical event.",Created a non-event record and preserved the advertisement text in additional_information.,51907-51925,50993
potential misspelling,"Branch location appears as ""LEIGHSMITH,"" which may be an OCR or source issue.",Preserved the wording exactly as printed and flagged for review.,51921-51921,50993
non-musical information,"Lines 051907-051928 are an educational advertisement for PITMAN'S COLLEGE, not a musical event.",Captured as a non-event with advertisement details in additional_information.,51907-51928,50993
non-musical information,Lines 051930-051940 are a piano advertisement rather than an event listing.,Captured as a non-event advertisement.,51930-51940,51042
non-musical information,"Glossary page is program/reference material, not an event listing.",Captured as a non-event preserving glossary contents.,51941-51972,46940
non-musical information,Hairdressing/coiffure advertisement is unrelated to a musical event.,Captured as a non-event advertisement.,51973-51982,51078
non-musical information,Newspaper advertisement for THE TIMES is unrelated to a musical event.,Captured as a non-event advertisement.,51983-51989,45733
non-musical information,Instruction advertisement for Miss Euphan Maclaren is not a specific event.,Captured as a non-event advertisement while preserving music/dance-related wording.,51990-52008,46920
non-musical information,Magazine advertisement for The Musical Times is not an event listing.,Captured as a non-event publication advertisement.,52010-52023,51134
non-musical information,Catering advertisement is unrelated to a musical event.,Captured as a non-event advertisement.,52025-52027,51157
OCR error,"The Royal Choral Society entry contains an extremely long run of repeated dot leaders/truncated text, suggesting OCR corruption or page overflow.","Extracted only the clearly legible event title, ensemble, conductor, and visible repertoire fragment; flagged for manual review.",52029-52035,51186
non-musical information,Cosmetics advertisement with Maureen O'Sullivan is unrelated to a musical event.,Captured as a non-event advertisement.,52036-52050,51212
non-musical information,Whisky advertisement is unrelated to a musical event.,Captured as a non-event advertisement.,52051-52056,47019
potential misspelling,"The phrase ""Being an oriful and elegant reconstruction"" contains possibly incorrect or garbled wording.",Preserved wording exactly as printed in additional_information.,52061-52061,51267
potential misspelling,"The society is called ""The Madang Dramatic Society"" on page 1 and ""Madang Amateur Theatrical Society"" on page 6, which may indicate differing names or related bodies.",Preserved both formulations in separate entries and flagged for review.,52063-52157,not located
OCR error,"Word broken across line in ""perform-ance"".",Preserved the broken OCR form in additional_information.,52073-52073,51267
incomprehensible OCR,"The phrase ""with the sole use of ELECTRIC TY"" appears incomplete or garbled.",Preserved exactly and flagged for manual review.,52078-52078,51267
duplicate information,"Pages 2 and 4 repeat the synopsis of scenes for ""ONLY AN ORPHAN GIRL"" with minor spacing/punctuation differences.",Recorded the first as part of the main event and the repetition as a separate duplicated event entry for preservation.,52080-52142,not located
non-musical information,Pages 3 and 5 are menu/bill of fare material rather than musical event listings.,Captured as non-events.,52101-52154,not located
duplicate information,Page 5 Bill Of Fare substantially duplicates menu items on page 3.,Recorded as a separate non-event and flagged duplication.,52143-52154,51408
ambiguous event boundary,"The Pacific Contemporary Music Festival II materials include title pages, sponsor pages, welcome messages, schedule pages, and individual concerts. It is unclear whether all should be treated as one event or multiple linked events.",Separated the general festival/paratext materials from the clearly dated individual concerts while preserving all visible information.,52167-52350,51444
incomplete information,The festival schedule continues beyond the visible chunk; only part of page 7 is present in English.,Extracted only the visible schedule entries and did not infer the missing continuation.,52327-52350,51534
non-musical information,Several festival pages are sponsor advertisements or ceremonial welcome messages rather than discrete performances.,Captured them as festival-related events/non-performance material to preserve content.,52183-52274,not located
duplicate information,"Pages 7, 11, 13, 15, and 17 contain English parallel text duplicating schedule/program information already given in Korean; both versions were preserved within corresponding event additional_information and credits rather than split into separate duplicate events.",Merged Korean and English parallel descriptions into single events where clearly corresponding.,52327-52746,not located
non-musical information,"Pages 8-9 contain organizational description, board members, committee members, staff, and acknowledgement rather than a discrete musical event.","Created a non-event record for ""패시픽 현대음악센터 (PCMC)"" and preserved the information in additional_information and credits.",52378-52448,not located
potential misspelling,"Venue/location line contains ""로스엔젤스"" in one place and ""로스엔젤레스"" elsewhere within the chunk.",Preserved both spellings as they appear in their respective contexts.,52452-52453,51736
potential misspelling,"In ""고풍"" sub-item list, several item names differ from the English parallel text and may reflect OCR or transliteration issues: ""향 험"", ""옥비너"", ""문풍저"".",Preserved Korean wording exactly and included English parallels in additional_information for manual review.,52460-52463,not located
conflicting information,"The Korean title ""트리린바"" does not closely match the English parallel title ""Trielynvar"".",Preserved both forms in the event record and noted the English parallel in additional_information.,52466-52466,not located
conflicting information,"The Korean participant name ""마야실 비아로스키 박사"" differs from the English parallel ""Dr. Marshall Bialosky""; the same discrepancy appears in the Concert III program as ""마야살 비아로스키"" versus ""Marshall Bialosky"".",Preserved each form exactly as it appears and attached English parallel text in additional_information.,52390-52390,51718
duplicate information,"In the Korean preparatory committee list, ""김정길: 金正吉"" appears twice with different institutional affiliations.",Preserved both occurrences within credits for the non-event entry.,52399-52403,not located
potential misspelling,"Movement 10 of ""TWELVE"" appears as ""카페짜"" in Korean, while the English parallel gives ""Cadenza"".",Preserved the Korean OCR form and noted the English parallel in additional_information.,52537-52537,51835
potential misspelling,"In Concert III, movement 1 of ""드림 시퀀스"" appears as ""Allego assai"" and movement 2 as ""Misterios, quasi scherzando""; English parallel gives ""Allegro assai"" and ""Misterioso, quasi scherzando"".",Preserved Korean-page spellings exactly and recorded English parallels in additional_information.,52691-52692,not located
incomplete information,Concert IV program entry is cut off at the end of the chunk and may continue on the next page or chunk.,Extracted only the visible portion and marked the event as continuing beyond the chunk in additional_information.,52748-52775,not located
incomplete information,"All dates in this chunk lack an explicitly stated year on the event pages/schedule lines, even though one non-event heading references 1990.",Set event_date to null for all events and preserved visible month/day text in additional_information.,52280-52775,not located
ambiguous event boundary,"Lines 052701-052710 appear to be Korean-language program items that likely belong to the same event as Concert III on page 17, but the event heading is not visible within this chunk before those lines.",Included the lines in Concert III additional_information rather than creating a separate event.,52701-52710,52100
incomplete information,Event dates are present only as weekday and month/day formats without explicit year in this chunk.,Set event_date to null for all events.,52714-52824,51969
potential misspelling,Possible OCR or transliteration variation in Korean source: '그레고리 코오치마' versus English 'Gregory Korchmar'.,Preserved both forms as they appear.,52701-52701,51967
potential misspelling,Possible OCR or transliteration variation in Korean source: '대빗 오커' versus English 'David Ocker'.,Preserved both forms as they appear.,52710-52710,51967
potential misspelling,Possible OCR or source inconsistency in title: Korean page has '프리하를 위한 음악 1968' while English page has 'Music for Prague 1968 for Orchestra'.,Preserved both titles together in the performance name.,52770-52802,52216
potential misspelling,Seminar speaker name appears as '마야 프릿츠케르' in Korean and 'Maya Prifzker' in English.,Preserved both forms in credits and performance additional_information.,52818-52836,not located
non-musical information,Large portion of the chunk consists of biographies and program notes without a clearly visible event heading tying them all to a single event.,Created a non-event record to preserve this material.,52839-53200,not located
OCR error,English note for Andrew Imbrie's Dream Sequence contains garbled phrase: 'This consists of an insistent disjunct passage for the piano in its and subsequent collapse.',Left text uncorrected and noted need for manual review in non-event additional_information context.,53143-53146,52310
OCR error,"Several pages show hyphenated or split words across page breaks, including 'sev-'/'eral times' and 'Cham-'/'ber Orchestra'.",Preserved page-break information in non-event additional_information and flagged OCR issue.,52976-52980,not located
conflicting information,Byong-kon Kim Sinfonietta instrumentation differs between Korean and English texts: Korean says '16名의 獨走者를 前提로' while English says 'written for 15 solo strings and a harpsichord.',Preserved both accounts in non-event additional_information and flagged for review.,53020-53040,not located
conflicting information,"Byong-kon Kim English biography says Festival Symphony (1984), while Korean text says Olympic celebratory art festival work was written in 1988.",Preserved both statements in non-event additional_information and flagged for review.,53014-53035,not located
conflicting information,William Blake dates conflict in English Smirnov note: heading gives '(1975—1827)' while surrounding text and Korean indicate 1757—1827.,Preserved the conflicting dates and flagged for review.,53005-53010,51870
OCR error,"The English program note for DREAM SEQUENCE contains an apparently corrupted phrase: ""This consists of an insistent disjunct passage for the piano in its and subsequent collapse.""",Preserved the wording exactly in additional_information.,53146-53146,52310
potential misspelling,"The prize name ""Wechslar Prize"" may be misspelled or OCR-affected.",Preserved exactly as printed.,53156-53156,52346
potential misspelling,"Korean text says ""이 곡의 조연은 서독의 Cologne에서 있었다."" The word ""조연"" appears unusual in context and may be OCR or typographical error.",Preserved exactly and noted in event additional_information.,53168-53168,52376
incomplete information,Korean text for David Ocker biography breaks off mid-sentence at the page boundary.,Extracted only the visible text before the break and continued with the English biography on the next page as a separate visible continuation.,53204-53206,not located
potential misspelling,"Korean text gives the name as ""스티븐 스틱키"" and later ""스티크""; inconsistency suggests OCR or spelling issue.",Used the English heading Steven Stucky for event name and preserved Korean wording in source-derived additional_information contextually.,53232-53237,not located
conflicting information,"Korean text says the Carnegie Hall centennial work was jointly commissioned by 카네기재단 and 로스엔젤레스 필하모닉, while English says jointly commissioned by Carnegie and the Los Angeles Philharmonic. Also Korean says the Concerto for Orchestra was a finalist for the 1989 Pulitzer Prize, while English says finalist for the 1986 Pulitzer Prize.",Preserved both versions in the source-derived event context and created a flag for manual review.,53233-53235,not located
conflicting information,"Korean text for Yong-Jin Kim says he served as President of the Contemporary Music Society in Seoul (76-86), while English says (1987-1986), which is internally reversed/conflicting.",Preserved the English and Korean wording in event information and flagged the inconsistency.,53284-53290,not located
conflicting information,"Korean text says the commissioning ensemble for the concertino was 서울 바르크합주단, while English says the Korean Chamber Ensemble.","Used English title and commissioning credit in the structured record, and noted the Korean variant in additional_information.",53286-53297,not located
conflicting information,"Work title appears as MUSIC FOR PRAGUE 1986, but the explanatory text repeatedly refers to Music for Prague 1968 and composition in 1968.",Used the visible heading as the event name and flagged the discrepancy.,53329-53342,not located
conflicting information,"The text says the premiere of the original version for concert band took place on January 31, 1989, but also says the work was composed in 1968 and had orchestral first performance in 1970; the 1989 date may be possible but deserves review in relation to the wording ""original version"".",Preserved dates exactly and flagged for review.,53329-53331,52534
non-musical information,"Advertisement for DONGHWA SCIENTIFIC INSTRUMENTS CO., LTD. is unrelated to a musical event.",Created a non-event record and placed the advertisement text in additional_information.,53477-53500,52754
non-musical information,Advertisement for 보성주택 / 보성건설 is unrelated to a musical event.,Created a non-event record and placed the advertisement text in additional_information.,53503-53510,52772
incomplete information,"Page 1 of the later document appears to be a fragmented or stylized cover/title with isolated words and names, making the exact cover text unclear.",Preserved the fragments in the event additional_information and created a flag.,53512-53525,52801
incomprehensible OCR,"On the Japanese program page, instrumentation for クロマモルフ・I lists テューバ, while the English page lists tbn; inconsistency may reflect OCR or source discrepancy.",Preserved both language versions under the same event and flagged the inconsistency.,53545-53570,not located
incomplete information,The record advertisement/catalog on page 5 is cut off mid-entry at the end of the chunk.,Created a non-event record for the visible catalog material and noted that the source cuts off.,53584-53625,52871
ambiguous event boundary,"The chunk begins mid-program on an English page before Page 4, listing works and premiere markers without the event heading visible in this chunk.",Associated the opening English work list with the clearly identified Page 4 event 'クロス・トーク1' and noted this in additional_information.,53551-53560,not located
non-musical information,Page 5 consists of record advertisement/catalog information rather than a live musical event program.,Created a non-event record for the advertisement and preserved all identifiable credits and catalog details in additional_information.,53585-53638,52855
non-musical information,Page 6 appears to be score instructions or analytical material rather than an event listing.,Created a non-event record and preserved the text in additional_information.,53640-53702,52985
incomprehensible OCR,The extremely long sequence of symbols following '⑧ うたい =' is likely corrupted or excessively repeated OCR and cannot be meaningfully structured.,Preserved the existence of the sequence by describing it in additional_information and flagged for review.,53701-53701,not located
non-musical information,"Page 7 is a publisher catalog list, not a musical event.",Created a non-event record.,53704-53738,53012
potential misspelling,The word 'Chromâtimelôdtune' / 'Chromati-melodtune' appears in multiple unusual OCR spellings.,Preserved spellings exactly as they appear and flagged for manual review.,53741-53755,not located
potential misspelling,"The English title line on Page 9 contains unusual instrumentation wording, including 'Trombone (Fours)' and 'Violon d'harmonie'.",Preserved the OCR wording exactly in additional_information and flagged for review.,53746-53750,53052
non-musical information,Pages 10 and 12 contain caption-like name lists ('Clockwise from the bottom') without explicit event data.,Included the lists in the additional_information of the CROSS TALK event because the names correspond to that event's personnel.,53757-53768,52909
non-musical information,The Nippon Roche material is partly a corporate advertisement and partly an announcement of a premiere during an unveiling ceremony.,"Created an event for the ceremony because a first performance is explicitly stated, and preserved advertising slogans in additional_information.",53770-53797,53063
incomplete information,The special piece on the theme 'Life in its Perpetual Renewal' / '永遠の生命' is announced without an explicit work title beyond the theme.,Recorded the theme text as additional_information for the performance and left performance_name null.,53770-53776,53073
duplicate information,The CROSS TALK personnel and acknowledgments appear in both Japanese and English on Pages 13 and 14.,"Merged both language versions into one event-level credit list, preserving both forms of names where given.",53814-53899,not located
non-musical information,"Page 16 is a record advertisement/catalog page, not a live event listing.",Created a non-event record and preserved the catalog details.,53916-53947,53092
ambiguous attribution,"In the Japanese personnel list, ditto marks are used for repeated instrument labels, which can be misread in OCR.",Interpreted the ditto marks as repeating the previous instrument label and assigned those names to trombone and violin respectively; flagged for manual review.,53822-53830,not located
incomplete information,Several pages contain program-note text that clearly continues from previous or subsequent pages in the larger source chunk.,Created non-event records for note material and indicated continuation/fragment status in additional_information where relevant.,53900-54050,not located
ambiguous event boundary,"Pages 18-32 contain bilingual program-note style material about multiple composers and works, but no visible complete event header or explicit concert identification within this chunk.",Captured this material as a non-event with all visible named credits and descriptive text preserved in additional_information.,53980-54378,not located
incomplete information,"The festival date is given only as a set of days and year ('May 22, 23, 24, 25 1929') rather than as one complete event date in dd/mm/yyyy format.",Set event_date to null and preserved the date wording in additional_information and section information.,54419-54420,53252
incomplete information,"The Saturday evening concert listing begins but is cut off before the concert title, soloists, and other details appear.","Created a section for the visible time only, with null section_name and no performances.",54475-54475,53287
OCR error,"Possible OCR or source spelling issue in 'Los Angles, California'.",Preserved the wording exactly as printed and flagged for review.,54230-54230,not located
potential misspelling,Possible spelling variation or OCR issue in title 'CHROMATIMELÔDTUNE'.,Preserved the title exactly as it appears and flagged for review.,54374-54374,not located
incomprehensible OCR,Japanese text at the start of Page 19 begins mid-sentence and appears truncated.,Did not attempt reconstruction; preserved surrounding material only in non-event additional_information context.,53993-53993,not located
duplicate information,The chunk contains parallel Japanese and English versions of biographical and program-note material for several composers and works.,Did not duplicate them as separate events; treated the material as one non-event document block.,53988-54376,not located
OCR error,"Extremely long run of hyphens appears after CHARLES A. SINK, A.B., obscuring the remainder of the line and likely truncating a title or board listing.",Preserved only the readable portion in event additional_information and did not infer missing text.,54430-54430,not located
potential misspelling,Soloist surname appears as BRASLAV on page 7 but as BRASLAU on page 9.,Preserved both forms exactly where they occur and included a manual-review flag.,54439-54439,53345
potential misspelling,"The same soloist appears elsewhere as BRASLAU, creating a conflicting spelling within the chunk.",Preserved the spelling BRASLAU exactly where it appears.,54518-54518,not located
duplicate information,Pages 7 and 9-14 present overlapping festival concert listings; page 7 is a summary list and pages 9-14 are detailed concert programs.,Extracted the page 7 summary as part of the overall festival event and also extracted each detailed concert as separate events.,54434-54760,53252
OCR error,"In Fourth May Festival Concert, item (b) ""Entrance Song"" lacks a visible composer/title continuation and appears malformed.",Preserved the incomplete wording in the performance_name and left uncertain fields null.,54681-54682,not located
incomplete information,"Festival dates are given only as May 22, 23, 24, 25 and year 1929, without repeating the month/day-year in a single complete date field for the festival as a whole.",Left event_date null for the festival-level event.,54419-54420,53252
incomplete information,"The chunk ends in the middle of the descriptive program discussion of SONGS WITH ORCHESTRA (a) ""FATE"".",Extracted only visible information and noted truncation in additional_information.,54898-54900,not located
non-musical information,"Pages 15-20 contain descriptive essays, copyright notice, and program-note prose rather than standalone event announcements.",Captured this material as non-event entries with additional_information.,54762-54900,not located
OCR error,Movement marking appears with irregular capitalization: GIOCOso.,Preserved the OCR wording exactly.,54639-54639,53682
OCR error,"French text appears with probable OCR/form errors such as ""dans une rythme,"" ""lontaine,"" and ""féteday.""",Preserved wording exactly in additional_information for the Debussy performance.,54892-54896,53433
ambiguous event boundary,The opening lyric text begins mid-item and appears to belong to material started before this chunk.,Created a separate event for the visible continuation and preserved only the text shown.,54826-54869,not located
incomplete information,"The heading and content for ""(a) \""FATE\"""" are present, but no composer or performer is visible in this chunk.","Recorded only visible title, text, and credited words/translation; left other fields null or omitted from credits.",54898-54942,not located
OCR error,"The line for ""FATE"" contains an extremely long run of hyphens likely caused by OCR/layout capture rather than meaningful text.",Preserved the title without reproducing the full decorative hyphen run in the structured performance name.,54898-54899,not located
formatting error,Page 22 contains OCR metadata rather than program content.,Did not treat metadata as a musical event; preserved page information in event additional_information instead.,54905-54912,38054
incomplete information,"The text for ""THE CLASSICIST"" is truncated in this chunk and continues beyond the visible excerpt.",Recorded only the visible lines as lyrics_transcript and noted continuation in additional_information.,54943-54950,not located
OCR error,"The line for ""THE CLASSICIST"" contains an extremely long run of hyphens likely caused by OCR/layout capture rather than meaningful text.",Preserved the title without reproducing the full decorative hyphen run in the structured performance name.,54943-54943,not located
potential misspelling,"Program-note text contains spellings that may reflect OCR or source irregularities, such as ""Pyrennes,"" ""une rythme,"" ""lontaine,"" and ""féteday.""",Preserved wording exactly as printed/OCR and captured questionable forms in additional_information where relevant.,54888-54896,not located
duplicate information,"The composer appears both as ""Debussy"" in the heading and as ""Claude Achille Debussy"" in the biographical note; these may refer to the same person in two forms.",Included both visible credited forms in the credits list for maximum source preservation.,54870-54877,not located
ambiguous event boundary,"The chunk begins with translated text and program-note material already in progress, and the concert content may have started before this excerpt and may continue after it.","Created one concert event titled ""FIRST CONCERT"" and noted boundary uncertainty in additional_information.",54951-55012,not located
incomplete information,"Only partial lyrics/text are visible for the Bizet item from ""CARMEN,"" and no English translation is present within this chunk despite being announced.",Transcribed only the visible French text and noted the surrounding explanatory material.,55007-55012,54126
potential misspelling,"The title appears as ""ON THE DNIETER,"" which may be an OCR issue or variant relative to the explanatory text referring to ""Dnieper.""",Preserved the title exactly as printed and flagged it for manual review.,54956-54958,54107
OCR error,"The phrase ""The het man's mace shall gleam"" appears irregular and may reflect OCR corruption.",Preserved the wording exactly and flagged it for review.,54977-54977,54117
content filter,The OCR source lines were rejected by the model content filter and therefore could not be structurally transcribed by the language model.,"The original OCR text was preserved verbatim in the additional_information field of a non-event record. No attempt was made to rewrite, correct, summarize, or omit the rejected material.",55013-55019,69694
incomplete information,"The chunk contains only a partial lyric/transcript excerpt with no explicit event title, date, venue, location, or credits visible.",Created a non-event record and preserved the text in additional_information without inferring any event details.,55020-55027,54147
ambiguous event boundary,"The visible text appears to be a fragment continuing from earlier material and possibly continuing beyond the chunk, so the full document or event boundary cannot be established from this excerpt alone.",Extracted only the visible text and did not infer surrounding context.,55020-55027,54147
incomplete information,"The chunk contains only a fragment of text/lyrics without visible event title, date, venue, performers, or other program context.",Recorded the material as a non-event and preserved the text in additional_information.,55028-55043,not located
potential misspelling,The phrase may contain an OCR or spelling issue in the word 'toie'.,Preserved the wording exactly as printed/OCRed.,55029-55029,54165
ambiguous event boundary,"The chunk begins with lyrics continuing from earlier material and then shifts to a page headed ""OFFICIAL PROGRAM"" containing program notes. It is unclear whether this is part of a larger single event or multiple adjacent documents/events.","Extracted one event for the visible ""OFFICIAL PROGRAM"" material and preserved the preceding visible lyrics in event additional_information because they appear to continue from an earlier chunk.",55044-55062,54187
incomplete information,"The text states that an English translation follows, but only the non-English text is visible in this chunk.",Transcribed only the visible text and noted the absence of the translation in the performance additional_information.,55062-55075,54187
ambiguous attribution,"The program note refers to ""its composer"" and ""this brilliant Frenchman"" without naming the person in the visible chunk.",Preserved the unattributed wording as a composer credit rather than inferring a name.,55058-55058,54187
incomplete information,"Opening lyrics fragment appears to belong to a musical item whose title, event context, and attribution are not visible in this chunk.",Created a separate concert event fragment with a single performance and preserved the visible lyrics verbatim.,55076-55099,54223
ambiguous event boundary,The FIRST CONCERT material appears across multiple pages and may be part of a larger program extending beyond this chunk; exact event boundaries and full program contents are not fully visible.,Separated visible program-note-based events under FIRST CONCERT by clearly labeled works while preserving page references in additional_information.,55106-55259,not located
duplicate information,"A paragraph beginning ""tone poems and operas, has, in this generation"" appears on both Page 27 and Page 28, suggesting OCR duplication across a page break.",Retained the material once in structured form and flagged the apparent duplication for manual review.,55104-55109,not located
duplicate information,"The same paragraph continues in repeated form on Page 28 after the NOTICE interruption, suggesting duplicated OCR content.",Did not duplicate structured content; noted duplication in this flag.,55128-55129,not located
potential misspelling,"The source reads ""same titles"" where singular might be expected in the Don Juan note, but this cannot be corrected without outside knowledge.",Preserved the wording exactly as printed.,55131-55131,54254
potential misspelling,"Several words in the Don Juan translation appear irregular or misspelled in OCR/print, including ""illimitied,"" ""gloried,"" and ""upfurish'd.""",Preserved all wording exactly in the lyrics_transcript and flagged for review.,55133-55151,54252
formatting error,"The heading for ""GYPSY SONGS"" is followed by an extremely long run of hyphens, indicating OCR capture of decorative rule formatting.",Extracted the title normally and omitted the repeated hyphens from the performance title.,55184-55184,not located
incomplete information,"The note on ""GYPSY SONGS"" begins mid-sentence on Page 30, so preceding contextual text is missing from this chunk.",Extracted only the visible information and noted the incompleteness in event additional_information.,55189-55189,not located
potential misspelling,"The source contains several names/spellings that may require review, including ""Zoltan Magy,"" ""Ketschkemete,"" and possibly others in the Gypsy Songs note/text.",Preserved all spellings exactly as they appear.,55189-55246,54349
incomplete information,"SECOND CONCERT date is incomplete because the year is not visible in this chunk; only ""Thursday Evening, May 23"" is given.",Set event_date to null and preserved the partial date in additional_information.,55260-55263,54409
incomplete information,"The ""A GERMAN REQUIEM"" note and text continue beyond the end of the chunk; only part of the complete text is visible.",Extracted the visible text only and noted that the text is partial.,55264-55325,53528
potential misspelling,"In the Requiem text, the source reads ""We shall not all flee when he cometh"" which may be erroneous, but cannot be corrected from the chunk alone.",Preserved the wording exactly and flagged it for manual review.,55324-55324,54419
ambiguous event boundary,The opening Glazounow material appears before the visible start of SECOND CONCERT and may belong to a preceding document or event not fully present in this chunk.,Separated the opening prose into a non-event record rather than attaching it to the visible concert program.,55251-55257,54381
non-musical information,The opening prose is biographical and analytical material without a clearly visible event heading in this chunk.,"Created an event with event_type ""non-event"" and preserved the text in additional_information.",55251-55257,54685
OCR error,Very long run of hyphens after “A GERMAN REQUIEM” appears to be formatting noise or OCR expansion.,Preserved the work title as the section name and omitted the repeated hyphen string from structured title fields.,55264-55264,not located
incomplete information,"SECOND CONCERT shows only weekday and month/day, with no year visible in the chunk.",Left event_date as null.,55260-55263,not located
incomplete information,"THIRD CONCERT shows only weekday and month/day, with no year visible in the chunk.",Left event_date as null.,55734-55738,not located
potential misspelling,"The name “Alexandre Glazounow” may be an unusual or misspelled form, but must be preserved as printed.",Preserved the spelling exactly.,55253-55253,54685
potential misspelling,The dedicatee name “Nicholas Galkine” may require review.,Preserved the spelling exactly.,55255-55255,54381
OCR error,"Several role labels appear with inconsistent OCR spellings, including “BARTONE SOLO” and “BARIONE SOLO.”",Preserved wording in lyrics_transcript and normalized no further.,55417-55500,54521
OCR error,“Quonodo” may be an OCR error in the quoted Latin text.,Preserved exactly as printed in the transcript.,55682-55683,54605
incomplete information,"The visible chunk for THIRD CONCERT cuts off after “CHILDREN'S FESTIVAL CHORUS, JUVA HIGBEE, Conductor” and likely continues beyond the chunk.",Extracted only the visible performances and credits.,55745-55750,not located
ambiguous attribution,"For “A GERMAN REQUIEM,” the composer name is not explicitly visible in the main heading lines of this chunk, though the notes discuss Brahms throughout.",Included Brahms in event credits based on explicit references within the visible notes.,55269-55288,not located
formatting error,Page 40 contains OCR metadata and separator lines rather than program content.,Excluded metadata from event content.,55551-55558,14339
incomplete information,"The item ""LA MORTE / THE DEATH OF BEATRICE"" appears without visible event date, venue, location, or surrounding program context in this chunk.",Extracted it as a separate concert event with null for unavailable event-level fields and preserved all visible text.,55676-55733,not located
OCR error,"The chorus text begins with ""Quonodo"" which may be an OCR error or source irregularity.",Preserved the wording exactly and flagged for review.,55682-55683,not located
incomplete information,The THIRD CONCERT date is incomplete because no year is visible.,"Left event_date as null and preserved ""Friday Afternoon, May 24"" in additional_information.",55735-55737,not located
OCR error,"An extremely long run of hyphens appears after ""FORD'S SONG,"" indicating major formatting/OCR corruption that may have obscured performer or composer information.",Preserved the visible title text and associated surrounding explanatory text; no missing credits were invented.,55785-55787,not located
conflicting information,"The conductor surname appears as both ""JUVA HIGBEE"" and ""JUVA HIGGEE"" within the same event.",Recorded both forms in credits and flagged the inconsistency.,55749-55840,not located
potential misspelling,"The author name appears as ""LEWIS CARROL"" which may be misspelled.",Preserved the spelling exactly as printed and flagged for review.,55851-55852,54755
conflicting information,"Within the Snark cast table the header gives ""THE BILLIARD-MARKER"" but the later text reads ""A Billiard-maker"".","Preserved both forms in the performance additional_information and lyrics transcript, and flagged the discrepancy.",55865-55949,not located
incomplete information,The FOURTH CONCERT date is incomplete because no year is visible.,"Left event_date as null and preserved ""Friday Evening, May 24"" in additional_information.",56156-56158,not located
incomplete information,"The FOURTH CONCERT continues beyond the end of the chunk, so the second aria note is truncated.",Extracted only the visible portion and noted continuation in section additional_information.,56170-56175,54848
ambiguous event boundary,"Lines 056103-056123 contain verse text ending with the Snark/BooJum passage, but no visible title or clear event boundary in this chunk. It appears to continue material from an earlier page or earlier item in the same program.",Did not create a separate performance because the item begins before the visible chunk and lacks sufficient identifying information here. Mentioned its presence in additional_information for the THIRD CONCERT event.,56103-56123,54803
OCR error,"Mixed capitalization appears in tempo marking: ""ALLEGRO GIOCOso MA NON TROPPO VIVACE."" This may be an OCR artifact.",Preserved wording exactly as printed.,56126-56126,54812
non-musical information,A page in the chunk is devoted to CHARLES A. SINK with an institutional title rather than program repertoire.,"Preserved in additional_information for the surrounding FOURTH CONCERT event rather than creating a separate non-event, because it is embedded within the concert program pages.",56259-56262,54900
non-musical information,OCR metadata page appears in the source and is unrelated to the musical program content.,Preserved in additional_information for the surrounding FOURTH CONCERT event.,56263-56270,5726
formatting error,"Extremely long dashed line in the title entry for SUITE, ""Odysseus"" suggests OCR formatting overflow or damaged layout.",Captured the performance title only and moved the descriptive continuation from the next page into additional_information.,56408-56408,not located
incomplete information,"The composer name for SUITE, ""Odysseus"" is not visible in the supplied chunk.",Did not invent a composer credit; preserved available descriptive and sectional information only.,56408-56429,not located
formatting error,"The visible sections of SUITE, ""Odysseus"" are numbered INTRODUCTION, I, and III, with II not visible in the chunk.",Preserved the visible numbering in additional_information and created no inferred missing section.,56415-56425,not located
OCR error,"Possible OCR misread in ""Suzuke"" within the Madame Butterfly note.",Preserved the spelling exactly as it appears.,56443-56443,not located
OCR error,"Possible OCR or typographic issue in ""he princess"" in the Schéhérazade movement IV description.",Preserved wording exactly as printed in the source-derived notes.,56595-56595,not located
incomplete information,The FIFTH CONCERT continues beyond the end of the chunk; only the opening of the Rubinstein concerto entry is visible here.,"Created the performance with only the visible title, movement indications, and performer.",56597-56600,54994
incomplete information,The Schéhérazade entry begins mid-program-note and mid-list of movement titles; the opening of the work information is not present in this chunk.,Extracted only the visible movement titles and analytical text; left unavailable fields null and noted partial context in additional_information.,56526-56534,not located
incomplete information,"The date for 'Saturday Evening, May 25' is incomplete because no year is explicitly visible in this chunk.",Set event_date to null and preserved the visible date wording in additional_information.,56617-56620,55056
OCR error,"Very long dashed line following 'Hebrews and Philistines' appears to be OCR formatting corruption or damaged layout, obscuring any possible associated credit or information.",Did not attempt to reconstruct missing information; preserved available cast credits only.,56627-56628,not located
incomplete information,Historical note on Samson and Delilah continues across page breaks and is incomplete within the chunk.,Preserved visible text in event additional_information and did not infer omitted continuation.,56633-56655,not located
non-musical information,Embedded OCR metadata block is not part of the musical program content.,Excluded it from event content and created no separate non-event because it is clearly scanning metadata interrupting the same document stream.,56639-56646,14339
incomplete information,The sung/dramatic text for 'DELLILAH' at the end of the chunk is cut off mid-line.,Transcribed only the visible text and noted truncation in the performance additional_information.,57024-57025,not located
OCR error,"Several words appear malformed or suspicious in the OCR, such as 'he princess', 'Toarms', 'exsunt', 'Dellilah', 'unchianest', 'hurst'.",Preserved the wording exactly as printed and relied on faithful transcription without correction.,56595-57025,not located
incomplete information,"The chunk begins mid-text, apparently continuing a prior portion of the libretto before ""SCENE VI"".",Extracted only the visible text and noted continuation in event additional_information.,56951-56964,not located
potential misspelling,"Character name appears as ""DELLILAH"" in multiple places, while elsewhere the text uses ""Delilah"" in stage directions.",Preserved both forms exactly as printed/OCRed.,56989-57447,not located
OCR error,"Word appears as ""Swetter"" which may be an OCR or printing error.",Preserved the wording exactly in the transcript.,57025-57027,55372
OCR error,"Hyphenation and line-break splitting within words appear due to OCR/layout, such as ""He- brew"", ""Maid- ens"", ""en- ticing"", ""hes- itates"", ""trou- ble"".",Preserved split forms exactly where they occur in stage directions and lyrics.,57055-57127,not located
OCR error,"Line appears as ""Her scant laden pinions"" and may be questionable, but source meaning cannot be resolved from chunk alone.",Preserved exactly as printed/OCRed.,57073-57075,55407
formatting error,Page headers interrupt performances and sections.,Preserved page header information in additional_information or lyrics_transcript where interruption occurs.,57035-57036,not located
formatting error,Page headers interrupt performances and sections.,Preserved page header information in additional_information or lyrics_transcript where interruption occurs.,57139-57140,not located
formatting error,Page headers interrupt performances and sections.,Preserved page header information in additional_information or lyrics_transcript where interruption occurs.,57239-57240,not located
formatting error,Page headers interrupt performances and sections.,Preserved page header information in additional_information or lyrics_transcript where interruption occurs.,57323-57324,not located
formatting error,Page headers interrupt performances and sections.,Preserved page header information in additional_information or lyrics_transcript where interruption occurs.,57412-57413,not located
potential misspelling,"Phrase appears as ""Then let they zeal awaken,"" which may be erroneous.",Preserved exactly as printed/OCRed.,57235-57237,55498
OCR error,"Line appears as ""Once again to this place / My erring feet draw night!"" where ""draw night"" may be a misread or unusual wording.",Preserved exactly as printed/OCRed.,57357-57359,55610
potential misspelling,"Word appears as ""Summs"" which may be an OCR or spelling issue.",Preserved exactly as printed/OCRed.,57418-57419,55659
OCR error,"Phrase appears as ""Thou'rt broke the faith that should abide!"" and may reflect OCR distortion or nonstandard wording.",Preserved exactly as printed/OCRed.,57438-57440,55673
incomplete information,"The chunk ends mid-performance, leaving Samson's text incomplete.",Transcribed only the visible portion and noted incompleteness in the performance additional_information.,57442-57450,55680
incomplete information,"The chunk begins mid-text and continues an event already in progress, so the beginning of the performance/event is missing.",Extracted only the visible text and noted continuation in event and section additional_information.,57376-57379,55624
incomplete information,"The chunk ends mid-section after ""DELLILAH, HIGH PRIEST, AND CHORUS"" with no following text visible.",Preserved the visible ending and noted that the scene ends mid-text.,57875-57875,55773
potential misspelling,"Character name appears in multiple spellings: DELILAH, DELLILAH, DELIJAH.",Preserved all spellings exactly as they appear in the transcript.,57380-57758,not located
potential misspelling,"Possible OCR or spelling issue in ""Summs up for me the wretched story.""",Preserved wording exactly as printed.,57418-57419,55659
potential misspelling,"Possible OCR or spelling issue in ""Thou'rt broke the faith that should abide!""",Preserved wording exactly as printed.,57439-57439,55673
potential misspelling,"Possible OCR or spelling issue in ""morin's kisses"".",Preserved wording exactly as printed.,57456-57456,55706
potential misspelling,"Possible grammatical or OCR issue in ""To whom thou are consecrated!""",Preserved wording exactly as printed.,57511-57512,55706
potential misspelling,"Possible OCR or wording issue in ""Good wine maketh less deepest distress!""",Preserved wording exactly as printed.,57735-57736,55773
potential misspelling,"Possible OCR or spelling issue in ""the third strope of the invocation"".",Preserved wording exactly as printed.,57823-57823,55773
ambiguous event boundary,"The opening lines of the chunk are a continuation of libretto or dramatic text from a prior source, but no event title or identifying bibliographic details are visible in this chunk.",Separated this material into its own non-event entry to preserve the text without inventing the parent event.,57801-57930,55773
potential misspelling,"The source gives both 'DELILAH' and 'DELLILAH', which may indicate a spelling inconsistency or OCR issue.",Preserved both forms exactly as printed/OCRed in the transcript and did not normalize the name.,57825-57875,not located
potential misspelling,The phrase 'third strope of the invocation' may be an OCR or source spelling issue.,Preserved the wording exactly in additional_information.,57823-57823,55773
ambiguous event boundary,"The heading 'SIXTH CONCERT' begins after page 92, but the chunk does not include the actual concert program details; only orchestra personnel are visible.","Created a concert event using the visible heading and organizational roster, noting the absence of repertory in additional_information.",57885-58070,not located
incomplete information,The University Choral Union roster is cut off during the TENORS list; the remainder of the personnel listing or program may continue beyond the chunk.,Extracted only the visible names and noted that the roster continues beyond the chunk.,58084-58300,not located
non-musical information,A metadata block appears in the source and is unrelated to a musical event proper.,Recorded it as a separate non-event entry.,58076-58082,5726
ambiguous event boundary,"The chunk begins with a list of names before the heading 'UNIVERSITY CHORAL UNION', indicating the event and/or section began earlier in the source. The exact section heading for lines 58226-58289 is not visible.",Included the visible names in event_1 under a section with explanatory additional_information rather than inventing a missing heading.,58226-58289,not located
incomplete information,"The first roster under 'PHILIP BACH SCHOOL' lists names before 'Sixth Grade' appears, but no grade label is visible for that first group.",Recorded the group as a grade roster with performance_name set to null and preserved all names in additional_information.,58493-58521,not located
potential misspelling,"Several names may contain OCR or spelling issues, but cannot be corrected from the chunk alone.",Preserved wording exactly as printed/OCR and flagged examples for review.,58246-58725,not located
ambiguous event boundary,The list of names at the beginning of the chunk appears before the heading 'Elisha Jones School' and may be a continuation from a prior page or prior school not fully visible in this chunk.,Preserved the names in event-level additional_information for the CHILDREN'S CHORUS event rather than assigning them to a specific school or grade.,58651-58665,not located
incomplete information,"The TAPPAN SCHOOL section shows both 'Fifth Grade' and 'Sixth Grade', but no names are visibly separated under 'Fifth Grade'; the following roster may belong to Sixth Grade only or may combine grades.",Created separate performance entries for 'Fifth Grade' and 'Sixth Grade'; left the Fifth Grade roster empty and placed the visible names under Sixth Grade as they follow that heading directly.,58951-58999,not located
duplicate information,The name 'Helen McLaughlin' appears twice consecutively in the W. S. PERRY SCHOOL Sixth Grade roster and may be a duplicate or may represent two identical entries.,Preserved both occurrences exactly as they appear in the roster.,58940-58941,not located
potential misspelling,"Several names and terms in the rosters appear unusual or possibly misspelled due to OCR or source spelling, such as 'Berth Johlps', 'Konla Vermes', 'Elfrida Leneveryg', 'Lenore Scherdc', 'Ayton Shoilt', 'Christo Kohenbers', 'Ennice Kruidemer', and others.",Preserved spellings exactly as printed/OCRed and did not normalize them.,58743-59059,not located
formatting error,"Page headings alternate between 'CHILDREN'S CHORUS', 'OFFICIAL PROGRAM', and page markers while the roster continues across pages, making section boundaries visually irregular.",Structured the material as one CHILDREN'S CHORUS event with school sections spanning multiple page headings.,58753-59024,not located
incomplete information,The EIGHTH FESTIVAL entry begins but is cut off at the end of the chunk before any 'PRINCIPAL WORKS' or further information appear.,"Created the section with the visible date and soloists only, and left performances empty.",59147-59150,not located
formatting error,"The heading on page 106 reads 'REPETOIRE 1894-1929', while page 108 reads 'REPERTOIRE 1894-1929'. This may reflect source inconsistency or OCR variation.",Preserved both forms in event additional_information without correction.,59081-59145,not located
incomplete information,The first visible line lists principal works but no corresponding festival heading or event context is visible within this chunk.,Did not create a separate event because the event boundary and identifying information are missing in the visible excerpt.,59077-59079,not located
potential misspelling,Heading appears as 'REPETOIRE 1894-1929'.,Preserved OCR wording in additional_information.,59082-59082,56183
potential misspelling,Name appears as 'Mr. Van Veachton Rogers Harpist' without punctuation before role and may contain OCR issues.,Recorded as harpist credit with the name preserved exactly.,59098-59098,56216
potential misspelling,Name appears as 'Mr. Heinrich Meyon'.,Preserved as printed.,59108-59108,56177
OCR error,Metadata block is technical page-extraction information rather than musical content.,Created a non-event record to preserve the text.,59255-59262,not located
ambiguous attribution,"In the Twenty-Second Festival works list, '""Wotan's Farewell and Magic Fire"" (Walküre);' has no composer explicitly attached in the visible text, although surrounding items often do.",Left composer absent from the performance additional_information and did not infer one.,59301-59301,not located
incomplete information,Page 113 contains only a vertical list of names without visible explanatory heading or event context.,Created a non-event record preserving the names as additional_information.,59264-59272,not located
formatting error,"The Twenty-Seventh Festival lacks a visible 'PRINCIPAL WORKS' heading before the works list, unlike surrounding entries.",Created a single section named 'works list' to contain the listed works.,59341-59346,not located
OCR error,"Quotation/punctuation appears malformed in '""Damnation of Faust, Berlioz' and '""Vysehrad,"" The Moldau,"" Smetana'.",Preserved wording exactly in performance names.,59346-59346,not located
conflicting information,"THIRTY-THIRD FESTIVAL is dated 'May 19, 20, 21, 22, 1920' even though surrounding sequence suggests a later year; this may be incorrect or OCR-corrupted, but cannot be resolved from the chunk alone.",Preserved the printed year in additional_information and created a flag.,59396-59397,not located
potential misspelling,Name appears as 'Author Hackett' in the Thirty-Fourth Festival soloists list.,Preserved as printed and recorded as tenor.,59410-59410,59904
formatting error,"In the Thirty-First Festival soloists line, punctuation appears to omit a separator before 'Miss Sylvia Lent, Violinist'.","Parsed 'Vicente Ballester, Royal Dadmun, Cesare Baromeo (Chase Sikes)' as baritones and basses and 'Miss Sylvia Lent' as violinist, preserving all wording.",59378-59378,not located
non-musical information,Pages 120-121 contain directory/list material rather than a specific musical event.,Represented as non-event records with structured sections where feasible.,59441-59575,not located
incomplete information,The Page 121 ARTISTS/SOPRANOS list is truncated at 'Miss Hinkle (6)' and likely continues beyond the chunk.,Created a non-event record containing only the visible portion.,59527-59575,not located
non-musical information,The material on pages 121-124 is an index/list of artists by category rather than a specific musical event.,Created a non-event entry and preserved the list in additional_information.,59528-59990,not located
non-musical information,The material on page 125 is a catalog/list of works rather than a specific musical event.,Created a non-event entry and preserved the explanatory text and visible list entries.,59992-60000,not located
potential misspelling,Possible inconsistency between 'E. Killeen' and later 'E. Killen (2)'.,Preserved both forms exactly as printed and flagged for review.,59501-59796,not located
potential misspelling,"Name appears as 'Stranksy', which may be irregular.",Preserved the OCR wording exactly.,59522-59522,60709
potential misspelling,"Name appears as 'Mlle. Ina Bourskayas', which may be irregular.",Preserved the OCR wording exactly.,59543-59543,60747
duplicate information,"The name 'Miss Johnson' appears multiple times in the soprano list, including once without a count and once as 'Miss Johnson (3)', plus another later 'Miss Johnson'.",Preserved all appearances in sequence within the transcription.,59554-59582,not located
potential misspelling,"Name appears as 'Mrs. Winehell (2)', which may be irregular.",Preserved the OCR wording exactly.,59633-59633,60765
potential misspelling,"Name appears as 'Berthald (4)', which may be irregular.",Preserved the OCR wording exactly.,59698-59698,60765
potential misspelling,"Name appears as 'Jordon (2)', which may be irregular.",Preserved the OCR wording exactly.,59721-59721,60765
potential misspelling,"Name appears as 'Baromeo (6)', which may be irregular.",Preserved the OCR wording exactly.,59755-59755,60765
potential misspelling,"Name appears as 'Bresford (2)', which may be irregular.",Preserved the OCR wording exactly.,59759-59759,60765
potential misspelling,"Name appears as 'Del Punte', which may be irregular.",Preserved the OCR wording exactly.,59774-59774,60765
potential misspelling,"Name appears as 'Bachaus', which may be irregular.",Preserved the OCR wording exactly.,59838-59838,59361
potential misspelling,"Name appears as 'Sickiez', which may be irregular.",Preserved the OCR wording exactly.,59888-59888,60765
incomprehensible OCR,The violinist entry 'Em' appears incomplete or truncated.,Preserved the entry exactly and flagged for manual review.,59905-59905,136
formatting error,Heading appears with two spellings: 'DETAILED REPERTOIRE' and 'DETAILED RÉPERTOIRE'.,Preserved both forms exactly as printed in additional_information.,59665-59945,not located
incomplete information,The 'List of Works' begins with ALFVEN and appears to continue beyond the chunk; only one composer entry is visible here.,Extracted only the visible entry and noted chunk limitation.,59994-60000,not located
ambiguous event boundary,The opening list of names before Page 124 appears to continue from prior material not fully visible in this chunk.,Preserved the names in additional_information of a non-event entry rather than assigning them to a specific complete event.,59926-59942,not located
non-musical information,"The material consists primarily of repertory indexes, artist lists, summary tables, and OCR metadata rather than a discrete musical event program.",Encoded these as non-event entries with transcription preserved in additional_information.,59944-60425,not located
OCR error,"Possible OCR or formatting issue in title/reference: ""Overture to Suite in Dnieper"" may be suspect.",Preserved exactly as printed and flagged for review.,60003-60003,60841
OCR error,"Possible OCR or formatting issue in Beethoven entry: ""Op. E. flat."" is incomplete or malformed.",Preserved exactly as printed in transcription.,60007-60007,not located
potential misspelling,"Composer spelling/form may be questionable: ""BOURGAULT-DUCOURBAY"".",Preserved exactly as printed.,60032-60032,not located
OCR error,Possible OCR or punctuation omission in DUKAS entry between two works.,Preserved wording exactly and flagged for manual review.,60089-60089,not located
potential misspelling,"Composer name may be misscanned: ""CLINKA"".",Preserved exactly as printed.,60115-60115,not located
formatting error,Page 130 contains only a list of names without visible heading or explicit role attribution in this chunk.,Included the names as performer credits in a non-event entry and noted the ambiguity in additional_information.,60219-60227,not located
non-musical information,"Page 131 contains OCR processing metadata, not source-program content.",Preserved in additional_information of the relevant non-event entry.,60228-60235,not located
OCR error,Possible OCR issue in MOSZOWSKI entry with mismatched quotation marks.,Preserved exactly as printed.,60244-60244,not located
potential misspelling,"Composer spelling/form may be questionable: ""REZNIECK"".",Preserved exactly as printed.,60276-60276,not located
OCR error,"Possible OCR or formatting issue in SIBELIUS and SMETANA entries, including punctuation/quotation irregularities.",Preserved exactly as printed and flagged for review.,60311-60315,60963
potential misspelling,"Composer spelling/form may be questionable: ""SVENSDSEN"".",Preserved exactly as printed.,60342-60342,60983
OCR error,"Possible OCR issue in TCHAIKOWSKY entry: ""Pl."", ""VI."", and ""Rocco Theme"" may reflect scanning errors.",Preserved text exactly and flagged for review.,60350-60350,not located
formatting error,WAGNER entry is split across a page break between pages 134 and 135.,Combined the visible continuation into one transcription block and noted continuation across page break.,60360-60365,not located
potential misspelling,"Possible OCR or spelling issue in performer/composer name: ""Weiniaowski"".",Preserved exactly as printed.,60369-60369,60983
incomplete information,The summary table at the end is only partially visible in this chunk.,Transcribed only the visible portion and noted it in additional_information.,60396-60425,not located
ambiguous event boundary,The opening material on lines 60352-60375 is a continuation of a composer/work index crossing a page boundary and may have begun before this chunk.,Captured it as part of a non-event summary/index event and preserved the visible text in additional_information.,60352-60375,not located
OCR error,"Possible OCR or source error in work title spelling: ""Ride of the Walkires"".",Preserved the wording exactly as printed in additional_information.,60360-60360,not located
potential misspelling,"Composer name appears as ""Weiniaowski,"" which may be misspelled or an OCR issue.",Preserved the spelling exactly as it appears.,60369-60369,60983
non-musical information,Summary tables and statistics are not a specific musical event.,Created a non-event record and placed the material in additional_information.,60378-60497,not located
conflicting information,"Second Concert is labeled Complete Series 1681, and Third Concert is also labeled Complete Series 1681.",Preserved both series numbers as printed and noted the conflict for review.,60555-60580,not located
conflicting information,"Third Concert is labeled Complete Series 1681, the same number used for the Second Concert.",Preserved the printed series number and flagged the duplication/conflict.,60582-60599,not located
potential misspelling,"Performer name appears as ""PERCIVAL PARHAN,"" which may require manual review.",Preserved the name exactly as printed.,60667-60669,not located
potential misspelling,"Song title appears as ""Ezeiel Saw de Wheel,"" which may be misspelled or reflect dialect/OCR.",Preserved the wording exactly in the lyrics_transcript.,60684-60687,not located
non-musical information,Pages 144-145 contain descriptive historical prose and organ specification rather than a specific performance event.,Created a non-event record and preserved the prose and stop list in additional_information.,60775-60850,not located
incomplete information,"The organ stop list ends with the heading ""Choir Organ***"" and appears to continue beyond the chunk.",Preserved only the visible portion and flagged the truncation.,60821-60850,not located
non-musical information,Pages 147-149 and Page 2-3 contain OCR metadata blocks rather than musical content.,Excluded metadata blocks as standalone events; preserved relevant page references only where helpful.,60986-61011,not located
OCR error,Possible OCR or transcription inconsistency in name 'Juva Higher' on the children's concert listing.,Preserved as 'JUVA HIGHER' in the event credit and flagged for review.,61113-61115,not located
conflicting information,The same apparent person appears with differing spellings across the chunk: 'Juva Higbee' earlier and 'JUVA HIGHER' in the concert listing.,Preserved each spelling exactly where it appears and created a flag.,61045-61115,not located
conflicting information,Singer name appears as 'Marion Telva' on Page 4 and 'MARIAN TELVA' in the Page 7 concert listing.,Preserved both forms exactly as they appear and flagged for review.,61044-61138,not located
conflicting information,Singer name appears as 'Mario Basiola' on Page 4 and 'MARIO BASHOLA' in the Page 7 concert listing.,Preserved both forms exactly as they appear and flagged for review.,61059-61140,not located
conflicting information,Singer name appears as 'Raymund Koch' on Page 4 / cast list and 'RAYMOND KOCH' in listings.,Preserved both forms exactly as they appear and flagged for review.,61058-61245,not located
conflicting information,Contralto name appears as 'Merle Alcock' on Page 4 and 'MERLE ALOCK' in the soloist listing.,Preserved both forms exactly as they appear and flagged for review.,61057-61225,not located
duplicate information,The festival concerts listed on Page 7 are represented again in more detailed form beginning on Page 9.,Extracted the summary listings as separate events visible in the chunk and also extracted the detailed concert programs separately.,61083-61275,53252
incomplete information,The program for 'Second May Festival Concert' continues beyond the visible chunk; only part of the event is present here.,Extracted only the visible sections and synopsis content.,61220-61275,not located
formatting error,"Extremely long rule/filler after 'CHARLES A. SINK, A.B.' suggests OCR capture of a printed leader line.",Preserved the named credit and noted the filler in additional information rather than reproducing the full rule as structured data.,61080-61080,not located
incomplete information,"The opening program fragment begins mid-event and lacks event title, date, venue, and other context.",Created a separate concert event for the fragment and preserved visible program items and notices in additional_information.,61201-61213,not located
potential misspelling,"Contralto soloist appears as 'MERLE ALOCK' in soloists list, but cast later gives 'Merle Alcock'.",Preserved both spellings exactly as they appear and recorded both in credits.,61225-61249,not located
potential misspelling,"Baritone soloist appears as 'RAYMOND KOCH' in soloists list, but cast later gives 'Raymund Koch'.",Preserved both spellings exactly as they appear and recorded both in credits.,61227-61245,not located
formatting error,"Cast formatting for 'THE LEPER / THE VOICE OF CHRIST { Chase Baromeo' is unclear, making exact assignment uncertain.",Only explicit role-person pairing visible with braces was recorded for 'THE VOICE OF CHRIST'; 'THE LEPER' was left without a cast credit.,61243-61244,not located
formatting error,"Cast formatting suggests brace-grouped lines and may ambiguously associate 'PEOPLE, ETC.' with 'EARL V. MOORE, Conductor'.",Preserved the visible association as a cast credit and flagged for review.,61251-61252,not located
formatting error,Line 'CHILDREN'S FESTIVAL CHORUS ORCHESTRAL ACCOMPANIMENT' is ambiguous in structure.,Preserved the full phrase in event additional_information and recorded CHILDREN'S FESTIVAL CHORUS as performer.,61290-61290,62436
non-musical information,"Pages 15-16 and 21-22 contain copyright, image caption, and OCR metadata rather than event program content.",Created a non-event entry for the copyright page; page 16 and 22 metadata were not treated as musical events.,61443-61557,not located
OCR error,Very long repeated dash leaders dominate multiple lines and indicate OCR extraction artifacts rather than substantive text.,Ignored repeated dash runs except where they separate title and composer; preserved surrounding substantive text.,61484-61485,not located
incomplete information,"The prose note for 'Impression' begins mid-sentence, indicating missing earlier text from another page or omitted lines.",Preserved the surviving text as lyrics_transcript/additional descriptive text and flagged incompleteness.,61685-61685,63032
incomplete information,"Descriptive notes for 'SUITE for Orchestra, Opus 19' begin with variation tempi and continue from earlier missing material.",Preserved the visible descriptive text under the suite performance and flagged it as incomplete.,61692-61698,63046
ambiguous event boundary,"The FIRST CONCERT material spans multiple pages and includes official program items, descriptive notes, lyrics, and continuation from previous pages; exact internal boundaries between program and notes are not always explicit.",Grouped all clearly labeled FIRST CONCERT material into a single event with one section and individual performances carrying descriptive text.,61463-61700,not located
incomplete information,"The FIRST CONCERT date is incomplete because no year is explicitly stated in the visible lines, and the day number lacks month/year completion in date format requirements.","Left event_date as null and preserved 'Wednesday Evening, May 16' in additional_information context.",61463-61466,not located
incomplete information,"The chunk begins mid-text with lyrics/translation material before a page heading, so the beginning of the relevant event/performance is not visible.",Extracted only the visible text and noted continuation in additional_information.,61626-61632,63011
ambiguous event boundary,Material for FIRST CONCERT spans multiple pages and includes prose for works whose titles or credits are not fully visible in this chunk.,Grouped visible FIRST CONCERT material into one event and preserved partial titles/descriptions without inferring missing information.,61665-61720,not located
OCR error,Extremely long runs of hyphens in program listings obscure information and likely reflect OCR or formatting artifacts.,Captured visible titles only and flagged the corrupted listing lines for review.,61680-61680,not located
OCR error,Extremely long runs of hyphens in program listings obscure information and likely reflect OCR or formatting artifacts.,Captured visible title only and flagged the corrupted listing line for review.,61687-61687,not located
incomplete information,"SECOND CONCERT date is incomplete; only day of week and month/day are visible, with no year shown in this chunk.",Set event_date to null and preserved the date wording in additional_information.,61723-61726,not located
potential misspelling,"The descriptive prose contains the word ""blattant,"" which may be an OCR or spelling issue.",Preserved the wording exactly as printed and flagged for review.,61734-61734,not located
potential misspelling,"The descriptive prose contains the word ""Frances"" where surrounding context refers to Francis.",Preserved the wording exactly as printed and flagged for review.,61739-61739,not located
incomplete information,"Cast table includes role label ""People, etc."" with no associated name or ensemble in the visible cell.",Did not invent a name; preserved this fact in event additional_information rather than creating an empty-name credit.,61789-61828,not located
potential misspelling,"Lyric text contains ""preverse,"" which may be an OCR or spelling issue.",Preserved exactly and flagged for review.,61844-61847,63166
incomplete information,"The text of ""I. THE LEPER"" cuts off at the end of the chunk, so the performance is incomplete.",Transcribed all visible text and noted continuation in additional_information.,62023-62125,not located
ambiguous event boundary,"The chunk begins in the middle of text before the heading SECOND CONCERT, indicating the event started before this chunk.",Created a single event for SECOND CONCERT and preserved the opening material in an unlabeled section before II. SISTER CLARE.,62051-62101,63187
incomplete information,The title or numbering of the opening section before II. SISTER CLARE is not visible in this chunk.,Represented it as an unlabeled section before II. SISTER CLARE and preserved all visible text.,62051-62157,63187
ambiguous event boundary,"The chunk ends in the middle of V. THE CANTICLE OF THE SUN, so the event continues beyond this chunk.",Included only the visible portion and noted incompleteness in section and event additional_information.,62528-62550,63247
OCR error,"Possible OCR error in the line 'And tho' ye labour not, God's blessing giveth case,' where 'case' may be suspect.",Preserved the wording exactly as printed/OCRed and flagged for manual review.,62341-62341,63285
OCR error,"Possible OCR error or spacing issue in 'Do thou, O sun, bekind,'",Preserved 'bekind' exactly and flagged for review.,62547-62547,63326
incomplete information,"The ""SECOND CONCERT"" material is visible only as libretto/text pages without a visible event title, date, venue, or opening contextual information in this chunk.",Created a concert event with null event name/date/venue/location and preserved visible page-header information in additional_information.,62540-62806,not located
ambiguous event boundary,"Text preceding the heading ""V. THE CANTICLE OF THE SUN"" appears to belong to an earlier section of the same work/event that began before this chunk.",Did not create a separate prior section because its heading is not visible here; noted the continuation in additional_information for the performance.,62476-62527,63312
OCR error,"Possible OCR or typographical anomaly in ""bekind"".",Preserved the wording exactly as printed in the lyrics transcript.,62547-62547,63326
OCR error,"Possible OCR or typographical anomaly in ""Painter now it sounds"".",Preserved the wording exactly as printed in the lyrics transcript.,62714-62717,63366
OCR error,"Possible OCR or typographical anomaly in ""faithfulllest"".",Preserved the wording exactly as printed in the lyrics transcript.,62757-62757,63366
OCR error,"Hyphenated word break in lyric text may obscure intended word: ""chil- / dren of God!""",Preserved the line break and hyphenation exactly in the transcript.,62801-62802,63366
incomplete information,"The date for ""THIRD CONCERT"" is incomplete in this chunk: only ""Friday Afternoon, May 18"" is visible, without year.",Set event_date to null and preserved the partial date in additional_information.,62807-62810,not located
potential misspelling,"Possible misspelling of ""impressario"" in program note text.",Preserved the spelling exactly as it appears.,62816-62816,63400
OCR error,"Movement marking appears with unusual capitalization: ""ALLEGRO NON TROppo"".",Preserved the wording exactly as printed.,62855-62855,63414
OCR error,"Duplicated word in note text: ""between the the first movement"".",Preserved the duplication exactly as printed in additional_information.,62871-62871,63414
incomplete information,"The text/lyrics for ""THE QUEST OF THE QUEER PRINCE"" continues beyond the end of the chunk.",Transcribed only the visible portion and kept the performance entry open-ended in effect via the partial lyrics transcript.,62896-62974,63384
incomplete information,"The 'THIRD CONCERT' material begins mid-text, indicating a work already in progress before this chunk starts. Title, composer, and performers are not visible.",Created a concert event for 'THIRD CONCERT' and preserved the visible text as an untitled performance with null unavailable fields.,62901-62907,63419
incomplete information,The 'VIOLIN SOLOS' entries are truncated by extremely long dashed leaders and missing composer/performer details; the second title appears on the next page without complete attribution.,Recorded the visible titles as performances and noted truncation in additional_information.,63143-63150,not located
OCR error,Possible OCR or typographical issue in 'from it's topmost room' where 'it's' may be intended as 'its'.,Preserved wording exactly in lyrics transcript.,63107-63110,63445
potential misspelling,"Composer surname appears as 'Simigaglia' in the program line, while the note immediately below refers to 'Leone Sinigaglia'. Manual review may be useful.",Preserved both spellings as they appear; credited composer from visible program line and retained note text verbatim.,63169-63172,not located
potential misspelling,"Birthplace appears as 'Cantania, Sicily' in the Bellini note; spelling may be questionable.",Preserved the OCR wording exactly.,63185-63185,63514
conflicting information,"Bellini death date is given as September 23, 1855, which appears potentially problematic and may reflect OCR or source error.",Preserved the date exactly as printed and flagged for review.,63185-63185,63514
conflicting information,The 'Suicidio' note states '(Act VI)'. This may be unusual and could reflect source or OCR error.,Preserved the act number exactly as printed and flagged for review.,63211-63211,63521
potential misspelling,Composer name appears as 'Glazounow.' including period and this spelling may differ from other common forms.,Preserved spelling and punctuation exactly as printed.,63230-63230,63525
conflicting information,Program note gives birth location as 'Leningrad' for Alexander Glazounow; chronology may be questionable.,Preserved wording exactly and flagged for manual review.,63235-63235,63528
duplicate information,"The aria group heading for Bellini/Ponchielli is followed by a repeated separate heading for '(a) ""Casta diva"" from ""Norma""'. This may reflect layout repetition rather than distinct program items.","Captured both the grouped aria listing and the individual aria entry, and flagged the possible duplication.",63179-63184,not located
duplicate information,"The aria group heading for Puccini items is followed by a repeated separate heading for '(a) ""IN QUELLE TRINE MORBIDE"" from ""MANON""'. This may reflect layout repetition rather than distinct program items.","Captured both the grouped aria listing and the individual aria entry, and flagged the possible duplication.",63363-63368,not located
non-musical information,Pages 55-56 contain metadata and page marker material not directly part of the concert program text.,Did not create a separate non-event because the metadata appears to be OCR wrapper/page information rather than embedded historical document content; preserved relevant page evidence in event additional_information.,63152-63164,not located
ambiguous event boundary,"The chunk opens with prose about a development section and recapitulation of a prior work before the heading for ""Marching Song of Democracy."" This indicates the beginning of the chunk is a continuation from an earlier event item not fully visible here.",Did not create a separate incomplete event for the unidentified preceding work; noted the continuation in additional_information for FOURTH CONCERT.,63327-63328,63528
duplicate information,"The aria ""IN QUELLE TRINE MORBIDE"" from ""MANON"" appears twice in close succession, first in the program listing and again as a heading before the English translation.",Represented it once as a single performance and flagged the repeated heading.,63363-63368,not located
conflicting information,"The same Puccini aria is listed once as from ""TOSCA"" and later as from ""LA TOSCA.""",Preserved both forms in the relevant performance additional_information without attempting to resolve them.,63364-63380,not located
OCR error,"Page 74 consists of image metadata rather than program text, suggesting OCR extraction of a non-text page or system-generated content.",Did not treat the metadata as a separate event; mentioned page interruption in event additional_information.,63559-63566,14339
incomplete information,The date for FIFTH CONCERT is incomplete because it gives month and day but no year.,Set event_date to null and preserved the wording in additional_information.,63473-63473,63633
incomplete information,The date for SIXTH CONCERT is incomplete because it gives month and day but no year.,Set event_date to null and preserved the wording in additional_information.,63609-63610,63677
formatting error,"The title line for ""AIDA"" is followed by an extremely long run of dashes, likely a formatting artifact of OCR capture.",Preserved the title and omitted the dash run from structured fields except by note in additional_information.,63611-63611,not located
potential misspelling,"Within the Aida synopsis, deity and temple names appear in inconsistent or possibly erroneous OCR forms: ""Ptah (Ptah)"" and ""Ftaha.""",Preserved the forms exactly in transcription and noted the issue in additional_information.,63624-63629,not located
incomplete information,"The Aida libretto excerpt in this chunk ends mid-line, so the performance text is incomplete within the chunk.",Transcribed only the visible text and noted that the excerpt ends mid-line.,63823-63825,63694
potential misspelling,"The Tchaikovsky program note contains the form ""Tchikovsky"" in one place, differing from the surrounding spellings.",Preserved the spelling exactly as printed and did not normalize it.,63544-63544,not located
incomplete information,"The event begins before the visible chunk, so event title context and earlier sections/credits may be missing.",Extracted only the visible sections and noted continuation in additional_information.,63751-63760,63694
ambiguous event boundary,"The chunk shows alternating page headers 'OFFICIAL PROGRAM' and 'SIXTH CONCERT', suggesting program pagination rather than a clean event boundary.",Treated the visible material as one event titled 'SIXTH CONCERT' because that is the clearest event heading in the chunk.,63773-63775,not located
ambiguous event boundary,"Page header 'SIXTH CONCERT' appears after libretto text already in progress, so the exact start of the event within the larger source is unclear.",Used 'SIXTH CONCERT' as event_name but did not infer where the event begins outside the chunk.,63851-63853,not located
incomplete information,The final visible section continues beyond the end of the chunk.,Transcribed the visible text only and noted continuation in the performance additional_information.,64244-64250,63789
potential misspelling,"The name appears as 'Amonastro' in one line, while elsewhere 'Amonasro' appears in the same chunk.",Preserved both forms exactly as printed in their respective lines.,64212-64213,63789
conflicting information,The same apparent character/name appears in two different spellings: 'Amonasro' and 'Amonastro'.,Preserved both spellings and flagged for review.,63771-63771,63694
conflicting information,The same apparent character/name appears in two different spellings: 'Amonasro' and 'Amonastro'.,Preserved both spellings and flagged for review.,64212-64212,63789
OCR error,Possible OCR or typographical issue in 'Dancings Girls'.,Preserved wording exactly as printed.,64099-64099,63789
OCR error,Possible OCR or typographical issue in 'desfile'.,Preserved wording exactly as printed.,64099-64099,63789
OCR error,Possible OCR or typographical issue in 'in they power transcendent'.,Preserved wording exactly as printed.,64153-64153,63789
incomplete information,The event begins with continuing text from a prior portion of the opera/program before the visible page heading and likely continues beyond the end of the chunk.,"Extracted only the visible text and preserved it in sections/performances, noting continuation in additional_information.",64176-64195,63789
incomplete information,The final performance in ACT IV is truncated at the end of the chunk.,Preserved the visible portion of the lyrics/transcript only.,64670-64675,63885
potential misspelling,"The name 'Amonastro' appears in earlier lines, while later lines use 'AMONASRO'. This may indicate OCR inconsistency or source inconsistency.",Preserved both forms exactly as they appear.,64212-64213,63789
potential misspelling,"Speaker label 'AMA.' appears, which may be abbreviated or an OCR issue.",Preserved the speaker label exactly as printed in the transcript.,64542-64549,63864
OCR error,The phrase 'Aid us thy portal who seek' appears syntactically irregular and may reflect OCR disturbance.,Preserved the wording exactly as it appears.,64282-64282,63843
OCR error,The word 'excution' may be an OCR or printing error.,Preserved the wording exactly as it appears.,64650-64652,63885
ambiguous event boundary,The opera text begins mid-dialogue and clearly continues from earlier pages not present in this chunk.,Created a single opera event for the visible continuation and preserved only the text shown in this chunk.,64601-64619,not located
ambiguous attribution,"No explicit title or composer of the opera is given in the visible chunk, though character names appear throughout.",Did not infer the work title or composer; left event_name as the visible heading and credits empty.,64609-64924,not located
OCR error,"Possible OCR or textual error in the word ""excution"".",Preserved wording exactly in transcript.,64650-64652,63885
formatting error,"Page header changes to ""SIXTH CONCERT"" in the middle of the opera text, suggesting interleaved page headers rather than a new event.",Treated the text as continuing the same opera event and noted the header variation in additional_information.,64686-64688,not located
formatting error,"Page header changes again to ""OFFICIAL PROGRAM"" within the same libretto sequence.",Kept within the same opera event.,64764-64766,not located
formatting error,"Page header changes again to ""SIXTH CONCERT"" within the same libretto sequence.",Kept within the same opera event.,64834-64836,not located
formatting error,"Page header changes again to ""OFFICIAL PROGRAM"" within the same libretto sequence.",Kept within the same opera event.,64897-64899,not located
non-musical information,The Frieze Memorial Organ material is descriptive prose and organ specification rather than a musical event program.,"Created a separate event with event_type ""non-event"" and preserved the material in additional_information and section additional_information.",64925-65100,not located
formatting error,"Heading is split across pages: ""ENSEMBLE of the FRIEZE Built and Erected by the Skinner Organ"" followed on the next page by ""MEMORIAL ORGAN Company, Boston, Massachusetts"".",Preserved split wording and recorded company-related credits as they appear.,64934-65040,not located
potential misspelling,"Possible OCR or spelling issue in ""Tuha"" within the Solo Organ stop list.",Preserved exactly as printed.,65057-65057,63968
non-musical information,Organ specification and mechanical details are not a specific musical event program.,Created a non-event entry and preserved the technical text in additional_information.,65026-65139,61807
potential misspelling,The stop name '8' Tuha' may be an OCR or spelling issue.,Preserved the wording exactly as printed and noted for review.,65057-65057,63968
potential misspelling,The heading 'Coupplers' may be misspelled or an OCR issue.,Preserved the wording exactly as printed and noted for review.,65110-65110,63981
non-musical information,Builder's statement is prose/program-note material rather than a discrete musical event.,Created a non-event entry and preserved the text in additional_information.,65142-65162,64001
non-musical information,"Chicago Symphony Orchestra page is a roster/personnel listing, not a specific event in this chunk.",Created a non-event entry and transcribed all visible credits as roster information.,65165-65302,55817
formatting error,"Brace notation after 'Bolognini, R.' is unclear in the OCR.",Interpreted it minimally as indicating principal status only for the visible named player and preserved the rest as violin personnel.,65176-65176,not located
potential misspelling,Player surname may contain OCR error or misspelling.,Preserved exactly as printed.,65223-65223,64030
potential misspelling,Player surname may contain OCR error or misspelling.,Preserved exactly as printed.,65230-65230,64032
non-musical information,University Choral Union pages are roster/personnel listings rather than a specific event in this chunk.,Created a non-event entry and transcribed all visible credits as roster information.,65304-65525,55828
incomplete information,The tenor roster continues beyond the end of the supplied chunk.,Captured only the visible tenor names and noted the truncation.,65517-65525,6527
potential misspelling,Singer name may contain OCR issue.,Preserved exactly as printed.,65332-65332,64073
potential misspelling,Singer name may contain OCR issue.,Preserved exactly as printed.,65333-65333,64073
potential misspelling,Singer name may contain OCR issue.,Preserved exactly as printed.,65357-65357,64073
potential misspelling,Singer name may contain OCR issue.,Preserved exactly as printed.,65364-65364,64073
OCR error,Possible OCR punctuation error in given name.,Preserved exactly as printed.,65368-65368,64073
potential misspelling,Part heading appears singular while adjacent headings are plural; could be formatting inconsistency.,Preserved exactly as printed as the role label.,65438-65438,11228
potential misspelling,Singer name may contain OCR issue.,Preserved exactly as printed.,65496-65496,64074
potential misspelling,Singer name may contain OCR issue.,Preserved exactly as printed.,65497-65497,64074
potential misspelling,Singer name may contain OCR issue.,Preserved exactly as printed.,65499-65499,64074
ambiguous event boundary,"The opening roster of names begins mid-list with no heading visible in this chunk, and may belong to an event or document that started before the chunk.",Captured this material as a separate non-event record to preserve the information without inventing a document identity.,65451-65517,not located
ambiguous event boundary,"The material around 'OFFICIAL PROGRAM', 'BASS', and 'The University Glee Club' is fragmentary and may be part of a larger program whose title and fuller structure are outside the chunk.",Created a distinct event for the visible University Glee Club material and preserved uncertain roster context in additional_information.,65547-65652,not located
formatting error,"Under 'The University Glee Club' and 'Tenors', the roster continues past line 65628 without a new visible heading, suggesting another voice part may be present but unlabeled in the OCR excerpt.",Preserved all names in the event additional_information and did not assign an inferred heading.,65606-65651,not located
potential misspelling,Several names may contain OCR or spelling issues but cannot be corrected from the source alone.,Preserved spellings exactly as printed and noted examples for review.,65496-65943,64179
incomplete information,"The Children's Festival Chorus entry is a roster listing without visible repertoire, date, venue, or explicit performance subdivisions beyond schools and grades.",Structured schools as performances within a single full-performance section and preserved all visible roster and credit information.,65654-65950,not located
ambiguous event boundary,"The chunk opens with grade rosters already in progress, without a visible event title or school heading for the first Fifth Grade and Sixth Grade lists.",Included these opening rosters within the CHILDREN'S CHORUS event and noted that the school heading is missing in this chunk.,65877-65957,not located
duplicate information,"TAPPAN SCHOOL appears twice with overlapping names, suggesting repeated or sectional listing that may duplicate some participants.",Both TAPPAN SCHOOL lists were preserved as separate roster performances under the same event.,66125-66265,not located
incomplete information,The ELEVENTH FESTIVAL entry begins but no soloists or principal works are visible within this chunk.,Created the festival section with only the visible date information and left performances empty.,66374-66375,not located
formatting error,"Page headers vary between OFFICIAL PROGRAM, CHILDREN'S CHORUS, REPERTOIRE 1894-1928, and REPETOIRE 1894-1928, indicating possible OCR/layout inconsistencies.",Preserved headings as printed and used contextual grouping for event separation.,66003-66345,not located
potential misspelling,"Several names and terms may contain OCR or original spelling anomalies, but cannot be corrected from the supplied text alone.",Preserved spellings exactly as printed without correction.,65891-66369,not located
incomplete information,"The chunk begins with soloists and principal works for a festival whose heading, date, and other identifying information are not visible in this chunk.","Created a separate fragmentary festival event with null event_name and null event_date, and preserved all visible soloists and works.",66301-66304,56216
OCR error,"The source has 'REPETOIRE' where 'REPERTOIRE' may be intended, but the OCR wording was preserved.",Preserved as printed/OCR in additional_information.,66345-66345,64746
OCR error,"The source has 'REPETOIRE' where 'REPERTOIRE' may be intended, but the OCR wording was preserved.",Preserved as printed/OCR in additional_information.,66402-66402,64746
OCR error,"The source has 'REPERTOIRE' and 'REPETOIRE' in different places, creating inconsistency.",Preserved each form exactly as it appears.,66513-66513,66805
conflicting information,"TWENTY-SIXTH FESTIVAL is dated 'May 14, 15, 16, 17, 1910—Six Concerts', which conflicts with surrounding sequence of annual festivals and may be erroneous.",Preserved the visible date string in additional_information and flagged for manual review.,66515-66518,not located
conflicting information,"THIRTY-THIRD FESTIVAL is dated 'May 19, 20, 21, 22, 1920—Six Concerts', which conflicts with surrounding sequence and may be erroneous.",Preserved the visible date string in additional_information and flagged for manual review.,66582-66585,not located
OCR error,"Work entry appears as '""Damnation of Faust, Berlioz' with mismatched quotation/punctuation.",Preserved the OCR wording in the performance title and composer field as best as possible.,66529-66529,not located
OCR error,"Some headings and names appear inconsistently or with likely OCR distortion, including 'Mre. Fannie Bloomfield Zeisler', 'Authur Hackett', 'Benevenuto Cellini', 'Dubas', and others.",Preserved all forms exactly as they appear and did not normalize spellings.,66534-66617,not located
non-musical information,"The final portion of the chunk is a directory/list of organizations, conductors, and artists rather than a specific musical event.",Created a non-event record and placed the content into additional_information.,66618-66800,not located
incomplete information,Dates are present only as month-day-year ranges with multiple days and were not converted because the schema requires a complete single event date in dd/mm/yyyy format.,Stored visible date strings in additional_information and used null for event_date.,66308-66617,56230
ambiguous event boundary,"The chunk begins in the middle of a list of names before the heading ""CONTRALTOS,"" indicating missing preceding context and uncertain category assignment for lines 066726-066808.",Preserved the names in additional_information of a non-event index entry and noted that the chunk starts mid-list.,66726-66808,not located
non-musical information,The performer/category listings are index or reference material rather than a specific musical event program.,Created a non-event record for the listing material.,66810-66989,not located
non-musical information,"The ""List of Works"" is catalog/reference material rather than a single musical event.",Created a non-event record and preserved the text in additional_information.,66993-67225,not located
potential misspelling,Possible OCR or spelling issue in composer heading/name.,Preserved exactly as printed.,67004-67004,not located
potential misspelling,Possible OCR or spelling issue in work/composer entry.,Preserved exactly as printed.,67014-67014,not located
formatting error,Program number appears unusually large or possibly malformed in the Beethoven entry.,Preserved the number exactly and flagged for review.,67006-67006,60841
formatting error,"The Beethoven line contains a fragment that may be incomplete or misplaced: ""Op. E. flat.""",Preserved the fragment in transcription and flagged it.,67006-67006,not located
formatting error,Missing dash before apparent program number in Beethoven concerto entry.,Preserved wording exactly.,67009-67009,60841
potential misspelling,Possible OCR or spelling issue in composer surname.,Preserved exactly as printed.,67029-67029,not located
potential misspelling,Possible OCR or spelling issue in composer surname.,Preserved exactly as printed.,67031-67031,not located
formatting error,"Likely missing punctuation separating ""Tragic"" and ""Concerto"" in Brahams entry.",Preserved wording exactly.,67031-67031,not located
potential misspelling,Possible OCR or spelling issue in title.,Preserved exactly as printed.,67041-67041,not located
potential misspelling,Possible OCR or spelling issue in title word.,Preserved exactly as printed.,67059-67059,not located
potential misspelling,Possible OCR or spelling issue in composer heading.,Preserved exactly as printed.,67072-67072,not located
formatting error,Missing punctuation between two work descriptions in the DUKAS entry.,Preserved exactly as printed.,67082-67082,not located
potential misspelling,Possible OCR or spelling issue in title.,Preserved exactly as printed.,67084-67084,not located
formatting error,Possible missing dash before program number in ELGAR entry.,Preserved exactly as printed.,67086-67086,not located
potential misspelling,Possible OCR or spelling issue in key designation.,Preserved exactly as printed.,67104-67104,60881
potential misspelling,Possible OCR or spelling issue in title.,Preserved exactly as printed.,67108-67108,not located
potential misspelling,Possible OCR or spelling issue in composer name.,Preserved exactly as printed.,67117-67117,68231
formatting error,Possible missing separator before a new work title in Grainier entry.,Preserved exactly as printed.,67123-67123,not located
potential misspelling,Possible OCR or spelling issue in composer name.,Preserved exactly as printed.,67127-67127,68231
ambiguous attribution,"The entry ""Gretry—Mottl—Ballet Music from ""Cephale and Procris."""" has ambiguous attribution or arrangement relationship.",Preserved full wording in additional_information and flagged ambiguity.,67129-67129,not located
formatting error,Parentheses appear unbalanced or malformed in Holst entry.,Preserved exactly as printed.,67147-67147,60901
potential misspelling,Possible OCR or spelling issue in entry heading.,Preserved exactly as printed.,67162-67162,68231
formatting error,"Composer heading is split by a dash, creating possible OCR/format ambiguity.",Preserved exactly as printed.,67166-67166,68231
potential misspelling,Possible OCR or spelling issue in title.,Preserved exactly as printed.,67192-67192,68231
potential misspelling,Possible OCR or spelling issue in composer name/diacritic form.,Preserved exactly as printed.,67217-67217,not located
formatting error,Quotation marks appear unbalanced in the MOŠZOWSKI entry.,Preserved exactly as printed.,67217-67217,not located
potential misspelling,Possible OCR or spelling issue in instrumentation abbreviation.,Preserved exactly as printed.,67221-67221,68231
potential misspelling,Possible OCR or spelling issue in title.,Preserved exactly as printed.,67221-67221,not located
non-musical information,"Pages 134-139 consist primarily of repertoire index/catalog entries and statistical summary material, not a discrete musical event.",Created a single non-event record and preserved the content in additional_information.,67159-67470,not located
formatting error,Table on page 139 is structurally unclear in OCR and contains ambiguous numeric alignment.,Preserved the table content verbatim-like in additional_information without inferring exact column relationships beyond visible text.,67369-67466,not located
OCR error,"Several repertoire entries appear to contain OCR or spelling anomalies, including names/titles that may be malformed.",Preserved spellings exactly as printed/OCRed in non-event additional_information.,67162-67348,not located
ambiguous event boundary,"After ""Sixth Concert"" the text restarts with ""First Concert"" without an explicit repeated series heading in this chunk, suggesting a shift from Choral Union Pre-Festival Series to Extra Concert Series but not stating it directly at that point.",Separated the Rosa Raisa event as a new concert and noted the inferred series attribution in additional_information.,67581-67632,not located
incomplete information,Sixth Concert does not show a complete series number in the visible chunk.,Left event_date and further series numbering unavailable; preserved visible concert title only.,67581-67596,54272
incomplete information,"Third Concert Complete Series 1630 continues beyond the end of the chunk, so the program is incomplete.",Extracted only visible items and noted continuation in additional_information.,67640-67650,68901
OCR error,"Some performer names differ within the same event, possibly due to OCR or source inconsistency: ""EDITH BROWNING"" in heading and ""Edythe Browning"" in item attributions.",Preserved both forms; credited the heading form at event level and preserved the item-level form in performance additional_information.,67495-67523,not located
OCR error,"Potential OCR anomalies in work/composer names within event programs, including ""O Bci Nidi D'Amor,"" ""Plotow,"" ""Boutanger,"" and ""Nocture.""",Preserved wording exactly and did not normalize.,67501-67562,not located
OCR error,"Brace character after ""Allegro—Adagio Ma Non Tanto"" suggests OCR/formatting corruption.",Preserved the brace as part of the title and flagged for manual review.,67555-67556,68546
ambiguous attribution,"Some song attributions may represent composer, arranger, or language designation without explicit role labels, such as ""Bach-Bauer,"" ""Moussorgsky-Pattison,"" ""Mozart-Kreisler,"" and others.",Placed the visible attribution text in performance additional_information rather than assigning inferred roles.,67533-67565,68412
OCR error,"Program uses variant or possibly corrupted spellings including ""Boris Godounoff,"" ""Tschaikovsky,"" and ""Dohnányi.""",Preserved exactly as visible.,67537-67650,not located
ambiguous event boundary,"The chunk begins with program items before the heading ""Sixth Concert,"" suggesting preceding material from an earlier event or continuation from a previous page.",Preserved the pre-heading lines in event-1 additional_information rather than assigning them as confirmed performances of the Sixth Concert.,67576-67580,68976
incomplete information,"Several performances are listed as ""Songs to be announced—"" with no song titles provided.",Created performance entries preserving the text exactly and included performer information in additional_information.,67588-67595,not located
potential misspelling,"Work title appears as ""Largo Dalla Factotem Della Citta,"" which may contain OCR or spelling issues.",Preserved the wording exactly as printed and flagged for review.,67606-67606,not located
potential misspelling,"Composer name appears as ""Dubleva,"" which may be uncertain.",Preserved the wording exactly as printed and flagged for review.,67608-67608,not located
incomplete information,"An aria is identified only as ""Aria, from ""Pique Dame"""" without a specific aria title.",Recorded the available text as the performance name and flagged the missing title information.,67610-67611,not located
potential misspelling,"Composer name appears as ""Tchaikowsky"" in one entry and ""Tschaikovsky"" elsewhere in the chunk.",Preserved each spelling exactly as it appears and flagged the inconsistency.,67610-67610,not located
potential misspelling,"Ensemble name appears as ""FLONZALEY QUARTET,"" which may require review.",Preserved the wording exactly as printed and flagged for review.,67633-67635,61043
incomplete information,"Sub-items under ""Nutcracker"" Suite are listed without repeating composer attribution on each line; they may be internal parts of the suite rather than independent works.","Recorded them as separate performances within the event, with shared suite context implied by ordering, and flagged for review.",67645-67654,not located
incomplete information,Several entries in the St. Olaf Lutheran Choir program include names and years or source attributions rather than clearly delimited composer credits.,Placed the trailing text into performance additional_information and flagged the ambiguous attribution format.,67678-67688,not located
incomplete information,"In the MYRA HESS program, ""Pavane Pour Une Infante Defunte"" and ""Ondine"" are followed by a single composer attribution line ""Ravel,"" making attribution grouping ambiguous.","Preserved the two titles as separate performances and attached ""Ravel"" only to the final listed item, while flagging the ambiguity.",67700-67702,69480
non-musical information,Pages 146-148 contain OCR metadata rather than event content.,Created a non-event entry containing the metadata in additional_information.,67704-67730,38054
