file,page,chars,tokens,mean_logprob,min_logprob,perplexity,low_conf_frac,header_only,truncated,repetition,is_table,is_diagram,rotation_correction,language,seconds,confidence
UDC20260028-1.pdf,1,73,67,-0.0258,-1.1641,1.026,0.0,False,True,False,False,False,0,en,17.9,0.5847
UDC20260028-1.pdf,2,0,31,-0.004,-0.0938,1.004,0.0,True,False,False,False,False,0,en,12.9,0.0
UDC20260028-1.pdf,3,1439,258,-0.0607,-1.0312,1.063,0.0,False,True,True,False,False,0,en,27.8,0.2259
UDC20260028-1.pdf,4,0,31,-0.0035,-0.0625,1.004,0.0,True,False,False,False,False,0,en,12.3,0.0
UDC20260028-1.pdf,5,913,363,-0.0342,-1.3438,1.035,0.0,False,True,False,False,False,0,en,19.6,0.5798
UDC20260028-1.pdf,6,928,280,-0.0495,-1.5625,1.051,0.0,False,True,False,False,False,0,en,13.5,0.571
UDC20260028-1.pdf,7,415,171,-0.0153,-0.9375,1.015,0.0,False,True,False,False,False,0,en,10.7,0.5909
UDC20260028-1.pdf,8,764,214,-0.0367,-1.2656,1.037,0.0,False,True,False,False,False,0,en,11.9,0.5784
UDC20260028-1.pdf,9,1520,335,-0.0526,-1.3906,1.054,0.0,False,False,False,False,False,0,en,15.3,0.9488
UDC20260028-1.pdf,10,898,262,-0.0584,-2.625,1.06,0.0038,False,True,False,False,False,0,en,13.5,0.566
UDC20260028-1.pdf,11,876,340,-0.0192,-1.125,1.019,0.0,False,False,False,False,False,0,en,15.5,0.981
UDC20260028-1.pdf,12,1203,357,-0.0421,-1.375,1.043,0.0,False,True,False,False,False,0,en,15.9,0.5752
UDC20260028-1.pdf,13,1512,288,-0.0438,-1.9766,1.045,0.0,False,True,True,False,False,0,en,14.2,0.2297
UDC20260028-1.pdf,14,1566,424,-0.0422,-2.5469,1.043,0.0024,False,True,False,False,False,0,en,18.3,0.5752
UDC20260028-1.pdf,15,1754,465,-0.0434,-1.375,1.044,0.0,False,True,False,False,False,0,en,20.4,0.5745
UDC20260028-1.pdf,16,1177,295,-0.0512,-2.3203,1.053,0.0034,False,False,False,False,False,0,en,15.7,0.95
UDC20260028-1.pdf,17,1665,285,-0.044,-1.7188,1.045,0.0,False,False,False,False,False,0,en,15.7,0.957
UDC20260028-1.pdf,18,1596,311,-0.0755,-1.8125,1.078,0.0,False,False,False,False,False,0,en,16.2,0.9273
UDC20260028-1.pdf,19,1692,300,-0.0441,-2.0391,1.045,0.0033,False,True,False,False,False,0,en,16.1,0.5741
UDC20260028-1.pdf,20,2052,384,-0.0585,-1.8594,1.06,0.0,False,True,False,False,False,0,en,18.2,0.5659
UDC20260028-1.pdf,21,1625,376,-0.0307,-1.7734,1.031,0.0,False,False,False,False,False,0,en,18.1,0.9698
UDC20260028-1.pdf,22,1678,445,-0.0527,-1.7812,1.054,0.0,False,True,False,False,False,0,en,19.7,0.5692
UDC20260028-1.pdf,23,1108,318,-0.0514,-1.2969,1.053,0.0,False,True,True,False,False,0,en,15.9,0.228
UDC20260028-1.pdf,24,286,81,-0.0027,-0.1406,1.003,0.0,False,False,False,False,False,0,en,9.1,0.9973
UDC20260028-1.pdf,25,0,31,-0.0035,-0.0781,1.004,0.0,True,False,False,False,False,0,en,7.4,0.0
UDC20260028-1.pdf,26,0,31,-0.002,-0.0312,1.002,0.0,True,False,False,False,False,0,en,7.7,0.0
UDC20260028-10.pdf,1,239,135,-0.0645,-0.9844,1.067,0.0,False,False,False,False,False,0,en,10.4,0.9376
UDC20260028-10.pdf,2,0,31,-0.005,-0.125,1.005,0.0,True,False,False,False,False,0,en,7.2,0.0
UDC20260028-10.pdf,3,714,332,-0.0182,-0.6875,1.018,0.0,False,False,False,False,False,0,en,15.8,0.982
UDC20260028-10.pdf,4,1124,488,-0.0337,-1.6484,1.034,0.0,False,True,False,False,False,0,en,20.8,0.5801
UDC20260028-10.pdf,5,1923,908,-0.0277,-1.3281,1.028,0.0,False,False,False,False,False,0,en,34.1,0.9726
UDC20260028-10.pdf,6,281,111,-0.0244,-0.6719,1.025,0.0,False,False,False,False,False,0,en,9.8,0.9759
UDC20260028-10.pdf,7,511,161,-0.0114,-0.4844,1.011,0.0,False,False,False,False,False,0,en,11.7,0.9887
UDC20260028-10.pdf,8,2317,586,-0.0109,-0.8984,1.011,0.0,False,False,False,False,False,0,en,24.5,0.9892
UDC20260028-10.pdf,9,2771,697,-0.0147,-0.8828,1.015,0.0,False,False,False,False,False,0,en,27.8,0.9854
UDC20260028-10.pdf,10,1095,341,-0.0207,-1.0781,1.021,0.0,False,False,False,False,False,0,en,16.9,0.9795
UDC20260028-10.pdf,11,1404,402,-0.0152,-0.7188,1.015,0.0,False,False,False,False,False,0,en,18.6,0.9849
UDC20260028-10.pdf,12,2191,522,-0.0252,-0.9844,1.025,0.0,False,False,False,False,False,0,en,22.4,0.9751
UDC20260028-10.pdf,13,744,236,-0.0232,-0.7812,1.023,0.0,False,False,False,False,False,0,en,13.6,0.9771
UDC20260028-10.pdf,14,1088,320,-0.019,-1.0156,1.019,0.0,False,True,False,False,False,0,en,16.2,0.5887
UDC20260028-10.pdf,15,1255,353,-0.0136,-0.6094,1.014,0.0,False,True,False,False,False,0,en,17.0,0.5919
UDC20260028-10.pdf,16,1473,391,-0.0751,-2.3047,1.078,0.0026,False,False,False,False,False,0,en,18.3,0.9276
UDC20260028-10.pdf,17,1230,352,-0.0114,-0.6562,1.011,0.0,False,False,False,False,False,0,en,16.8,0.9887
UDC20260028-10.pdf,18,1064,321,-0.0042,-0.4844,1.004,0.0,False,False,False,False,False,0,en,16.0,0.9958
UDC20260028-10.pdf,19,660,219,-0.0123,-0.6094,1.012,0.0,False,False,False,False,False,0,en,13.1,0.9877
UDC20260028-10.pdf,20,273,129,-0.0342,-1.7812,1.035,0.0,False,False,False,False,False,0,en,10.2,0.9664
UDC20260028-10.pdf,21,0,31,-0.0091,-0.2344,1.009,0.0,True,False,False,False,False,0,en,7.8,0.0
UDC20260028-10.pdf,22,0,31,-0.0045,-0.1094,1.005,0.0,True,False,False,False,False,0,en,7.7,0.0
UDC20260028-10.pdf,23,0,31,-0.0176,-0.5,1.018,0.0,True,False,False,False,False,0,en,7.1,0.0
UDC20260028-10.pdf,24,0,31,-0.0111,-0.2969,1.011,0.0,True,False,False,False,False,0,en,7.3,0.0
UDC20260028-11.pdf,1,42,52,-0.1073,-1.0312,1.113,0.0,False,False,False,False,True,0,en,7.7,0.6288
UDC20260028-11.pdf,2,0,31,-0.0035,-0.0781,1.004,0.0,True,False,False,False,False,0,en,7.4,0.0
UDC20260028-11.pdf,3,164,105,-0.0086,-0.3125,1.009,0.0,False,True,False,False,False,0,en,9.4,0.5948
UDC20260028-11.pdf,4,562,283,-0.0113,-0.5469,1.011,0.0,False,True,False,False,False,0,en,15.9,0.5933
UDC20260028-11.pdf,5,2448,1348,-0.016,-1.3125,1.016,0.0,False,True,False,False,False,0,en,47.6,0.5905
UDC20260028-11.pdf,6,266,114,-0.0461,-1.3906,1.047,0.0,False,True,False,False,False,0,en,9.8,0.573
UDC20260028-11.pdf,7,923,288,-0.0238,-1.0469,1.024,0.0,False,True,False,False,False,0,en,15.6,0.5859
UDC20260028-11.pdf,8,978,297,-0.0138,-1.0,1.014,0.0,False,False,False,False,False,0,en,15.6,0.9863
UDC20260028-11.pdf,9,906,296,-0.0339,-1.7344,1.034,0.0,False,False,False,False,False,0,en,15.8,0.9667
UDC20260028-11.pdf,10,900,249,-0.007,-0.7344,1.007,0.0,False,False,False,False,False,0,en,14.1,0.993
UDC20260028-11.pdf,11,709,229,-0.0358,-1.9844,1.036,0.0,False,True,False,False,False,0,en,13.7,0.5789
UDC20260028-11.pdf,12,1244,342,-0.008,-0.5469,1.008,0.0,False,False,False,False,False,0,en,18.0,0.992
UDC20260028-11.pdf,13,764,242,-0.0256,-1.0,1.026,0.0,False,False,False,False,False,0,en,14.4,0.9748
UDC20260028-11.pdf,14,994,262,-0.0078,-0.5781,1.008,0.0,False,True,False,False,False,0,en,14.6,0.5953
UDC20260028-11.pdf,15,296,123,-0.0119,-0.5,1.012,0.0,False,False,False,False,False,0,en,10.3,0.9881
UDC20260028-11.pdf,16,86,71,-0.0301,-0.9844,1.031,0.0,False,False,False,False,False,0,en,8.9,0.9703
UDC20260028-12.pdf,1,57,64,-0.1099,-1.4062,1.116,0.0,False,True,False,False,False,0,en,10.6,0.5376
UDC20260028-12.pdf,2,197,106,-0.1201,-1.4844,1.128,0.0,False,True,False,False,False,0,en,11.0,0.5321
UDC20260028-12.pdf,3,772,310,-0.0324,-1.8438,1.033,0.0,False,True,False,False,False,0,en,18.9,0.5809
UDC20260028-12.pdf,4,448,388,-0.0226,-1.0938,1.023,0.0,False,True,False,False,False,0,ja,21.1,0.5866
UDC20260028-12.pdf,5,1023,877,-0.041,-1.4062,1.042,0.0,False,True,False,False,False,0,ja,37.7,0.5759
UDC20260028-12.pdf,6,8593,8193,-0.0145,-2.6875,1.015,0.0005,False,True,True,False,False,0,ja,271.3,0.2366
UDC20260028-12.pdf,7,382,181,-0.0083,-0.5156,1.008,0.0,False,True,False,False,False,0,en,14.2,0.595
UDC20260028-12.pdf,8,143,65,-0.0349,-0.7344,1.035,0.0,False,True,False,False,False,0,en,11.0,0.5794
UDC20260028-12.pdf,9,537,237,-0.0435,-1.7734,1.044,0.0,False,False,False,False,False,0,ja,15.9,0.9574
UDC20260028-12.pdf,10,138,81,-0.01,-0.4531,1.01,0.0,False,True,False,False,False,0,en,11.4,0.594
UDC20260028-12.pdf,11,861,324,-0.0276,-1.5391,1.028,0.0,False,True,False,False,False,0,en,18.8,0.5837
UDC20260028-12.pdf,12,201,108,-0.0067,-0.4531,1.007,0.0,False,True,False,False,False,0,en,12.2,0.596
UDC20260028-12.pdf,13,585,496,-0.0375,-1.375,1.038,0.0,False,True,False,False,False,0,ja,24.3,0.5779
UDC20260028-12.pdf,14,2190,549,-0.0144,-2.2031,1.014,0.0018,False,True,False,False,False,0,en,26.3,0.5914
UDC20260028-12.pdf,15,688,421,-0.0372,-1.3281,1.038,0.0,False,False,False,False,True,0,ja,22.7,0.9635
UDC20260028-12.pdf,16,1275,708,-0.0277,-0.9375,1.028,0.0,False,True,False,False,False,0,ja,31.2,0.5836
UDC20260028-12.pdf,17,1367,946,-0.0257,-1.5781,1.026,0.0,False,True,False,False,False,0,ja,39.1,0.5848
UDC20260028-12.pdf,18,2430,609,-0.0084,-0.8906,1.008,0.0,False,True,False,False,False,0,en,28.4,0.595
UDC20260028-12.pdf,19,1186,907,-0.0246,-1.8828,1.025,0.0,False,True,False,False,False,0,ja,37.9,0.5854
UDC20260028-12.pdf,20,2435,616,-0.0065,-0.9062,1.007,0.0,False,True,False,False,False,0,en,28.9,0.5961
UDC20260028-12.pdf,21,1136,806,-0.0196,-1.0625,1.02,0.0,False,True,False,False,False,0,ja,34.4,0.5883
UDC20260028-12.pdf,22,2234,611,-0.0287,-1.8281,1.029,0.0,False,True,False,False,False,0,en,28.2,0.583
UDC20260028-12.pdf,23,827,612,-0.0302,-1.0,1.031,0.0,False,True,False,False,False,0,ja,28.3,0.5821
UDC20260028-12.pdf,24,2793,654,-0.0098,-0.9219,1.01,0.0,False,True,False,False,False,0,en,29.8,0.5941
UDC20260028-12.pdf,25,1711,1090,-0.0302,-1.8047,1.031,0.0,False,True,False,False,False,0,ja,43.2,0.5822
UDC20260028-12.pdf,26,3208,778,-0.0166,-1.2578,1.017,0.0,False,True,False,False,False,0,en,33.8,0.5901
UDC20260028-12.pdf,27,1028,813,-0.0504,-2.2812,1.052,0.0025,False,False,False,False,True,0,ja,34.8,0.9508
UDC20260028-12.pdf,28,3152,817,-0.0122,-1.8438,1.012,0.0,False,True,False,False,False,0,en,34.9,0.5927
UDC20260028-12.pdf,29,1269,935,-0.0152,-0.7812,1.015,0.0,False,True,False,False,False,0,ja,38.7,0.591
UDC20260028-12.pdf,30,1914,491,-0.0031,-0.5625,1.003,0.0,False,True,False,False,False,0,en,25.2,0.5982
UDC20260028-12.pdf,31,891,644,-0.0177,-1.375,1.018,0.0,False,False,False,False,False,0,ja,30.0,0.9824
UDC20260028-12.pdf,32,3370,771,-0.0028,-0.5781,1.003,0.0,False,True,False,False,False,0,en,34.5,0.5983
UDC20260028-13.pdf,1,24,38,-0.0699,-0.8906,1.072,0.0,False,True,False,False,False,0,de,8.5,0.3916
UDC20260028-13.pdf,2,0,31,-0.006,-0.125,1.006,0.0,True,False,False,False,False,0,en,7.5,0.0
UDC20260028-13.pdf,3,164,77,-0.0134,-0.4844,1.013,0.0,False,True,False,False,False,0,en,8.8,0.592
UDC20260028-13.pdf,4,186,94,-0.0229,-0.6875,1.023,0.0,False,True,False,False,False,0,en,9.4,0.5864
UDC20260028-13.pdf,5,496,261,-0.0116,-0.7344,1.012,0.0,False,True,False,False,False,0,en,15.2,0.5931
UDC20260028-13.pdf,6,1327,669,-0.0313,-1.1719,1.032,0.0,False,True,False,False,False,0,en,28.4,0.5815
UDC20260028-13.pdf,7,799,258,-0.0144,-1.3438,1.015,0.0,False,False,False,False,False,0,en,15.4,0.9857
UDC20260028-13.pdf,8,1112,320,-0.0081,-0.4844,1.008,0.0,False,False,False,False,False,0,en,17.1,0.9919
UDC20260028-13.pdf,9,1000,293,-0.0067,-0.5781,1.007,0.0,False,False,False,False,False,0,en,16.1,0.9934
UDC20260028-13.pdf,10,851,255,-0.0104,-0.5938,1.01,0.0,False,False,False,False,False,0,en,15.1,0.9897
UDC20260028-13.pdf,11,904,251,-0.0065,-0.5312,1.006,0.0,False,False,False,False,False,0,en,14.9,0.9935
UDC20260028-13.pdf,12,579,189,-0.0303,-1.2188,1.031,0.0,False,True,False,False,False,0,en,13.0,0.5821
UDC20260028-13.pdf,13,911,284,-0.028,-1.1719,1.028,0.0,False,False,False,False,False,0,en,15.9,0.9724
UDC20260028-13.pdf,14,811,265,-0.0232,-1.5156,1.024,0.0,False,False,False,False,False,0,en,15.5,0.977
UDC20260028-13.pdf,15,1048,309,-0.0138,-0.5469,1.014,0.0,False,False,False,False,False,0,en,16.9,0.9863
UDC20260028-13.pdf,16,1053,306,-0.0075,-0.6094,1.007,0.0,False,False,False,False,False,0,en,17.0,0.9926
UDC20260028-13.pdf,17,1139,324,-0.0109,-0.7188,1.011,0.0,False,False,False,False,False,0,en,17.2,0.9891
UDC20260028-13.pdf,18,60,57,-0.0088,-0.3125,1.009,0.0,False,False,False,False,False,0,en,8.5,0.9913
UDC20260028-13.pdf,19,0,31,-0.0071,-0.1719,1.007,0.0,True,False,False,False,False,0,en,8.1,0.0
UDC20260028-13.pdf,20,93,73,-0.0156,-0.4375,1.016,0.0,False,False,False,False,False,0,en,8.9,0.9845
UDC20260028-14.pdf,1,184,111,-0.0155,-0.5781,1.016,0.0,False,False,False,False,False,0,en,11.0,0.9846
UDC20260028-14.pdf,2,1013,336,-0.0837,-2.0156,1.087,0.003,False,True,False,False,False,0,en,18.9,0.5518
UDC20260028-14.pdf,3,3254,1108,-0.0405,-2.7109,1.041,0.0009,False,True,False,False,False,0,en,43.5,0.5762
UDC20260028-14.pdf,4,203,123,-0.0276,-1.1875,1.028,0.0,False,False,False,False,False,0,en,12.4,0.9728
UDC20260028-14.pdf,5,1265,375,-0.0065,-0.625,1.006,0.0,False,True,False,False,False,0,en,18.7,0.5961
UDC20260028-14.pdf,6,1852,433,-0.0017,-0.4375,1.002,0.0,False,False,False,False,False,0,en,20.7,0.9983
UDC20260028-14.pdf,7,2083,539,-0.0042,-0.4219,1.004,0.0,False,False,False,False,False,0,en,24.9,0.9958
UDC20260028-14.pdf,8,457,194,-0.0439,-1.9375,1.045,0.0,False,True,False,False,False,0,en,13.0,0.5742
UDC20260028-14.pdf,9,5964,1245,-0.009,-1.7188,1.009,0.0,False,False,False,False,False,0,en,48.5,0.991
UDC20260028-14.pdf,10,9019,2194,-0.0211,-2.5938,1.021,0.0014,False,False,False,False,False,0,en,81.3,0.9791
UDC20260028-14.pdf,11,1032,358,-0.0233,-0.9844,1.024,0.0,False,True,False,False,False,0,en,19.1,0.5862
UDC20260028-14.pdf,12,1077,311,-0.0129,-0.8438,1.013,0.0,False,True,False,False,False,0,en,17.5,0.5923
UDC20260028-15.pdf,1,24,38,-0.0617,-0.75,1.064,0.0,False,True,False,False,True,0,de,8.1,0.3949
UDC20260028-15.pdf,2,0,31,-0.0116,-0.3125,1.012,0.0,True,False,False,False,False,0,en,7.2,0.0
UDC20260028-15.pdf,3,164,77,-0.0114,-0.4219,1.011,0.0,False,True,False,False,False,0,en,8.6,0.5932
UDC20260028-15.pdf,4,186,94,-0.0175,-0.4844,1.018,0.0,False,True,False,False,False,0,en,9.5,0.5896
UDC20260028-15.pdf,5,495,261,-0.0118,-0.6406,1.012,0.0,False,True,False,False,False,0,en,15.3,0.593
UDC20260028-15.pdf,6,1324,667,-0.0343,-1.8984,1.035,0.0,False,True,False,False,False,0,en,28.4,0.5797
UDC20260028-15.pdf,7,799,258,-0.0133,-0.6406,1.013,0.0,False,False,False,False,False,0,en,15.2,0.9868
UDC20260028-15.pdf,8,1104,318,-0.0097,-0.5938,1.01,0.0,False,False,False,False,False,0,en,17.3,0.9903
UDC20260028-15.pdf,9,1000,293,-0.0069,-0.625,1.007,0.0,False,False,False,False,False,0,en,16.2,0.9931
UDC20260028-15.pdf,10,851,255,-0.0176,-0.9375,1.018,0.0,False,False,False,False,False,0,en,15.7,0.9825
UDC20260028-15.pdf,11,904,251,-0.0106,-0.8281,1.011,0.0,False,False,False,False,False,0,en,14.9,0.9894
UDC20260028-15.pdf,12,572,194,-0.0378,-1.5156,1.038,0.0,False,True,False,False,False,0,en,13.2,0.5778
UDC20260028-15.pdf,13,921,273,-0.0312,-0.8594,1.032,0.0,False,False,False,False,False,0,en,15.8,0.9692
UDC20260028-15.pdf,14,812,264,-0.0203,-0.75,1.021,0.0,False,False,False,False,False,0,en,15.4,0.9799
UDC20260028-15.pdf,15,1049,312,-0.0178,-1.0156,1.018,0.0,False,False,False,False,False,0,en,17.2,0.9824
UDC20260028-15.pdf,16,1053,306,-0.0089,-0.4688,1.009,0.0,False,False,False,False,False,0,en,17.5,0.9912
UDC20260028-15.pdf,17,1136,324,-0.0068,-0.3125,1.007,0.0,False,False,False,False,False,0,en,17.6,0.9932
UDC20260028-15.pdf,18,60,57,-0.0175,-0.4844,1.018,0.0,False,False,False,False,False,0,en,8.1,0.9826
UDC20260028-15.pdf,19,0,31,-0.0171,-0.4844,1.017,0.0,True,False,False,False,False,0,en,7.5,0.0
UDC20260028-15.pdf,20,93,73,-0.0133,-0.3438,1.013,0.0,False,False,False,False,False,0,en,8.9,0.9868
UDC20260028-16.pdf,1,1524,379,-0.022,-1.3438,1.022,0.0,False,False,False,False,False,0,en,18.4,0.9783
UDC20260028-16.pdf,2,628,171,-0.0881,-1.1875,1.092,0.0,False,False,False,False,False,0,en,11.3,0.9157
UDC20260028-16.pdf,3,603,177,-0.0257,-0.75,1.026,0.0,False,True,False,False,False,0,en,11.7,0.5848
UDC20260028-16.pdf,4,621,164,-0.0806,-1.2188,1.084,0.0,False,False,False,False,False,0,en,11.7,0.9226
UDC20260028-16.pdf,5,486,138,-0.0152,-0.5625,1.015,0.0,False,True,False,False,False,0,en,10.0,0.591
UDC20260028-16.pdf,6,710,179,-0.0024,-0.1875,1.002,0.0,False,True,False,False,False,0,en,11.7,0.5985
UDC20260028-17.pdf,1,72,68,-0.1096,-1.0156,1.116,0.0,False,True,False,False,False,0,en,9.4,0.5377
UDC20260028-17.pdf,2,1236,486,-0.0367,-1.4219,1.037,0.0,False,True,False,False,False,0,en,23.2,0.5784
UDC20260028-17.pdf,3,154,78,-0.0286,-0.75,1.029,0.0,False,True,False,False,False,0,en,9.1,0.5831
UDC20260028-17.pdf,4,526,269,-0.0166,-1.7969,1.017,0.0,False,True,False,False,False,0,en,16.2,0.5901
UDC20260028-17.pdf,5,4208,2255,-0.0072,-1.4062,1.007,0.0,False,True,False,True,False,0,en,83.7,0.5957
UDC20260028-17.pdf,6,253,128,-0.0271,-0.4844,1.027,0.0,False,True,False,False,False,0,en,11.0,0.584
UDC20260028-17.pdf,7,790,230,-0.0165,-1.2812,1.017,0.0,False,False,False,False,False,0,en,14.5,0.9836
UDC20260028-17.pdf,8,1221,343,-0.013,-0.5781,1.013,0.0,False,True,False,False,False,0,en,18.3,0.5922
UDC20260028-17.pdf,9,1435,383,-0.016,-1.1562,1.016,0.0,False,False,False,False,False,0,en,19.6,0.9841
UDC20260028-17.pdf,10,999,317,-0.0208,-0.75,1.021,0.0,False,True,False,False,False,0,en,17.5,0.5876
UDC20260028-17.pdf,11,1052,286,-0.0221,-1.0156,1.022,0.0,False,False,False,False,False,0,en,16.4,0.9782
UDC20260028-17.pdf,12,1650,441,-0.0283,-0.9219,1.029,0.0,False,False,False,False,False,0,en,22.8,0.9721
UDC20260028-17.pdf,13,1334,355,-0.0094,-0.5781,1.009,0.0,False,False,False,False,False,0,en,18.6,0.9907
UDC20260028-17.pdf,14,1561,447,-0.0114,-0.9062,1.011,0.0,False,False,False,False,False,0,en,21.7,0.9887
UDC20260028-17.pdf,15,946,288,-0.0214,-1.3281,1.022,0.0,False,False,False,False,False,0,en,16.4,0.9788
UDC20260028-17.pdf,16,1129,330,-0.0291,-1.7578,1.03,0.0,False,True,False,False,False,0,en,18.3,0.5828
UDC20260028-17.pdf,17,840,273,-0.013,-0.7969,1.013,0.0,False,True,False,False,False,0,en,16.4,0.5922
UDC20260028-17.pdf,18,1213,316,-0.0074,-0.625,1.007,0.0,False,False,False,False,False,0,en,17.3,0.9927
UDC20260028-17.pdf,19,0,31,-0.0045,-0.1094,1.005,0.0,True,False,False,False,False,0,en,8.0,0.0
UDC20260028-17.pdf,20,66,65,-0.0341,-1.0781,1.035,0.0,False,True,False,False,False,0,en,8.9,0.5799
UDC20260028-18.pdf,1,75,68,-0.0329,-1.2031,1.033,0.0,False,True,False,False,False,0,en,9.6,0.5806
UDC20260028-18.pdf,2,0,31,-0.005,-0.0938,1.005,0.0,True,False,False,False,False,0,en,8.2,0.0
UDC20260028-18.pdf,3,707,172,-0.0516,-1.2344,1.053,0.0,False,False,False,False,False,0,en,12.5,0.9497
UDC20260028-18.pdf,4,855,376,-0.0251,-1.2656,1.025,0.0,False,True,False,False,False,0,en,19.6,0.5851
UDC20260028-18.pdf,5,1545,561,-0.0332,-1.6562,1.034,0.0,False,False,False,False,False,0,en,26.2,0.9674
UDC20260028-18.pdf,6,1831,512,-0.0525,-1.5312,1.054,0.0,False,True,False,False,False,0,en,24.3,0.5693
UDC20260028-18.pdf,7,2114,531,-0.0387,-2.1875,1.039,0.0019,False,False,False,False,False,0,en,26.6,0.962
UDC20260028-18.pdf,8,2383,728,-0.0587,-1.7188,1.06,0.0,False,True,False,False,False,0,en,31.0,0.5658
UDC20260028-18.pdf,9,2457,621,-0.0444,-1.3438,1.045,0.0,False,True,True,False,False,0,en,27.9,0.2296
UDC20260028-18.pdf,10,760,230,-0.0816,-1.2812,1.085,0.0,False,True,False,False,False,0,en,14.5,0.553
UDC20260028-18.pdf,11,1734,507,-0.0535,-2.1719,1.055,0.002,False,True,False,False,False,0,en,23.4,0.5688
UDC20260028-18.pdf,12,311,178,-0.0531,-1.8281,1.054,0.0,False,True,False,False,False,0,en,13.1,0.569
UDC20260028-18.pdf,13,1814,478,-0.0335,-1.6406,1.034,0.0,False,False,False,False,False,0,en,22.8,0.9671
UDC20260028-18.pdf,14,1475,536,-0.0365,-1.6719,1.037,0.0,False,False,False,False,False,0,en,24.0,0.9642
UDC20260028-18.pdf,15,1765,702,-0.0312,-1.5312,1.032,0.0,False,True,False,False,False,0,de,29.6,0.5816
UDC20260028-18.pdf,16,2008,550,-0.0444,-1.3125,1.045,0.0,False,True,False,False,False,0,en,24.4,0.5739
UDC20260028-18.pdf,17,1777,612,-0.0375,-1.4062,1.038,0.0,False,False,False,False,False,0,en,27.5,0.9632
UDC20260028-18.pdf,18,931,509,-0.0243,-1.0156,1.025,0.0,False,False,False,False,False,0,en,23.1,0.976
UDC20260028-18.pdf,19,1632,496,-0.0556,-1.375,1.057,0.0,False,False,False,False,False,0,en,22.8,0.9459
UDC20260028-18.pdf,20,796,317,-0.0422,-1.7188,1.043,0.0,False,True,False,False,False,0,en,16.8,0.5752
UDC20260028-18.pdf,21,388,145,-0.0036,-0.1641,1.004,0.0,False,True,False,False,False,0,en,11.1,0.5978
UDC20260028-18.pdf,22,240,145,-0.4248,-3.3203,1.529,0.0345,False,True,False,False,False,0,en,11.5,0.3923
UDC20260028-18.pdf,23,0,31,-0.0146,-0.3438,1.015,0.0,True,False,False,False,False,0,en,7.8,0.0
UDC20260028-18.pdf,24,0,31,-0.005,-0.0781,1.005,0.0,True,False,False,False,False,0,en,8.3,0.0
UDC20260028-19.pdf,1,73,67,-0.0308,-1.0938,1.031,0.0,False,True,False,False,False,0,en,9.6,0.5818
UDC20260028-19.pdf,2,0,31,-0.0025,-0.0312,1.003,0.0,True,False,False,False,False,0,en,8.4,0.0
UDC20260028-19.pdf,3,1010,215,-0.0536,-1.3906,1.055,0.0,False,True,False,False,False,0,en,13.9,0.5687
UDC20260028-19.pdf,4,1009,421,-0.0416,-1.2188,1.043,0.0,False,False,False,False,False,0,en,21.7,0.9592
UDC20260028-19.pdf,5,2795,579,-0.0246,-1.25,1.025,0.0,False,False,False,False,False,0,en,25.7,0.9757
UDC20260028-19.pdf,6,949,411,-0.0297,-1.1875,1.03,0.0,False,True,False,False,False,0,en,20.3,0.5824
UDC20260028-19.pdf,7,2707,631,-0.0488,-1.8438,1.05,0.0,False,True,False,False,False,0,en,28.0,0.5714
UDC20260028-19.pdf,8,3060,755,-0.0471,-1.7188,1.048,0.0,False,True,False,False,False,0,en,32.7,0.5724
UDC20260028-19.pdf,9,2547,600,-0.0487,-1.5938,1.05,0.0,False,True,False,False,False,0,en,26.8,0.5715
UDC20260028-19.pdf,10,2041,445,-0.0526,-1.4453,1.054,0.0,False,True,False,False,False,0,en,22.0,0.5692
UDC20260028-19.pdf,11,1491,484,-0.0546,-1.6719,1.056,0.0,False,True,False,False,False,0,en,23.6,0.5681
UDC20260028-19.pdf,12,1312,496,-0.0338,-1.4688,1.034,0.0,False,True,False,False,False,0,en,23.2,0.5801
UDC20260028-19.pdf,13,2154,602,-0.0472,-2.0703,1.048,0.0017,False,False,False,False,False,0,en,26.3,0.9539
UDC20260028-19.pdf,14,873,295,-0.0103,-0.9219,1.01,0.0,False,True,False,False,False,0,en,16.4,0.5939
UDC20260028-19.pdf,15,0,31,-0.003,-0.0469,1.003,0.0,True,False,False,False,False,0,en,8.2,0.0
UDC20260028-19.pdf,16,0,31,-0.0025,-0.0469,1.003,0.0,True,False,False,False,False,0,en,8.4,0.0
UDC20260028-2.pdf,1,73,67,-0.0301,-1.1562,1.031,0.0,False,True,False,False,False,0,en,8.9,0.5822
UDC20260028-2.pdf,2,0,31,-0.004,-0.0781,1.004,0.0,True,False,False,False,False,0,en,7.8,0.0
UDC20260028-2.pdf,3,922,172,-0.0715,-1.25,1.074,0.0,False,True,False,False,False,0,en,12.7,0.5586
UDC20260028-2.pdf,4,0,31,-0.003,-0.0469,1.003,0.0,True,False,False,False,False,0,en,7.7,0.0
UDC20260028-2.pdf,5,1517,430,-0.0345,-1.5469,1.035,0.0,False,True,False,False,False,0,en,20.8,0.5796
UDC20260028-2.pdf,6,1271,327,-0.0449,-1.3281,1.046,0.0,False,True,False,False,False,0,en,17.8,0.5736
UDC20260028-2.pdf,7,1326,413,-0.0524,-2.0391,1.054,0.0024,False,True,False,False,False,0,en,21.0,0.5694
UDC20260028-2.pdf,8,556,214,-0.0099,-0.5938,1.01,0.0,False,True,False,False,False,0,en,13.8,0.5941
UDC20260028-2.pdf,9,1440,373,-0.0442,-1.4062,1.045,0.0,False,True,False,False,False,0,en,19.3,0.574
UDC20260028-2.pdf,10,2232,554,-0.0512,-1.5156,1.053,0.0,False,True,False,False,False,0,en,25.2,0.5701
UDC20260028-2.pdf,11,2531,514,-0.0367,-1.9141,1.037,0.0,False,True,False,False,False,0,en,24.1,0.5784
UDC20260028-2.pdf,12,1675,475,-0.0318,-1.1719,1.032,0.0,False,True,False,False,False,0,en,22.4,0.5812
UDC20260028-2.pdf,13,2765,393,-0.051,-2.1328,1.052,0.0025,False,True,False,False,False,0,en,20.3,0.5702
UDC20260028-2.pdf,14,1840,483,-0.0437,-1.3594,1.045,0.0,False,True,False,False,False,0,en,22.4,0.5744
UDC20260028-2.pdf,15,1422,347,-0.0476,-1.5469,1.049,0.0,False,True,False,False,False,0,en,20.5,0.5721
UDC20260028-2.pdf,16,284,80,-0.0129,-0.625,1.013,0.0,False,False,False,False,False,0,en,10.8,0.9872
UDC20260028-2.pdf,17,0,31,-0.0045,-0.0938,1.005,0.0,True,False,False,False,False,0,en,8.8,0.0
UDC20260028-2.pdf,18,0,31,-0.003,-0.0469,1.003,0.0,True,False,False,False,False,0,en,7.8,0.0
UDC20260028-20.pdf,1,114,78,-0.0481,-0.7656,1.049,0.0,False,True,False,False,False,0,en,10.6,0.5718
UDC20260028-20.pdf,2,0,31,-0.0161,-0.4531,1.016,0.0,True,False,False,False,False,0,en,9.2,0.0
UDC20260028-20.pdf,3,826,263,-0.0556,-2.2656,1.057,0.0038,False,False,False,False,False,0,en,16.8,0.9459
UDC20260028-20.pdf,4,1041,330,-0.0139,-0.6406,1.014,0.0,False,False,False,False,False,0,en,19.3,0.9862
UDC20260028-20.pdf,5,1138,337,-0.0195,-0.9531,1.02,0.0,False,False,False,False,False,0,en,20.4,0.9807
UDC20260028-20.pdf,6,1933,490,-0.0101,-0.9062,1.01,0.0,False,False,False,False,False,0,en,25.1,0.9899
UDC20260028-20.pdf,7,929,328,-0.0632,-2.875,1.065,0.0061,False,False,False,False,False,0,en,19.3,0.9388
UDC20260028-20.pdf,8,834,279,-0.0383,-1.2031,1.039,0.0,False,False,False,False,False,0,en,18.7,0.9624
UDC20260028-20.pdf,9,979,311,-0.0356,-2.2812,1.036,0.0032,False,True,False,False,False,0,en,19.1,0.579
UDC20260028-20.pdf,10,1400,384,-0.0043,-0.375,1.004,0.0,False,False,False,False,False,0,en,21.3,0.9957
UDC20260028-20.pdf,11,0,31,-0.0081,-0.2031,1.008,0.0,True,False,False,False,False,0,en,9.2,0.0
UDC20260028-20.pdf,12,0,31,-0.0081,-0.1562,1.008,0.0,True,False,False,False,False,0,en,9.3,0.0
UDC20260028-21.pdf,1,74,60,-0.0333,-0.7812,1.034,0.0,False,False,False,False,False,0,en,8.7,0.9672
UDC20260028-21.pdf,2,0,31,-0.0318,-0.9531,1.032,0.0,True,False,False,False,False,0,en,8.3,0.0
UDC20260028-21.pdf,3,1026,395,-0.0199,-1.2031,1.02,0.0,False,False,False,False,False,0,en,20.2,0.9803
UDC20260028-21.pdf,4,833,368,-0.0437,-1.8281,1.045,0.0,False,False,False,False,False,0,en,20.6,0.9573
UDC20260028-21.pdf,5,1885,882,-0.0188,-1.4531,1.019,0.0,False,False,False,False,False,0,en,36.9,0.9814
UDC20260028-21.pdf,6,496,176,-0.0151,-0.6875,1.015,0.0,False,False,False,False,False,0,en,13.0,0.985
UDC20260028-21.pdf,7,374,143,-0.0323,-0.9688,1.033,0.0,False,False,False,False,False,0,en,11.9,0.9682
UDC20260028-21.pdf,8,1319,386,-0.0146,-0.9844,1.015,0.0,False,False,False,False,False,0,en,20.5,0.9855
UDC20260028-21.pdf,9,757,254,-0.0244,-0.6562,1.025,0.0,False,False,False,False,False,0,en,15.6,0.9759
UDC20260028-21.pdf,10,2019,513,-0.0238,-1.375,1.024,0.0,False,True,False,False,False,0,en,25.3,0.5859
UDC20260028-21.pdf,11,1071,360,-0.0327,-1.2188,1.033,0.0,False,False,False,False,False,0,en,19.3,0.9678
UDC20260028-21.pdf,12,914,311,-0.0445,-1.6719,1.046,0.0,False,True,False,False,False,0,en,17.4,0.5739
UDC20260028-21.pdf,13,201,90,-0.0274,-0.4531,1.028,0.0,False,False,False,False,False,0,en,9.9,0.9729
UDC20260028-21.pdf,14,966,273,-0.0216,-0.7812,1.022,0.0,False,False,False,False,False,0,en,16.4,0.9786
UDC20260028-21.pdf,15,1673,421,-0.0127,-0.75,1.013,0.0,False,False,False,False,False,0,en,20.8,0.9874
UDC20260028-21.pdf,16,1220,367,-0.0146,-0.875,1.015,0.0,False,False,False,False,False,0,en,19.7,0.9855
UDC20260028-21.pdf,17,968,265,-0.0091,-0.5781,1.009,0.0,False,True,False,False,False,0,en,15.8,0.5945
UDC20260028-21.pdf,18,612,224,-0.0274,-1.3594,1.028,0.0,False,False,False,False,False,0,en,14.3,0.973
UDC20260028-21.pdf,19,0,31,-0.0166,-0.4688,1.017,0.0,True,False,False,False,False,0,en,8.2,0.0
UDC20260028-21.pdf,20,53,55,-0.0065,-0.3125,1.007,0.0,False,False,False,False,False,0,en,8.7,0.9935
UDC20260028-22.pdf,1,73,67,-0.0394,-1.1875,1.04,0.0,False,True,False,False,False,0,en,9.4,0.5768
UDC20260028-22.pdf,2,0,31,-0.0096,-0.2344,1.01,0.0,True,False,False,False,False,0,en,8.1,0.0
UDC20260028-22.pdf,3,855,214,-0.0526,-0.9844,1.054,0.0,False,True,False,False,False,0,en,14.2,0.5693
UDC20260028-22.pdf,4,880,439,-0.0215,-1.1094,1.022,0.0,False,True,False,False,False,0,en,21.4,0.5872
UDC20260028-22.pdf,5,1702,507,-0.0311,-1.2812,1.032,0.0,False,True,False,False,False,0,en,23.7,0.5816
UDC20260028-22.pdf,6,813,334,-0.0268,-1.2188,1.027,0.0,False,True,False,False,False,0,en,18.1,0.5841
UDC20260028-22.pdf,7,16528,8193,-0.0026,-1.6094,1.003,0.0,False,False,True,False,False,0,en,286.3,0.399
UDC20260028-22.pdf,8,1697,539,-0.0331,-1.5781,1.034,0.0,False,True,False,False,False,0,en,23.8,0.5805
UDC20260028-22.pdf,9,1638,537,-0.0426,-1.8047,1.044,0.0,False,True,False,False,False,0,en,23.9,0.575
UDC20260028-22.pdf,10,2039,596,-0.0349,-1.1797,1.035,0.0,False,False,False,False,False,0,en,25.5,0.9657
UDC20260028-22.pdf,11,2718,700,-0.0251,-0.9688,1.025,0.0,False,False,False,False,False,0,en,29.2,0.9752
UDC20260028-22.pdf,12,16372,8193,-0.0016,-0.6094,1.002,0.0,False,False,True,False,False,0,en,298.5,0.3994
UDC20260028-22.pdf,13,1918,523,-0.0459,-1.2812,1.047,0.0,False,False,False,False,False,0,en,24.8,0.9551
UDC20260028-22.pdf,14,1307,468,-0.026,-1.1094,1.026,0.0,False,True,False,False,False,0,en,21.4,0.5846
UDC20260028-22.pdf,15,1097,420,-0.0467,-1.3125,1.048,0.0,False,True,False,False,False,0,en,19.5,0.5727
UDC20260028-22.pdf,16,1234,456,-0.0342,-1.125,1.035,0.0,False,True,False,False,False,0,en,20.4,0.5798
UDC20260028-22.pdf,17,1718,500,-0.0496,-1.3594,1.051,0.0,False,True,False,False,False,0,en,22.0,0.571
UDC20260028-22.pdf,18,1464,465,-0.0443,-1.7969,1.045,0.0,False,True,False,False,False,0,en,21.2,0.574
UDC20260028-22.pdf,19,1197,410,-0.0361,-1.0078,1.037,0.0,False,True,False,False,False,0,en,19.6,0.5787
UDC20260028-22.pdf,20,1099,373,-0.0237,-1.9219,1.024,0.0,False,True,False,False,False,0,en,18.8,0.5859
UDC20260028-22.pdf,21,0,31,-0.0101,-0.2344,1.01,0.0,True,False,False,False,False,0,en,7.7,0.0
UDC20260028-22.pdf,22,14,36,-0.0851,-2.2188,1.089,0.0278,False,True,False,False,False,0,en,8.3,0.3857
UDC20260028-23.pdf,1,75,68,-0.0375,-1.2656,1.038,0.0,False,True,False,False,False,0,en,9.2,0.5779
UDC20260028-23.pdf,2,0,31,-0.005,-0.0625,1.005,0.0,True,False,False,False,False,0,en,8.2,0.0
UDC20260028-23.pdf,3,1285,231,-0.0515,-1.375,1.053,0.0,False,False,False,False,False,0,en,14.2,0.9498
UDC20260028-23.pdf,4,1444,579,-0.0247,-1.6094,1.025,0.0,False,False,False,False,False,0,en,25.9,0.9756
UDC20260028-23.pdf,5,1657,573,-0.0235,-1.4531,1.024,0.0,False,True,False,False,False,0,en,25.9,0.5861
UDC20260028-23.pdf,6,1673,578,-0.0179,-1.1562,1.018,0.0,False,True,False,False,False,0,en,25.9,0.5893
UDC20260028-23.pdf,7,1817,551,-0.0144,-0.8594,1.014,0.0,False,True,False,False,False,0,en,24.9,0.5914
UDC20260028-23.pdf,8,1436,516,-0.0266,-1.25,1.027,0.0,False,True,False,False,False,0,en,23.7,0.5843
UDC20260028-23.pdf,9,2027,502,-0.0354,-1.4375,1.036,0.0,False,False,False,False,False,0,en,23.4,0.9652
UDC20260028-23.pdf,10,1515,444,-0.04,-1.4219,1.041,0.0,False,False,False,False,False,0,en,21.1,0.9608
UDC20260028-23.pdf,11,2831,664,-0.0404,-1.4531,1.041,0.0,False,True,False,False,False,0,en,28.2,0.5763
UDC20260028-23.pdf,12,3800,792,-0.0469,-1.4375,1.048,0.0,False,False,False,False,False,0,en,32.5,0.9542
UDC20260028-23.pdf,13,3245,631,-0.0366,-2.4297,1.037,0.0016,False,True,True,False,False,0,en,26.6,0.2314
UDC20260028-23.pdf,14,2988,630,-0.0439,-1.2344,1.045,0.0,False,True,False,False,False,0,en,26.8,0.5742
UDC20260028-23.pdf,15,1049,281,-0.0423,-0.9219,1.043,0.0,False,True,False,False,False,0,en,15.1,0.5751
UDC20260028-23.pdf,16,1538,418,-0.031,-1.3438,1.031,0.0,False,True,False,False,False,0,en,19.8,0.5817
UDC20260028-23.pdf,17,1690,421,-0.0464,-1.5938,1.048,0.0,False,True,False,False,False,0,en,19.8,0.5728
UDC20260028-23.pdf,18,1615,504,-0.0416,-1.8594,1.043,0.0,False,True,False,False,False,0,de,22.2,0.5755
UDC20260028-23.pdf,19,1788,538,-0.0481,-1.6094,1.049,0.0,False,True,False,False,False,0,de,23.2,0.5718
UDC20260028-23.pdf,20,1463,365,-0.048,-1.5078,1.049,0.0,False,True,False,False,False,0,en,17.9,0.5719
UDC20260028-23.pdf,21,1707,492,-0.0497,-1.3281,1.051,0.0,False,True,False,False,False,0,en,22.0,0.5709
UDC20260028-23.pdf,22,1054,340,-0.0319,-1.0938,1.032,0.0,False,True,False,False,False,0,en,17.1,0.5812
UDC20260028-23.pdf,23,1924,449,-0.0514,-1.7031,1.053,0.0,False,True,False,False,False,0,en,20.2,0.5699
UDC20260028-23.pdf,24,3165,765,-0.0378,-1.2969,1.039,0.0,False,True,False,False,False,0,en,30.4,0.5777
UDC20260028-23.pdf,25,1329,513,-0.025,-1.2812,1.025,0.0,False,True,False,False,False,0,en,22.5,0.5852
UDC20260028-23.pdf,26,994,336,-0.038,-1.3125,1.039,0.0,False,True,False,False,False,0,en,17.3,0.5776
UDC20260028-23.pdf,27,0,31,-0.006,-0.0781,1.006,0.0,True,False,False,False,False,0,en,8.2,0.0
UDC20260028-23.pdf,28,0,31,-0.0035,-0.0625,1.004,0.0,True,False,False,False,False,0,en,9.1,0.0
UDC20260028-24.pdf,1,79,92,-0.047,-0.9062,1.048,0.0,False,True,False,False,False,0,ja,10.4,0.5724
UDC20260028-24.pdf,2,689,568,-0.0248,-1.2344,1.025,0.0,False,True,False,False,False,0,ja,28.0,0.5853
UDC20260028-24.pdf,3,637,378,-0.0245,-1.3672,1.025,0.0,False,True,False,False,False,0,ja,22.1,0.5855
UDC20260028-24.pdf,4,1940,1427,-0.0375,-1.2812,1.038,0.0,False,True,False,False,False,0,ja,56.5,0.5779
UDC20260028-24.pdf,5,1979,1366,-0.0475,-1.5078,1.049,0.0,False,True,False,False,False,0,ja,49.3,0.5722
UDC20260028-24.pdf,6,1545,1142,-0.0425,-1.8516,1.043,0.0,False,True,False,False,False,0,ja,42.1,0.575
UDC20260028-24.pdf,7,1179,1127,-0.0651,-1.5781,1.067,0.0,False,True,False,False,False,0,ja,41.4,0.5622
UDC20260028-24.pdf,8,213,173,-0.2787,-2.6562,1.321,0.0173,False,True,False,False,False,0,ja,12.3,0.4541
UDC20260028-25.pdf,1,42,50,-0.0519,-1.2188,1.053,0.0,False,False,False,False,True,0,en,8.0,0.6646
UDC20260028-25.pdf,2,0,31,-0.0131,-0.3594,1.013,0.0,True,False,False,False,False,0,en,7.5,0.0
UDC20260028-25.pdf,3,169,82,-0.0198,-0.3906,1.02,0.0,False,True,False,False,False,0,en,8.8,0.5882
UDC20260028-25.pdf,4,248,107,-0.0188,-0.7031,1.019,0.0,False,False,False,False,False,0,en,9.6,0.9813
UDC20260028-25.pdf,5,564,282,-0.0116,-0.5938,1.012,0.0,False,True,False,False,False,0,en,15.1,0.5931
UDC20260028-25.pdf,6,2446,1480,-0.0108,-0.8281,1.011,0.0,False,True,False,False,False,0,en,52.9,0.5936
UDC20260028-25.pdf,7,1302,581,-0.0114,-0.7344,1.011,0.0,False,False,False,False,False,0,en,24.6,0.9887
UDC20260028-25.pdf,8,206,103,-0.0185,-0.3438,1.019,0.0,False,True,False,False,False,0,en,9.6,0.589
UDC20260028-25.pdf,9,1431,360,-0.0106,-0.7656,1.011,0.0,False,True,False,False,False,0,en,18.0,0.5937
UDC20260028-25.pdf,10,2714,624,-0.0095,-0.6875,1.01,0.0,False,True,False,False,False,0,en,26.4,0.5943
UDC20260028-25.pdf,11,1272,351,-0.0134,-0.5469,1.014,0.0,False,False,False,False,False,0,en,17.5,0.9866
UDC20260028-25.pdf,12,1316,368,-0.0151,-0.875,1.015,0.0,False,False,False,False,False,0,en,18.1,0.985
UDC20260028-25.pdf,13,1407,386,-0.013,-0.7188,1.013,0.0,False,False,False,False,False,0,en,18.7,0.9871
UDC20260028-25.pdf,14,1414,407,-0.0126,-0.7812,1.013,0.0,False,False,False,False,False,0,en,19.2,0.9875
UDC20260028-25.pdf,15,1371,389,-0.0054,-0.7969,1.005,0.0,False,True,False,False,False,0,en,18.7,0.5968
UDC20260028-25.pdf,16,417,137,-0.0176,-0.4844,1.018,0.0,False,True,False,False,False,0,en,10.8,0.5896
UDC20260028-25.pdf,17,825,241,-0.0099,-0.3281,1.01,0.0,False,False,False,False,False,0,en,14.1,0.9901
UDC20260028-25.pdf,18,1569,451,-0.0077,-0.5781,1.008,0.0,False,False,False,False,False,0,en,20.7,0.9924
UDC20260028-25.pdf,19,935,297,-0.0302,-1.75,1.031,0.0,False,True,False,False,False,0,en,15.8,0.5822
UDC20260028-25.pdf,20,881,279,-0.0254,-1.1719,1.026,0.0,False,True,False,False,False,0,en,15.3,0.5849
UDC20260028-25.pdf,21,1090,341,-0.0115,-0.9062,1.012,0.0,False,False,False,False,False,0,en,17.2,0.9886
UDC20260028-25.pdf,22,445,157,-0.0166,-0.6406,1.017,0.0,False,False,False,False,False,0,en,11.5,0.9835
UDC20260028-25.pdf,23,0,31,-0.0197,-0.5625,1.02,0.0,True,False,False,False,False,0,en,7.7,0.0
UDC20260028-25.pdf,24,90,74,-0.0131,-0.2812,1.013,0.0,False,False,False,False,False,0,en,8.6,0.987
UDC20260028-26.pdf,1,59,75,-0.0557,-1.2422,1.057,0.0,False,True,False,False,False,0,ja,9.6,0.5675
UDC20260028-26.pdf,2,1710,488,-0.0622,-1.4062,1.064,0.0,False,False,False,False,False,0,ja,22.4,0.9397
UDC20260028-26.pdf,3,164,103,-0.0669,-1.3125,1.069,0.0,False,False,False,False,False,0,ja,10.1,0.9353
UDC20260028-26.pdf,4,40,50,-0.1661,-1.4688,1.181,0.0,False,True,False,False,False,0,en,8.8,0.3557
UDC20260028-26.pdf,5,164,103,-0.0126,-0.3594,1.013,0.0,False,False,False,False,False,0,ja,10.3,0.9875
UDC20260028-26.pdf,6,2047,834,-0.0268,-2.0312,1.027,0.0012,False,False,False,False,False,0,ja,33.6,0.9736
UDC20260028-26.pdf,7,19,41,-0.1019,-1.1562,1.107,0.0,False,True,False,False,True,0,en,8.3,0.3793
UDC20260028-26.pdf,8,49,56,-0.0448,-0.5781,1.046,0.0,False,True,False,False,False,0,ja,8.5,0.4016
UDC20260028-26.pdf,9,1625,741,-0.0296,-1.8906,1.03,0.0,False,False,False,False,False,0,en,30.6,0.9708
UDC20260028-26.pdf,10,778,568,-0.0248,-1.3438,1.025,0.0,False,False,False,False,False,0,ja,25.1,0.9755
UDC20260028-26.pdf,11,851,652,-0.0154,-1.2031,1.016,0.0,False,True,False,False,False,0,ja,27.6,0.5908
UDC20260028-26.pdf,12,708,591,-0.0145,-0.9375,1.015,0.0,False,True,False,False,False,0,en,25.5,0.5914
UDC20260028-26.pdf,13,221,148,-0.0174,-0.6328,1.018,0.0,False,False,False,False,False,0,ja,11.9,0.9828
UDC20260028-26.pdf,14,242,251,-0.0573,-2.1328,1.059,0.004,False,True,False,False,False,0,ja,14.7,0.5666
UDC20260028-26.pdf,15,0,31,-0.0227,-0.3906,1.023,0.0,True,False,False,False,False,0,None,8.0,0.0
UDC20260028-26.pdf,16,393,379,-0.0219,-1.1719,1.022,0.0,False,True,False,False,True,0,ja,18.0,0.587
UDC20260028-26.pdf,17,1026,250,-0.0176,-0.7656,1.018,0.0,False,True,False,False,False,0,en,14.4,0.5895
UDC20260028-26.pdf,18,715,337,-0.022,-0.8281,1.022,0.0,False,True,False,False,False,0,ja,17.2,0.587
UDC20260028-26.pdf,19,374,111,-0.0213,-0.8516,1.022,0.0,False,False,False,False,False,0,en,10.1,0.9789
UDC20260028-26.pdf,20,9523,5185,-0.0172,-2.3203,1.017,0.0004,False,True,False,True,False,0,ja,170.4,0.5898
UDC20260028-26.pdf,21,576,336,-0.0694,-2.4766,1.072,0.003,False,True,False,True,False,0,ja,16.4,0.5598
UDC20260028-26.pdf,22,13619,8193,-0.0034,-1.7266,1.003,0.0,False,True,True,True,False,0,ja,265.0,0.2392
UDC20260028-26.pdf,23,15559,8193,-0.0063,-2.7578,1.006,0.0002,False,True,True,False,False,0,ja,265.8,0.2385
UDC20260028-26.pdf,24,636,353,-0.023,-0.7031,1.023,0.0,False,True,False,False,False,0,ja,16.9,0.5864
UDC20260028-26.pdf,25,80,67,-0.0561,-1.2266,1.058,0.0,False,True,False,False,False,0,en,8.8,0.5673
UDC20260028-26.pdf,26,52,49,-0.0697,-1.2578,1.072,0.0,False,True,False,False,False,0,en,8.3,0.5596
UDC20260028-26.pdf,27,103,73,-0.0453,-0.9141,1.046,0.0,False,True,False,False,False,0,en,8.8,0.5734
UDC20260028-26.pdf,28,776,449,-0.0474,-1.5469,1.049,0.0,False,False,False,False,False,0,ja,20.0,0.9537
UDC20260028-26.pdf,29,1000,886,-0.1252,-2.5547,1.133,0.0056,False,True,False,False,False,0,ja,34.4,0.5294
UDC20260028-26.pdf,30,2454,1701,-0.1379,-2.5625,1.148,0.0035,False,True,False,False,False,0,ja,60.3,0.5227
UDC20260028-26.pdf,31,3129,2813,-0.0578,-2.2891,1.06,0.0018,False,True,False,False,False,0,ja,96.3,0.5663
UDC20260028-26.pdf,32,1180,472,-0.0242,-1.1719,1.024,0.0,False,False,False,False,False,0,ja,21.4,0.9761
UDC20260028-26.pdf,33,1953,1069,-0.0506,-2.2656,1.052,0.0019,False,True,False,True,False,0,ja,39.5,0.5704
UDC20260028-26.pdf,34,94,74,-0.0513,-1.1875,1.053,0.0,False,True,False,False,False,0,en,9.0,0.57
UDC20260028-26.pdf,35,91,68,-0.0488,-1.2266,1.05,0.0,False,True,False,False,False,0,en,8.9,0.5714
UDC20260028-26.pdf,36,1328,1187,-0.0839,-2.2969,1.088,0.0025,False,True,False,False,False,0,ja,44.7,0.5517
UDC20260028-26.pdf,37,843,372,-0.0181,-0.9688,1.018,0.0,False,True,False,False,False,0,ja,18.2,0.5892
UDC20260028-26.pdf,38,193,176,-0.0352,-1.3516,1.036,0.0,False,True,False,False,False,0,ja,12.1,0.5792
UDC20260028-26.pdf,39,115,70,-0.0415,-1.1719,1.042,0.0,False,True,False,False,False,0,en,8.9,0.5756
UDC20260028-26.pdf,40,670,290,-0.0236,-0.7031,1.024,0.0,False,False,False,False,False,0,ja,15.9,0.9767
UDC20260028-26.pdf,41,120,90,-0.0174,-0.3906,1.018,0.0,False,False,False,False,False,0,ja,9.6,0.9827
UDC20260028-26.pdf,42,988,739,-0.0238,-0.9375,1.024,0.0,False,True,False,False,False,0,ja,30.5,0.5859
UDC20260028-26.pdf,43,1700,354,-0.0023,-0.3594,1.002,0.0,False,False,False,False,False,0,en,18.1,0.9977
UDC20260028-26.pdf,44,807,379,-0.0311,-1.2891,1.032,0.0,False,True,False,False,False,0,ja,18.7,0.5816
UDC20260028-26.pdf,45,205,112,-0.0259,-0.75,1.026,0.0,False,True,False,False,False,0,ja,10.3,0.5846
UDC20260028-26.pdf,46,1077,455,-0.0345,-1.6016,1.035,0.0,False,True,False,False,False,0,ja,23.6,0.5797
UDC20260028-26.pdf,47,276,181,-0.0309,-1.1719,1.031,0.0,False,True,False,False,False,0,ja,14.1,0.5817
UDC20260028-26.pdf,48,1118,650,-0.0172,-0.8516,1.017,0.0,False,True,False,False,False,0,ja,30.0,0.5898
UDC20260028-26.pdf,49,1200,282,-0.013,-0.8281,1.013,0.0,False,False,False,False,False,0,en,16.9,0.9871
UDC20260028-26.pdf,50,35,40,-0.0187,-0.7188,1.019,0.0,False,True,False,False,False,0,en,9.0,0.4122
UDC20260028-26.pdf,51,2,33,-0.0914,-1.375,1.096,0.0,False,True,False,False,False,0,en,8.5,0.3833
UDC20260028-26.pdf,52,625,274,-0.0202,-0.5625,1.02,0.0,False,False,False,False,False,0,en,16.3,0.98
UDC20260028-26.pdf,53,115,88,-0.0151,-0.5156,1.015,0.0,False,False,False,False,False,0,ja,10.2,0.985
UDC20260028-26.pdf,54,128,95,-0.0239,-0.5,1.024,0.0,False,True,False,False,False,0,ja,10.5,0.5858
UDC20260028-26.pdf,55,103,81,-0.0513,-1.2578,1.053,0.0,False,True,False,False,False,0,en,10.0,0.57
UDC20260028-26.pdf,56,1329,723,-0.0201,-1.875,1.02,0.0,False,False,False,False,False,0,ja,31.5,0.9801
UDC20260028-26.pdf,57,51,39,-0.0256,-0.3906,1.026,0.0,False,True,False,False,False,0,en,9.0,0.5848
UDC20260028-26.pdf,58,1030,464,-0.0218,-1.125,1.022,0.0,False,False,False,False,False,0,ja,22.5,0.9784
UDC20260028-26.pdf,59,1038,459,-0.0213,-0.7109,1.021,0.0,False,True,False,False,False,0,ja,20.8,0.5874
UDC20260028-26.pdf,60,1515,608,-0.0156,-1.0625,1.016,0.0,False,False,False,False,False,0,ja,25.1,0.9845
UDC20260028-26.pdf,61,148,75,-0.0422,-0.7656,1.043,0.0,False,True,False,False,False,0,en,9.0,0.5752
UDC20260028-26.pdf,62,1027,436,-0.0294,-1.2188,1.03,0.0,False,False,False,False,False,0,ja,20.0,0.971
UDC20260028-26.pdf,63,1274,577,-0.016,-0.6641,1.016,0.0,False,True,False,False,False,0,ja,24.3,0.5905
UDC20260028-26.pdf,64,1086,498,-0.0355,-1.8672,1.036,0.0,False,False,False,False,False,0,en,22.1,0.9651
UDC20260028-26.pdf,65,1267,598,-0.0105,-0.8438,1.011,0.0,False,False,False,False,False,0,ja,25.3,0.9895
UDC20260028-26.pdf,66,445,213,-0.0659,-1.5156,1.068,0.0,False,True,False,False,False,0,ja,13.4,0.5617
UDC20260028-26.pdf,67,205,124,-0.0265,-0.8438,1.027,0.0,False,False,False,False,False,0,en,10.6,0.9738
UDC20260028-26.pdf,68,1371,330,-0.0089,-0.7188,1.009,0.0,False,False,False,False,False,0,en,17.0,0.9911
UDC20260028-26.pdf,69,432,340,-0.0381,-2.3125,1.039,0.0029,False,True,False,False,True,0,ja,17.7,0.5776
UDC20260028-26.pdf,70,259,269,-0.059,-1.5781,1.061,0.0,False,True,False,False,True,0,ja,15.1,0.5656
UDC20260028-26.pdf,71,731,715,-0.0706,-2.5469,1.073,0.0014,False,True,False,False,True,0,ja,29.1,0.5591
UDC20260028-26.pdf,72,0,31,-0.0192,-0.3906,1.019,0.0,True,False,False,False,False,0,None,8.1,0.0
UDC20260028-26.pdf,73,971,858,-0.0597,-2.2031,1.062,0.0023,False,True,False,False,False,0,ja,33.6,0.5652
UDC20260028-26.pdf,74,0,31,-0.0116,-0.2031,1.012,0.0,True,False,False,False,False,0,None,8.1,0.0
UDC20260028-26.pdf,75,1033,906,-0.0314,-1.3438,1.032,0.0,False,True,False,False,False,0,ja,35.6,0.5814
UDC20260028-26.pdf,76,128,130,-0.019,-0.9141,1.019,0.0,False,True,False,False,False,0,ja,10.8,0.5887
UDC20260028-27.pdf,1,158,86,-0.0243,-0.7656,1.025,0.0,False,False,False,False,False,0,en,9.2,0.9759
UDC20260028-27.pdf,2,0,31,-0.0302,-0.9219,1.031,0.0,True,False,False,False,False,0,None,7.8,0.0
UDC20260028-27.pdf,3,158,86,-0.0127,-0.2969,1.013,0.0,False,False,False,False,False,0,en,8.9,0.9874
UDC20260028-27.pdf,4,352,155,-0.0269,-0.7109,1.027,0.0,False,False,False,False,False,0,en,11.4,0.9735
UDC20260028-27.pdf,5,1843,480,-0.015,-1.3594,1.015,0.0,False,False,False,False,False,0,en,21.7,0.9851
UDC20260028-27.pdf,6,2281,650,-0.018,-1.4062,1.018,0.0,False,False,False,False,False,0,en,26.9,0.9822
UDC20260028-27.pdf,7,1359,397,-0.0265,-2.3125,1.027,0.0025,False,False,False,False,False,0,en,19.1,0.9739
UDC20260028-27.pdf,8,835,271,-0.0174,-0.5781,1.018,0.0,False,False,False,False,False,0,en,15.1,0.9827
UDC20260028-27.pdf,9,1524,415,-0.0208,-1.1719,1.021,0.0,False,False,False,False,False,0,en,19.8,0.9794
UDC20260028-27.pdf,10,65,57,-0.0302,-0.6094,1.031,0.0,False,False,False,False,False,0,en,8.4,0.9703
UDC20260028-27.pdf,11,0,31,-0.0126,-0.375,1.013,0.0,True,False,False,False,False,0,None,7.6,0.0
UDC20260028-27.pdf,12,0,31,-0.0151,-0.25,1.015,0.0,True,False,False,False,False,0,en,7.5,0.0
UDC20260028-28.pdf,1,41,51,-0.0558,-0.6406,1.057,0.0,False,False,False,False,True,0,en,8.5,0.662
UDC20260028-28.pdf,2,24440,8193,-0.0016,-0.7969,1.002,0.0,False,False,True,False,False,0,en,272.8,0.3994
UDC20260028-28.pdf,3,161,78,-0.0184,-0.75,1.019,0.0,False,True,False,False,False,0,en,8.6,0.589
UDC20260028-28.pdf,4,561,285,-0.0132,-1.3281,1.013,0.0,False,True,False,False,False,0,en,14.9,0.5921
UDC20260028-28.pdf,5,1837,1110,-0.0158,-1.1719,1.016,0.0,False,True,False,False,False,0,en,39.4,0.5906
UDC20260028-28.pdf,6,243,116,-0.049,-1.1719,1.05,0.0,False,True,False,False,False,0,en,9.9,0.5713
UDC20260028-28.pdf,7,769,267,-0.019,-0.8594,1.019,0.0,False,True,False,False,False,0,en,14.4,0.5887
UDC20260028-28.pdf,8,1832,469,-0.0042,-1.0156,1.004,0.0,False,False,False,False,False,0,en,20.9,0.9958
UDC20260028-28.pdf,9,1755,428,-0.0066,-0.6406,1.007,0.0,False,False,False,False,False,0,en,19.4,0.9934
UDC20260028-28.pdf,10,1410,384,-0.0051,-0.375,1.005,0.0,False,False,False,False,False,0,en,19.5,0.9949
UDC20260028-28.pdf,11,1199,327,-0.0057,-0.3281,1.006,0.0,False,False,False,False,False,0,en,17.4,0.9943
UDC20260028-28.pdf,12,1390,384,-0.006,-0.8906,1.006,0.0,False,False,False,False,False,0,en,18.5,0.994
UDC20260028-28.pdf,13,1055,296,-0.0082,-0.6562,1.008,0.0,False,False,False,False,False,0,en,15.6,0.9918
UDC20260028-28.pdf,14,1078,286,-0.0089,-0.5625,1.009,0.0,False,True,False,False,False,0,en,15.6,0.5947
UDC20260028-28.pdf,15,1198,317,-0.016,-0.75,1.016,0.0,False,True,False,False,False,0,en,17.0,0.5905
UDC20260028-28.pdf,16,1141,328,-0.0215,-0.8906,1.022,0.0,False,False,False,False,False,0,en,17.2,0.9787
UDC20260028-28.pdf,17,372,130,-0.0089,-0.3281,1.009,0.0,False,True,False,False,False,0,en,11.0,0.5947
UDC20260028-28.pdf,18,900,437,-0.0384,-1.7891,1.039,0.0,False,True,False,False,False,0,en,20.8,0.5774
UDC20260028-28.pdf,19,1215,315,-0.0078,-1.0,1.008,0.0,False,False,False,False,False,0,en,16.9,0.9922
UDC20260028-28.pdf,20,73,68,-0.0119,-0.4219,1.012,0.0,False,True,False,False,False,0,en,9.2,0.5929
UDC20260028-29.pdf,1,13,43,-0.0589,-1.625,1.061,0.0,False,True,False,False,False,0,ja,8.8,0.396
UDC20260028-29.pdf,2,486,402,-0.0178,-1.0625,1.018,0.0,False,True,False,False,False,0,ja,20.1,0.5894
UDC20260028-29.pdf,3,284,259,-0.075,-1.5312,1.078,0.0,False,True,False,False,False,0,ja,14.9,0.5567
UDC20260028-29.pdf,4,220,206,-0.1084,-2.2188,1.114,0.0049,False,True,False,False,False,0,ja,13.4,0.5384
UDC20260028-29.pdf,5,233,212,-0.0741,-2.0703,1.077,0.0047,False,True,False,False,True,0,ja,14.1,0.5571
UDC20260028-29.pdf,6,254,228,-0.116,-2.3984,1.123,0.0088,False,True,False,False,True,0,ja,14.2,0.5343
UDC20260028-29.pdf,7,169,166,-0.076,-2.7812,1.079,0.006,False,True,False,False,True,0,ja,12.3,0.5561
UDC20260028-29.pdf,8,196,208,-0.0273,-1.0625,1.028,0.0,False,True,False,False,False,0,ja,13.9,0.5838
UDC20260028-3.pdf,1,73,67,-0.0321,-1.3984,1.033,0.0,False,True,False,False,False,0,en,9.2,0.5811
UDC20260028-3.pdf,2,0,31,-0.0025,-0.0469,1.003,0.0,True,False,False,False,False,0,en,8.3,0.0
UDC20260028-3.pdf,3,1002,177,-0.0456,-1.3438,1.047,0.0,False,True,False,False,False,0,en,12.4,0.5733
UDC20260028-3.pdf,4,0,31,-0.003,-0.0625,1.003,0.0,True,False,False,False,False,0,en,7.6,0.0
UDC20260028-3.pdf,5,1071,358,-0.0339,-1.0,1.034,0.0,False,True,False,False,False,0,en,17.8,0.58
UDC20260028-3.pdf,6,889,200,-0.0537,-1.7969,1.055,0.0,False,True,False,False,False,0,en,13.3,0.5686
UDC20260028-3.pdf,7,1876,453,-0.0548,-2.9609,1.056,0.0022,False,True,False,False,False,0,en,20.8,0.568
UDC20260028-3.pdf,8,1774,400,-0.0461,-2.625,1.047,0.0025,False,True,False,False,False,0,en,19.5,0.573
UDC20260028-3.pdf,9,1468,472,-0.0477,-1.4844,1.049,0.0,False,True,False,False,False,0,en,22.9,0.572
UDC20260028-3.pdf,10,1665,435,-0.0391,-1.6875,1.04,0.0,False,True,False,False,False,0,en,20.5,0.577
UDC20260028-3.pdf,11,1504,405,-0.0528,-2.5,1.054,0.0025,False,True,False,False,False,0,en,19.5,0.5691
UDC20260028-3.pdf,12,811,148,-0.0404,-2.3125,1.041,0.0068,False,False,True,False,False,0,en,11.4,0.3841
UDC20260028-3.pdf,13,1361,397,-0.0455,-1.3438,1.047,0.0,False,True,False,False,False,0,en,19.0,0.5733
UDC20260028-3.pdf,14,1892,326,-0.0475,-2.3359,1.049,0.0031,False,True,False,False,False,0,en,17.8,0.5722
UDC20260028-3.pdf,15,1586,421,-0.0588,-2.2031,1.061,0.0024,False,True,False,False,False,0,en,19.7,0.5657
UDC20260028-3.pdf,16,1800,421,-0.0448,-2.3828,1.046,0.0024,False,True,False,False,False,0,en,19.8,0.5737
UDC20260028-3.pdf,17,1807,397,-0.0455,-1.3125,1.047,0.0,False,True,False,False,False,0,en,19.2,0.5733
UDC20260028-3.pdf,18,1777,367,-0.0532,-2.7656,1.055,0.0027,False,True,False,False,False,0,en,18.4,0.5689
UDC20260028-3.pdf,19,1599,409,-0.0465,-1.4062,1.048,0.0,False,True,False,False,False,0,en,19.4,0.5728
UDC20260028-3.pdf,20,1360,424,-0.0546,-2.0547,1.056,0.0024,False,True,False,False,False,0,en,19.9,0.5681
UDC20260028-3.pdf,21,628,213,-0.0196,-1.0781,1.02,0.0,False,False,False,False,False,0,en,13.4,0.9806
UDC20260028-3.pdf,22,1079,398,-0.0231,-1.0625,1.023,0.0,False,False,False,False,False,0,en,18.9,0.9772
UDC20260028-3.pdf,23,1708,347,-0.0537,-2.1641,1.055,0.0029,False,True,False,False,False,0,en,17.6,0.5686
UDC20260028-3.pdf,24,391,140,-0.0312,-1.2188,1.032,0.0,False,True,False,False,False,0,en,11.1,0.5815
UDC20260028-3.pdf,25,16552,8193,-0.0017,-2.0391,1.002,0.0001,False,True,True,False,False,0,en,271.8,0.2396
UDC20260028-3.pdf,26,1967,496,-0.0583,-1.8359,1.06,0.0,False,True,False,False,False,0,en,22.4,0.566
UDC20260028-3.pdf,27,1454,469,-0.0541,-1.7656,1.056,0.0,False,True,False,False,False,0,en,20.6,0.5684
UDC20260028-3.pdf,28,1579,454,-0.0384,-1.9531,1.039,0.0,False,True,False,False,False,0,en,19.9,0.5774
UDC20260028-3.pdf,29,1324,314,-0.0478,-2.1953,1.049,0.0032,False,True,False,False,False,0,en,15.9,0.572
UDC20260028-3.pdf,30,1339,460,-0.0643,-2.6484,1.066,0.0022,False,True,False,False,False,0,en,19.9,0.5626
UDC20260028-3.pdf,31,1828,470,-0.056,-2.1484,1.058,0.0021,False,True,False,False,False,0,en,20.5,0.5674
UDC20260028-3.pdf,32,1955,454,-0.0639,-2.3516,1.066,0.0022,False,True,False,False,False,0,en,20.1,0.5628
UDC20260028-3.pdf,33,1814,480,-0.0308,-1.2969,1.031,0.0,False,True,False,False,False,0,en,20.9,0.5818
UDC20260028-3.pdf,34,1325,453,-0.0458,-1.5312,1.047,0.0,False,True,False,False,False,0,en,21.5,0.5731
UDC20260028-3.pdf,35,1115,342,-0.0411,-1.6328,1.042,0.0,False,True,False,False,False,0,en,16.9,0.5758
UDC20260028-3.pdf,36,887,378,-0.0172,-1.4062,1.017,0.0,False,False,False,False,False,0,en,17.8,0.983
UDC20260028-3.pdf,37,0,31,-0.002,-0.0312,1.002,0.0,True,False,False,False,False,0,en,7.8,0.0
UDC20260028-3.pdf,38,0,31,-0.003,-0.0469,1.003,0.0,True,False,False,False,False,0,en,7.9,0.0
UDC20260028-30.pdf,1,97,121,-0.1409,-1.2812,1.151,0.0,False,True,False,False,False,0,ja,10.2,0.5212
UDC20260028-30.pdf,2,1709,1239,-0.0395,-2.0312,1.04,0.0008,False,True,False,False,False,0,ja,45.0,0.5768
UDC20260028-30.pdf,3,1444,827,-0.0334,-1.9844,1.034,0.0,False,True,False,False,False,0,ja,31.6,0.5803
UDC20260028-30.pdf,4,1634,1128,-0.0493,-2.0078,1.051,0.0009,False,True,False,False,False,0,ja,40.4,0.5711
UDC20260028-30.pdf,5,1200,904,-0.0241,-0.875,1.024,0.0,False,True,False,False,False,0,ja,34.0,0.5857
UDC20260028-30.pdf,6,2102,1534,-0.0385,-1.8203,1.039,0.0,False,True,False,False,False,0,ja,52.1,0.5773
UDC20260028-30.pdf,7,2082,1570,-0.0434,-2.7031,1.044,0.0006,False,True,False,False,False,0,ja,52.9,0.5745
UDC20260028-30.pdf,8,1966,1492,-0.0354,-1.8516,1.036,0.0,False,True,False,False,False,0,ja,50.4,0.5791
UDC20260028-30.pdf,9,236,209,-0.0384,-1.0469,1.039,0.0,False,True,False,False,False,0,ja,12.8,0.5774
UDC20260028-30.pdf,10,9879,8193,-0.011,-2.1641,1.011,0.0001,False,True,False,False,False,0,ja,254.9,0.5934
UDC20260028-30.pdf,11,1215,1137,-0.0811,-2.0469,1.084,0.0009,False,True,False,False,False,0,ja,39.7,0.5533
UDC20260028-30.pdf,12,248,190,-0.0599,-1.1719,1.062,0.0,False,True,False,False,False,0,ja,12.1,0.5651
UDC20260028-31.pdf,1,120,124,-0.0412,-0.7969,1.042,0.0,False,True,False,False,False,0,ja,10.4,0.5758
UDC20260028-31.pdf,2,1315,923,-0.0282,-2.375,1.029,0.0011,False,True,False,False,False,0,ja,34.2,0.5833
UDC20260028-31.pdf,3,990,712,-0.0187,-0.7656,1.019,0.0,False,True,False,False,False,0,ja,28.1,0.5889
UDC20260028-31.pdf,4,2446,1839,-0.0642,-2.2734,1.066,0.0016,False,True,False,False,False,0,ja,64.8,0.5627
UDC20260028-31.pdf,5,227,197,-0.0332,-0.9922,1.034,0.0,False,True,False,False,False,0,ja,13.1,0.5804
UDC20260028-31.pdf,6,989,849,-0.0677,-2.4766,1.07,0.0012,False,True,False,False,False,0,ja,33.4,0.5607
UDC20260028-31.pdf,7,922,736,-0.0282,-1.1328,1.029,0.0,False,True,False,False,False,0,ja,31.0,0.5833
UDC20260028-31.pdf,8,272,214,-0.3174,-2.1797,1.373,0.0047,False,True,False,False,False,0,ja,14.1,0.4368
UDC20260028-32.pdf,1,42,51,-0.1685,-1.6953,1.184,0.0,False,False,False,False,True,0,en,8.2,0.5914
UDC20260028-32.pdf,2,1387,518,-0.0418,-1.5781,1.043,0.0,False,False,False,False,False,0,en,22.5,0.9591
UDC20260028-32.pdf,3,157,80,-0.0229,-0.75,1.023,0.0,False,True,False,False,False,0,en,8.6,0.5864
UDC20260028-32.pdf,4,524,267,-0.0201,-1.2188,1.02,0.0,False,True,False,False,False,0,en,14.7,0.588
UDC20260028-32.pdf,5,1857,1126,-0.0121,-0.6875,1.012,0.0,False,True,False,False,False,0,en,40.4,0.5928
UDC20260028-32.pdf,6,309,144,-0.0312,-0.6094,1.032,0.0,False,True,False,False,False,0,en,11.2,0.5815
UDC20260028-32.pdf,7,689,213,-0.0098,-0.7188,1.01,0.0,False,False,False,False,False,0,en,14.3,0.9903
UDC20260028-32.pdf,8,1071,304,-0.0107,-0.8438,1.011,0.0,False,False,False,False,False,0,en,16.6,0.9894
UDC20260028-32.pdf,9,1113,350,-0.0395,-0.9688,1.04,0.0,False,False,False,False,False,0,en,18.6,0.9613
UDC20260028-32.pdf,10,857,278,-0.0305,-1.0,1.031,0.0,False,True,False,False,False,0,en,15.2,0.582
UDC20260028-32.pdf,11,1024,298,-0.0262,-1.2812,1.027,0.0,False,False,False,False,False,0,en,16.5,0.9741
UDC20260028-32.pdf,12,1111,341,-0.0304,-1.1562,1.031,0.0,False,False,False,False,False,0,en,18.9,0.97
UDC20260028-32.pdf,13,674,227,-0.0304,-1.8125,1.031,0.0,False,True,False,False,False,0,en,14.3,0.582
UDC20260028-32.pdf,14,1578,455,-0.0092,-1.125,1.009,0.0,False,False,False,False,False,0,en,23.0,0.9908
UDC20260028-32.pdf,15,1123,295,-0.0083,-0.3438,1.008,0.0,False,False,False,False,False,0,en,15.9,0.9918
UDC20260028-32.pdf,16,67,66,-0.0218,-0.4375,1.022,0.0,False,False,False,False,False,0,en,8.7,0.9785
UDC20260028-33.pdf,1,42,50,-0.0406,-0.5625,1.041,0.0,False,False,False,False,True,0,en,8.5,0.6721
UDC20260028-33.pdf,2,1236,460,-0.025,-1.3906,1.025,0.0,False,True,False,False,False,0,en,20.8,0.5852
UDC20260028-33.pdf,3,156,76,-0.0158,-0.7344,1.016,0.0,False,True,False,False,False,0,en,8.6,0.5906
UDC20260028-33.pdf,4,525,269,-0.0188,-1.5938,1.019,0.0,False,True,False,False,False,0,en,14.5,0.5888
UDC20260028-33.pdf,5,1920,1166,-0.0194,-1.5156,1.02,0.0,False,True,False,False,False,0,en,42.3,0.5885
UDC20260028-33.pdf,6,321,142,-0.0428,-0.6562,1.044,0.0,False,True,False,False,False,0,en,10.6,0.5749
UDC20260028-33.pdf,7,1023,288,-0.0139,-1.5469,1.014,0.0,False,False,False,False,False,0,en,15.5,0.9862
UDC20260028-33.pdf,8,698,243,-0.0311,-1.5391,1.032,0.0,False,False,False,False,False,0,en,15.1,0.9694
UDC20260028-33.pdf,9,820,266,-0.0298,-1.5938,1.03,0.0,False,True,False,False,False,0,en,15.6,0.5824
UDC20260028-33.pdf,10,1216,366,-0.0088,-0.5469,1.009,0.0,False,True,False,False,False,0,en,19.4,0.5947
UDC20260028-33.pdf,11,845,263,-0.0175,-1.2812,1.018,0.0,False,True,False,False,False,0,en,15.1,0.5896
UDC20260028-33.pdf,12,1402,404,-0.0141,-0.6406,1.014,0.0,False,False,False,False,False,0,en,19.2,0.986
UDC20260028-33.pdf,13,721,239,-0.0313,-1.2188,1.032,0.0,False,False,False,False,False,0,en,13.8,0.9692
UDC20260028-33.pdf,14,829,244,-0.0037,-0.1719,1.004,0.0,False,True,False,False,False,0,en,14.3,0.5978
UDC20260028-33.pdf,15,1172,312,-0.0109,-0.5938,1.011,0.0,False,False,False,False,False,0,en,16.1,0.9892
UDC20260028-33.pdf,16,66,64,-0.0217,-0.6094,1.022,0.0,False,True,False,False,False,0,en,8.5,0.5871
UDC20260028-34.pdf,1,41,51,-0.0846,-1.0312,1.088,0.0,False,False,False,False,True,0,en,8.0,0.6432
UDC20260028-34.pdf,2,561,281,-0.0114,-0.5469,1.011,0.0,False,True,False,False,False,0,en,14.6,0.5932
UDC20260028-34.pdf,3,169,82,-0.0183,-0.2812,1.018,0.0,False,True,False,False,False,0,en,9.3,0.5891
UDC20260028-34.pdf,4,1122,481,-0.0191,-0.875,1.019,0.0,False,False,False,False,False,0,en,24.0,0.9811
UDC20260028-34.pdf,5,226,99,-0.0377,-0.5469,1.038,0.0,False,True,False,False,False,0,en,9.6,0.5778
UDC20260028-34.pdf,6,3023,700,-0.0019,-0.375,1.002,0.0,False,False,False,False,False,0,en,29.8,0.9981
UDC20260028-34.pdf,7,980,305,-0.0273,-1.4688,1.028,0.0,False,False,False,False,False,0,en,16.1,0.9731
UDC20260028-34.pdf,8,1393,394,-0.0067,-0.7656,1.007,0.0,False,True,False,False,False,0,en,19.0,0.596
UDC20260028-34.pdf,9,1450,397,-0.0067,-1.0312,1.007,0.0,False,False,False,False,False,0,en,20.3,0.9933
UDC20260028-34.pdf,10,1340,377,-0.0106,-0.9688,1.011,0.0,False,False,False,False,False,0,en,20.4,0.9894
UDC20260028-34.pdf,11,1458,424,-0.0053,-0.7188,1.005,0.0,False,False,False,False,False,0,en,21.5,0.9947
UDC20260028-34.pdf,12,1427,403,-0.0042,-0.4531,1.004,0.0,False,False,False,False,False,0,en,20.7,0.9958
UDC20260028-34.pdf,13,1491,412,-0.0124,-1.1875,1.013,0.0,False,False,False,False,False,0,en,21.5,0.9876
UDC20260028-34.pdf,14,1424,392,-0.0051,-0.5312,1.005,0.0,False,False,False,False,False,0,en,20.7,0.9949
UDC20260028-34.pdf,15,996,290,-0.0195,-1.4062,1.02,0.0,False,True,False,False,False,0,en,16.4,0.5884
UDC20260028-34.pdf,16,1169,359,-0.0285,-1.875,1.029,0.0,False,False,False,False,False,0,en,20.2,0.9719
UDC20260028-34.pdf,17,1166,340,-0.0228,-2.0156,1.023,0.0029,False,False,False,False,False,0,en,19.3,0.9774
UDC20260028-34.pdf,18,695,226,-0.0021,-0.2656,1.002,0.0,False,True,False,False,False,0,en,15.1,0.5987
UDC20260028-34.pdf,19,2314,1389,-0.015,-1.0156,1.015,0.0,False,True,False,False,False,0,en,54.9,0.5911
UDC20260028-34.pdf,20,89,72,-0.0145,-0.4375,1.015,0.0,False,False,False,False,False,0,en,9.2,0.9856
UDC20260028-35.pdf,1,42,51,-0.0931,-0.9375,1.098,0.0,False,False,False,False,True,0,en,8.9,0.6377
UDC20260028-35.pdf,2,24488,8193,-0.001,-1.3125,1.001,0.0,False,False,True,False,False,0,en,278.2,0.3996
UDC20260028-35.pdf,3,153,79,-0.0328,-0.7188,1.033,0.0,False,True,False,False,False,0,en,8.3,0.5806
UDC20260028-35.pdf,4,521,267,-0.0169,-1.375,1.017,0.0,False,True,False,False,False,0,en,13.4,0.59
UDC20260028-35.pdf,5,1837,1124,-0.0097,-0.7344,1.01,0.0,False,True,False,False,False,0,en,36.5,0.5942
UDC20260028-35.pdf,6,321,147,-0.0338,-0.6562,1.034,0.0,False,True,False,False,False,0,en,10.0,0.5801
UDC20260028-35.pdf,7,653,184,-0.0042,-0.2031,1.004,0.0,False,True,False,False,False,0,en,11.0,0.5975
UDC20260028-35.pdf,8,705,215,-0.0355,-1.7812,1.036,0.0,False,False,False,False,False,0,en,11.8,0.9651
UDC20260028-35.pdf,9,717,248,-0.0313,-1.1094,1.032,0.0,False,False,False,False,False,0,en,12.7,0.9692
UDC20260028-35.pdf,10,491,153,-0.0032,-0.3438,1.003,0.0,False,True,False,False,False,0,en,10.1,0.5981
UDC20260028-35.pdf,11,942,265,-0.0151,-0.9219,1.015,0.0,False,False,False,False,False,0,en,13.1,0.985
UDC20260028-35.pdf,12,1132,331,-0.0211,-1.4062,1.021,0.0,False,True,False,False,False,0,en,14.9,0.5875
UDC20260028-35.pdf,13,759,236,-0.0328,-1.2656,1.033,0.0,False,True,False,False,False,0,en,12.3,0.5807
UDC20260028-35.pdf,14,1180,345,-0.0155,-1.3906,1.016,0.0,False,True,False,False,False,0,en,15.3,0.5908
UDC20260028-35.pdf,15,1128,308,-0.0136,-0.875,1.014,0.0,False,False,False,False,False,0,en,14.3,0.9865
UDC20260028-35.pdf,16,549,280,-0.6895,-3.2812,1.993,0.0786,False,True,False,False,False,0,en,13.5,0.3011
UDC20260028-36.pdf,1,41,50,-0.0384,-0.4219,1.039,0.0,False,False,False,False,True,0,en,7.9,0.6736
UDC20260028-36.pdf,2,24483,8193,-0.0014,-0.8906,1.001,0.0,False,False,True,False,False,0,en,240.1,0.3994
UDC20260028-36.pdf,3,153,79,-0.0316,-0.6562,1.032,0.0,False,True,False,False,False,0,en,8.2,0.5813
UDC20260028-36.pdf,4,522,267,-0.0184,-1.3281,1.019,0.0,False,True,False,False,False,0,en,13.0,0.589
UDC20260028-36.pdf,5,1838,1123,-0.0151,-1.1719,1.015,0.0,False,True,False,False,False,0,en,36.1,0.591
UDC20260028-36.pdf,6,322,146,-0.0261,-0.7812,1.026,0.0,False,True,False,False,False,0,en,10.2,0.5845
UDC20260028-36.pdf,7,653,184,-0.0059,-0.2969,1.006,0.0,False,True,False,False,False,0,en,11.2,0.5964
UDC20260028-36.pdf,8,677,210,-0.0362,-1.2344,1.037,0.0,False,False,False,False,False,0,en,12.4,0.9645
UDC20260028-36.pdf,9,715,246,-0.0391,-1.8125,1.04,0.0,False,False,False,False,False,0,en,13.0,0.9617
UDC20260028-36.pdf,10,491,153,-0.0014,-0.1406,1.001,0.0,False,True,False,False,False,0,en,10.6,0.5991
UDC20260028-36.pdf,11,942,265,-0.0134,-0.7344,1.014,0.0,False,False,False,False,False,0,en,14.1,0.9866
UDC20260028-36.pdf,12,1109,322,-0.024,-1.6562,1.024,0.0,False,True,False,False,False,0,en,15.7,0.5858
UDC20260028-36.pdf,13,799,256,-0.0341,-1.3281,1.035,0.0,False,True,False,False,False,0,en,14.8,0.5799
UDC20260028-36.pdf,14,1191,353,-0.0174,-1.2344,1.018,0.0,False,True,False,False,False,0,en,16.2,0.5897
UDC20260028-36.pdf,15,1127,303,-0.0102,-0.5156,1.01,0.0,False,False,False,False,False,0,en,15.2,0.9899
UDC20260028-36.pdf,16,67,66,-0.0213,-0.7188,1.022,0.0,False,False,False,False,False,0,en,8.4,0.9789
UDC20260028-37.pdf,1,70,58,-0.0407,-1.0,1.042,0.0,False,False,False,False,False,0,en,8.4,0.9601
UDC20260028-37.pdf,2,0,31,-0.0136,-0.4062,1.014,0.0,True,False,False,False,False,0,None,7.6,0.0
UDC20260028-37.pdf,3,854,384,-0.0192,-1.4453,1.019,0.0,False,False,False,False,False,0,en,18.3,0.981
UDC20260028-37.pdf,4,0,31,-0.0237,-0.6875,1.024,0.0,True,False,False,False,False,0,en,7.8,0.0
UDC20260028-37.pdf,5,304,139,-0.0101,-0.7969,1.01,0.0,False,False,False,False,False,0,en,11.6,0.9899
UDC20260028-37.pdf,6,1814,854,-0.013,-1.2031,1.013,0.0,False,False,False,False,False,0,en,35.0,0.9871
UDC20260028-37.pdf,7,922,288,-0.0231,-0.75,1.023,0.0,False,True,False,False,False,0,en,16.8,0.5863
UDC20260028-37.pdf,8,1041,313,-0.0296,-1.0938,1.03,0.0,False,False,False,False,False,0,en,17.8,0.9708
UDC20260028-37.pdf,9,1413,418,-0.0119,-0.8438,1.012,0.0,False,False,False,False,False,0,en,21.0,0.9882
UDC20260028-37.pdf,10,1691,499,-0.0235,-0.8438,1.024,0.0,False,False,False,False,False,0,en,24.6,0.9768
UDC20260028-37.pdf,11,1368,408,-0.0115,-0.8281,1.012,0.0,False,False,False,False,False,0,en,20.3,0.9886
UDC20260028-37.pdf,12,911,268,-0.0154,-0.9375,1.016,0.0,False,False,False,False,False,0,en,15.8,0.9847
UDC20260028-37.pdf,13,1013,328,-0.0259,-0.9688,1.026,0.0,False,False,False,False,False,0,en,17.6,0.9745
UDC20260028-37.pdf,14,1701,464,-0.0209,-1.0156,1.021,0.0,False,False,False,False,False,0,en,22.1,0.9793
UDC20260028-37.pdf,15,1071,356,-0.0103,-0.8438,1.01,0.0,False,False,False,False,False,0,en,17.6,0.9898
UDC20260028-37.pdf,16,1426,409,-0.0136,-0.9062,1.014,0.0,False,False,False,False,False,0,en,19.5,0.9865
UDC20260028-37.pdf,17,1648,448,-0.0051,-0.9219,1.005,0.0,False,False,False,False,False,0,en,20.4,0.9949
UDC20260028-37.pdf,18,1433,393,-0.0121,-0.5469,1.012,0.0,False,False,False,False,False,0,en,18.8,0.9879
UDC20260028-37.pdf,19,1274,387,-0.0056,-0.3594,1.006,0.0,False,False,False,False,False,0,en,18.3,0.9944
UDC20260028-37.pdf,20,1200,344,-0.0118,-0.7969,1.012,0.0,False,False,False,False,False,0,en,17.0,0.9883
UDC20260028-37.pdf,21,628,238,-0.0502,-1.5781,1.051,0.0,False,False,False,False,False,0,en,13.7,0.9511
UDC20260028-37.pdf,22,0,31,-0.0192,-0.5312,1.019,0.0,True,False,False,False,False,0,en,8.0,0.0
UDC20260028-37.pdf,23,0,31,-0.0101,-0.3125,1.01,0.0,True,False,False,False,False,0,None,7.4,0.0
UDC20260028-37.pdf,24,0,31,-0.0166,-0.4219,1.017,0.0,True,False,False,False,False,0,en,8.7,0.0
UDC20260028-38.pdf,1,41,49,-0.0947,-1.3281,1.099,0.0,False,True,False,False,True,0,en,7.4,0.382
UDC20260028-38.pdf,2,315,103,-0.2952,-1.9609,1.343,0.0,False,True,False,False,False,0,en,9.1,0.4466
UDC20260028-38.pdf,3,157,76,-0.0138,-0.4062,1.014,0.0,False,True,False,False,False,0,en,8.5,0.5918
UDC20260028-38.pdf,4,542,275,-0.0133,-1.9062,1.013,0.0,False,False,False,False,False,0,en,14.3,0.9868
UDC20260028-38.pdf,5,1904,1163,-0.0118,-1.0469,1.012,0.0,False,True,False,False,False,0,en,41.3,0.5929
UDC20260028-38.pdf,6,313,142,-0.0292,-0.6562,1.03,0.0,False,True,False,False,False,0,en,10.5,0.5828
UDC20260028-38.pdf,7,956,287,-0.0115,-0.7969,1.012,0.0,False,False,False,False,False,0,en,15.2,0.9885
UDC20260028-38.pdf,8,476,185,-0.0791,-2.0781,1.082,0.0054,False,False,False,False,False,0,en,12.0,0.924
UDC20260028-38.pdf,9,817,244,-0.031,-1.4375,1.031,0.0,False,False,False,False,False,0,en,13.9,0.9695
UDC20260028-38.pdf,10,901,269,-0.0038,-0.2188,1.004,0.0,False,True,False,False,False,0,en,15.9,0.5977
UDC20260028-38.pdf,11,900,262,-0.0278,-2.0156,1.028,0.0038,False,True,False,False,False,0,en,14.6,0.5836
UDC20260028-38.pdf,12,853,268,-0.0404,-1.8828,1.041,0.0,False,True,False,False,False,0,en,14.9,0.5762
UDC20260028-38.pdf,13,823,253,-0.0226,-2.0,1.023,0.0,False,True,False,False,False,0,en,14.3,0.5866
UDC20260028-38.pdf,14,1114,298,-0.0102,-1.4375,1.01,0.0,False,False,False,False,False,0,en,15.6,0.9898
UDC20260028-38.pdf,15,0,31,-0.0242,-0.7031,1.024,0.0,True,False,False,False,False,0,en,7.5,0.0
UDC20260028-38.pdf,16,72,66,-0.0142,-0.375,1.014,0.0,False,False,False,False,False,0,en,8.0,0.9859
UDC20260028-39.pdf,1,24,41,-0.056,-0.6562,1.058,0.0,False,True,False,False,True,0,de,8.3,0.3971
UDC20260028-39.pdf,2,0,31,-0.005,-0.125,1.005,0.0,True,False,False,False,False,0,en,7.3,0.0
UDC20260028-39.pdf,3,313,114,-0.0413,-0.6406,1.042,0.0,False,True,False,False,False,0,en,9.4,0.5758
UDC20260028-39.pdf,4,499,266,-0.0147,-0.6719,1.015,0.0,False,True,False,False,False,0,en,15.1,0.5912
UDC20260028-39.pdf,5,1254,629,-0.036,-1.9375,1.037,0.0,False,True,False,False,False,0,en,27.4,0.5788
UDC20260028-39.pdf,6,128,84,-0.034,-0.6406,1.035,0.0,False,True,False,False,False,0,en,9.5,0.5799
UDC20260028-39.pdf,7,729,234,-0.0262,-1.25,1.027,0.0,False,False,False,False,False,0,en,14.3,0.9741
UDC20260028-39.pdf,8,1353,370,-0.0203,-1.5781,1.021,0.0,False,True,False,False,False,0,en,19.1,0.5879
UDC20260028-39.pdf,9,548,191,-0.0381,-1.8047,1.039,0.0,False,False,False,False,False,0,en,13.8,0.9626
UDC20260028-39.pdf,10,1259,352,-0.0153,-2.1094,1.015,0.0028,False,False,False,False,False,0,en,18.7,0.9848
UDC20260028-39.pdf,11,1006,314,-0.0248,-1.625,1.025,0.0,False,False,False,False,False,0,en,17.5,0.9755
UDC20260028-39.pdf,12,915,261,-0.0249,-1.75,1.025,0.0,False,False,False,False,False,0,en,16.0,0.9754
UDC20260028-39.pdf,13,519,185,-0.0298,-1.125,1.03,0.0,False,False,False,False,False,0,en,13.8,0.9706
UDC20260028-39.pdf,14,370,156,-0.0248,-0.7344,1.025,0.0,False,False,False,False,False,0,en,11.9,0.9755
UDC20260028-39.pdf,15,0,31,-0.0222,-0.6406,1.022,0.0,True,False,False,False,False,0,en,8.0,0.0
UDC20260028-39.pdf,16,96,75,-0.0046,-0.125,1.005,0.0,False,False,False,False,False,0,en,9.4,0.9954
UDC20260028-4.pdf,1,73,67,-0.0233,-1.0156,1.024,0.0,False,True,False,False,False,0,en,10.0,0.5862
UDC20260028-4.pdf,2,0,31,-0.0156,-0.4062,1.016,0.0,True,False,False,False,False,0,en,8.5,0.0
UDC20260028-4.pdf,3,419,109,-0.0708,-1.0938,1.073,0.0,False,True,False,False,False,0,en,10.2,0.559
UDC20260028-4.pdf,4,0,31,-0.0096,-0.2188,1.01,0.0,True,False,False,False,False,0,en,8.2,0.0
UDC20260028-4.pdf,5,1337,447,-0.0464,-2.0312,1.048,0.0022,False,True,False,False,False,0,en,22.2,0.5728
UDC20260028-4.pdf,6,1766,612,-0.0317,-1.4844,1.032,0.0,False,False,False,False,False,0,en,26.9,0.9688
UDC20260028-4.pdf,7,3116,770,-0.0526,-1.3438,1.054,0.0,False,True,False,False,False,0,en,33.1,0.5692
UDC20260028-4.pdf,8,2358,608,-0.0571,-1.9531,1.059,0.0,False,True,False,False,False,0,en,26.9,0.5667
UDC20260028-4.pdf,9,557,194,-0.0505,-2.2578,1.052,0.0052,False,True,False,False,False,0,en,13.9,0.5704
UDC20260028-4.pdf,10,1938,602,-0.0316,-1.4219,1.032,0.0,False,False,False,False,False,0,en,27.7,0.9689
UDC20260028-4.pdf,11,1216,336,-0.0443,-1.7969,1.045,0.0,False,True,False,False,False,0,en,18.0,0.574
UDC20260028-4.pdf,12,1349,542,-0.0248,-1.3594,1.025,0.0,False,True,False,False,False,0,en,25.2,0.5853
UDC20260028-4.pdf,13,582,265,-0.0481,-1.625,1.049,0.0,False,True,False,False,False,0,en,15.1,0.5718
UDC20260028-4.pdf,14,389,145,-0.0055,-0.2812,1.006,0.0,False,True,False,False,False,0,en,12.3,0.5967
UDC20260028-4.pdf,15,0,31,-0.006,-0.1094,1.006,0.0,True,False,False,False,False,0,en,8.1,0.0
UDC20260028-4.pdf,16,0,31,-0.0045,-0.0781,1.005,0.0,True,False,False,False,False,0,en,8.1,0.0
UDC20260028-40.pdf,1,24,38,-0.0448,-0.6094,1.046,0.0,False,True,False,False,True,0,de,9.0,0.4016
UDC20260028-40.pdf,2,0,31,-0.0106,-0.2969,1.011,0.0,True,False,False,False,False,0,en,7.5,0.0
UDC20260028-40.pdf,3,313,114,-0.0465,-0.8438,1.048,0.0,False,True,False,False,False,0,en,10.2,0.5728
UDC20260028-40.pdf,4,500,266,-0.0163,-0.7344,1.016,0.0,False,True,False,False,False,0,en,16.1,0.5903
UDC20260028-40.pdf,5,1254,630,-0.0308,-1.3594,1.031,0.0,False,True,False,False,False,0,en,29.3,0.5818
UDC20260028-40.pdf,6,129,84,-0.0387,-0.8594,1.039,0.0,False,True,False,False,False,0,en,9.9,0.5772
UDC20260028-40.pdf,7,723,233,-0.0245,-1.1406,1.025,0.0,False,False,False,False,False,0,en,15.3,0.9758
UDC20260028-40.pdf,8,1367,369,-0.0195,-1.625,1.02,0.0,False,True,False,False,False,0,en,18.9,0.5884
UDC20260028-40.pdf,9,534,182,-0.0319,-0.9219,1.032,0.0,False,False,False,False,False,0,en,13.4,0.9686
UDC20260028-40.pdf,10,1262,353,-0.0123,-1.6719,1.012,0.0,False,False,False,False,False,0,en,18.8,0.9878
UDC20260028-40.pdf,11,1000,313,-0.0271,-1.2656,1.027,0.0,False,False,False,False,False,0,en,17.8,0.9733
UDC20260028-40.pdf,12,914,260,-0.0212,-1.3906,1.021,0.0,False,False,False,False,False,0,en,15.3,0.9791
UDC20260028-40.pdf,13,523,187,-0.025,-0.7969,1.025,0.0,False,False,False,False,False,0,en,12.9,0.9753
UDC20260028-40.pdf,14,370,156,-0.0256,-0.5469,1.026,0.0,False,False,False,False,False,0,en,11.3,0.9747
UDC20260028-40.pdf,15,0,31,-0.0086,-0.2188,1.009,0.0,True,False,False,False,False,0,en,7.7,0.0
UDC20260028-40.pdf,16,96,75,-0.0035,-0.0938,1.004,0.0,False,False,False,False,False,0,en,9.2,0.9965
UDC20260028-41.pdf,1,114,77,-0.0507,-1.0156,1.052,0.0,False,False,False,False,False,0,en,9.1,0.9505
UDC20260028-41.pdf,2,0,31,-0.0045,-0.1094,1.005,0.0,True,False,False,False,False,0,en,7.2,0.0
UDC20260028-41.pdf,3,523,218,-0.0335,-0.7812,1.034,0.0,False,False,False,False,False,0,en,12.5,0.967
UDC20260028-41.pdf,4,1098,424,-0.0377,-1.875,1.038,0.0,False,False,False,False,False,0,en,19.7,0.963
UDC20260028-41.pdf,5,2190,548,-0.016,-1.1719,1.016,0.0,False,False,False,False,False,0,en,24.3,0.9841
UDC20260028-41.pdf,6,2038,978,-0.0652,-3.3438,1.067,0.0041,False,False,False,False,False,0,en,37.1,0.9369
UDC20260028-41.pdf,7,263,110,-0.0232,-0.6094,1.023,0.0,False,False,False,False,False,0,en,9.7,0.9771
UDC20260028-41.pdf,8,229,103,-0.0247,-0.5312,1.025,0.0,False,False,False,False,False,0,en,9.4,0.9756
UDC20260028-41.pdf,9,1187,354,-0.046,-1.0469,1.047,0.0,False,False,False,False,False,0,en,18.3,0.9551
UDC20260028-41.pdf,10,372,147,-0.0286,-0.7344,1.029,0.0,False,True,False,False,True,0,en,12.1,0.5831
UDC20260028-41.pdf,11,1526,485,-0.0702,-2.5469,1.073,0.0062,False,False,False,False,False,0,en,22.6,0.9323
UDC20260028-41.pdf,12,459,157,-0.0556,-1.9219,1.057,0.0,False,False,False,False,True,0,en,11.5,0.9459
UDC20260028-41.pdf,13,1396,414,-0.0865,-2.6641,1.09,0.0048,False,False,False,False,False,0,en,21.2,0.9171
UDC20260028-41.pdf,14,1220,340,-0.0286,-1.6875,1.029,0.0,False,False,False,False,False,0,en,18.0,0.9718
UDC20260028-41.pdf,15,179,77,-0.0379,-0.8594,1.039,0.0,False,True,False,False,False,0,en,8.9,0.5777
UDC20260028-41.pdf,16,1264,361,-0.0286,-1.1562,1.029,0.0,False,False,False,False,False,0,en,19.4,0.9718
UDC20260028-42.pdf,1,100,65,-0.0159,-0.375,1.016,0.0,False,True,False,False,False,0,en,8.2,0.5906
UDC20260028-42.pdf,2,0,31,-0.0116,-0.3125,1.012,0.0,True,False,False,False,False,0,en,7.2,0.0
UDC20260028-42.pdf,3,311,136,-0.0271,-0.6094,1.027,0.0,False,True,False,False,False,0,en,10.8,0.584
UDC20260028-42.pdf,4,652,241,-0.0222,-0.6875,1.022,0.0,False,False,False,False,False,0,en,15.2,0.978
UDC20260028-42.pdf,5,944,444,-0.0167,-1.5156,1.017,0.0,False,True,False,False,False,0,en,22.1,0.5901
UDC20260028-42.pdf,6,3828,1818,-0.027,-3.1484,1.027,0.0006,False,False,False,False,False,0,en,67.8,0.9733
UDC20260028-42.pdf,7,1130,498,-0.0613,-1.7422,1.063,0.0,False,True,False,False,False,0,en,22.4,0.5643
UDC20260028-42.pdf,8,854,242,-0.0061,-0.5312,1.006,0.0,False,False,False,False,False,0,en,14.5,0.9939
UDC20260028-42.pdf,9,836,275,-0.0197,-0.625,1.02,0.0,False,False,False,False,False,0,en,14.8,0.9805
UDC20260028-42.pdf,10,2032,553,-0.0207,-0.9375,1.021,0.0,False,False,False,False,False,0,en,23.8,0.9795
UDC20260028-42.pdf,11,2071,523,-0.0228,-0.8281,1.023,0.0,False,False,False,False,False,0,en,21.7,0.9775
UDC20260028-42.pdf,12,1049,349,-0.0243,-0.9219,1.025,0.0,False,False,False,False,False,0,en,16.5,0.976
UDC20260028-42.pdf,13,1923,508,-0.0297,-1.0781,1.03,0.0,False,False,False,False,False,0,en,20.9,0.9707
UDC20260028-42.pdf,14,2950,765,-0.0024,-0.3438,1.002,0.0,False,False,False,False,False,0,en,28.5,0.9976
UDC20260028-42.pdf,15,2432,705,-0.0056,-0.7656,1.006,0.0,False,False,False,False,False,0,en,26.2,0.9945
UDC20260028-42.pdf,16,1057,329,-0.0186,-0.8125,1.019,0.0,False,False,False,False,False,0,en,15.5,0.9816
UDC20260028-42.pdf,17,1159,346,-0.0229,-0.9219,1.023,0.0,False,False,False,False,False,0,en,15.8,0.9773
UDC20260028-42.pdf,18,353,143,-0.0307,-1.4531,1.031,0.0,False,False,False,False,True,0,en,10.1,0.9698
UDC20260028-42.pdf,19,1513,437,-0.0226,-1.2344,1.023,0.0,False,False,False,False,False,0,en,18.5,0.9777
UDC20260028-42.pdf,20,982,297,-0.0137,-0.4688,1.014,0.0,False,False,False,False,False,0,en,14.9,0.9864
UDC20260028-42.pdf,21,1109,335,-0.0208,-0.5938,1.021,0.0,False,False,False,False,False,0,en,16.3,0.9795
UDC20260028-42.pdf,22,508,166,-0.017,-0.5312,1.017,0.0,False,True,False,False,False,0,en,10.9,0.5899
UDC20260028-42.pdf,23,639,207,-0.0112,-1.2812,1.011,0.0,False,False,False,False,False,0,en,12.0,0.9888
UDC20260028-42.pdf,24,597,210,-0.0228,-0.9844,1.023,0.0,False,False,False,False,False,0,en,12.4,0.9775
UDC20260028-43.pdf,1,97,63,-0.0255,-0.8281,1.026,0.0,False,True,False,False,False,0,en,6.1,0.5849
UDC20260028-43.pdf,2,612,202,-0.0248,-1.1719,1.025,0.0,False,False,False,False,False,0,en,10.6,0.9755
UDC20260028-43.pdf,3,1265,513,-0.03,-1.2031,1.03,0.0,False,True,False,False,False,0,en,20.2,0.5823
UDC20260028-43.pdf,4,2173,1014,-0.1387,-2.2969,1.149,0.0049,False,True,False,False,False,0,en,37.4,0.5223
UDC20260028-43.pdf,5,1483,461,-0.0925,-1.7734,1.097,0.0,False,False,False,False,False,0,en,18.7,0.9116
UDC20260028-43.pdf,6,1598,468,-0.0205,-1.0156,1.021,0.0,False,False,False,False,False,0,en,19.7,0.9797
UDC20260028-43.pdf,7,353,105,-0.0121,-0.6406,1.012,0.0,False,False,False,False,False,0,en,6.9,0.988
UDC20260028-43.pdf,8,694,197,-0.0291,-0.9219,1.03,0.0,False,False,False,False,False,0,en,10.2,0.9713
UDC20260028-43.pdf,9,1833,623,-0.0143,-1.0,1.014,0.0,False,True,False,False,False,0,en,23.5,0.5915
UDC20260028-43.pdf,10,1345,380,-0.0067,-0.5625,1.007,0.0,False,False,False,False,False,0,en,15.9,0.9934
UDC20260028-43.pdf,11,2430,652,-0.036,-1.4062,1.037,0.0,False,True,False,False,False,0,en,24.2,0.5788
UDC20260028-43.pdf,12,1474,429,-0.06,-2.5469,1.062,0.0023,False,True,False,False,False,0,en,17.0,0.5651
UDC20260028-43.pdf,13,1089,341,-0.0797,-1.8125,1.083,0.0,False,False,False,False,False,0,en,15.2,0.9234
UDC20260028-43.pdf,14,1495,474,-0.0506,-1.8828,1.052,0.0,False,False,False,False,False,0,en,19.2,0.9506
UDC20260028-43.pdf,15,560,187,-0.0118,-0.7344,1.012,0.0,False,True,False,False,False,0,en,9.8,0.593
UDC20260028-43.pdf,16,2031,495,-0.0287,-1.875,1.029,0.0,False,True,False,False,False,0,en,20.0,0.583
UDC20260028-44.pdf,1,41,51,-0.0656,-1.0781,1.068,0.0,False,False,False,False,True,0,en,8.7,0.6556
UDC20260028-44.pdf,2,1302,494,-0.0306,-1.2031,1.031,0.0,False,True,False,False,False,0,en,22.6,0.5819
UDC20260028-44.pdf,3,160,78,-0.0114,-0.7344,1.011,0.0,False,True,False,False,False,0,en,9.4,0.5932
UDC20260028-44.pdf,4,636,311,-0.0123,-2.2656,1.012,0.0032,False,True,False,False,False,0,en,17.2,0.5927
UDC20260028-44.pdf,5,1961,1084,-0.0104,-1.4062,1.01,0.0,False,True,False,False,False,0,en,41.4,0.5938
UDC20260028-44.pdf,6,236,124,-0.0363,-1.2188,1.037,0.0,False,True,False,False,False,0,en,11.2,0.5786
UDC20260028-44.pdf,7,876,252,-0.0126,-0.5312,1.013,0.0,False,False,False,False,False,0,en,15.6,0.9875
UDC20260028-44.pdf,8,809,262,-0.0153,-0.5625,1.015,0.0,False,False,False,False,False,0,en,18.0,0.9848
UDC20260028-44.pdf,9,1378,395,-0.0184,-0.6719,1.019,0.0,False,False,False,False,False,0,en,19.3,0.9818
UDC20260028-44.pdf,10,1075,324,-0.0207,-0.8594,1.021,0.0,False,False,False,False,False,0,en,18.5,0.9795
UDC20260028-44.pdf,11,879,292,-0.0258,-0.7656,1.026,0.0,False,True,False,False,False,0,en,17.0,0.5847
UDC20260028-44.pdf,12,807,256,-0.0201,-1.0469,1.02,0.0,False,True,False,False,False,0,en,15.7,0.588
UDC20260028-44.pdf,13,974,274,-0.0269,-1.25,1.027,0.0,False,False,False,False,False,0,en,15.8,0.9734
UDC20260028-44.pdf,14,1001,305,-0.0215,-0.9531,1.022,0.0,False,False,False,False,False,0,en,17.6,0.9787
UDC20260028-44.pdf,15,1151,328,-0.0253,-0.7344,1.026,0.0,False,False,False,False,False,0,en,18.6,0.975
UDC20260028-44.pdf,16,740,269,-0.0265,-1.2188,1.027,0.0,False,False,False,False,False,0,en,16.2,0.9739
UDC20260028-44.pdf,17,577,180,-0.0048,-0.25,1.005,0.0,False,True,False,False,False,0,en,13.5,0.5971
UDC20260028-44.pdf,18,215,110,-0.0166,-0.625,1.017,0.0,False,False,False,False,False,0,en,10.5,0.9835
UDC20260028-44.pdf,19,1269,332,-0.0065,-0.5625,1.007,0.0,False,False,False,False,False,0,en,18.7,0.9935
UDC20260028-44.pdf,20,67,66,-0.0137,-0.375,1.014,0.0,False,True,False,False,False,0,en,9.0,0.5918
UDC20260028-45.pdf,1,86,75,-0.0802,-1.5,1.084,0.0,False,True,False,False,False,0,en,9.3,0.5538
UDC20260028-45.pdf,2,0,31,-0.0106,-0.2656,1.011,0.0,True,False,False,False,False,0,en,7.7,0.0
UDC20260028-45.pdf,3,41,49,-0.0816,-0.6875,1.085,0.0,False,False,False,False,True,0,en,8.4,0.6451
UDC20260028-45.pdf,4,0,31,-0.0237,-0.7188,1.024,0.0,True,False,False,False,False,0,None,8.4,0.0
UDC20260028-45.pdf,5,975,364,-0.0231,-1.7188,1.023,0.0,False,False,False,False,False,0,en,19.1,0.9772
UDC20260028-45.pdf,6,846,362,-0.0193,-1.1875,1.019,0.0,False,True,False,False,False,0,en,19.6,0.5886
UDC20260028-45.pdf,7,1752,822,-0.0187,-1.2891,1.019,0.0,False,False,False,False,False,0,en,35.2,0.9815
UDC20260028-45.pdf,8,373,168,-0.0482,-0.7969,1.049,0.0,False,False,False,False,False,0,en,13.6,0.953
UDC20260028-45.pdf,9,926,258,-0.0462,-1.4844,1.047,0.0,False,False,False,False,False,0,en,16.8,0.9548
UDC20260028-45.pdf,10,241,114,-0.0314,-0.75,1.032,0.0,False,False,False,False,False,0,en,11.4,0.9691
UDC20260028-45.pdf,11,1158,323,-0.0408,-2.1328,1.042,0.0031,False,False,False,False,False,0,en,20.5,0.96
UDC20260028-45.pdf,12,1351,353,-0.0207,-1.4375,1.021,0.0,False,False,False,False,False,0,en,24.1,0.9795
UDC20260028-45.pdf,13,301,104,-0.0033,-0.2656,1.003,0.0,False,False,False,False,False,0,en,10.0,0.9967
UDC20260028-45.pdf,14,0,31,-0.0086,-0.2344,1.009,0.0,True,False,False,False,False,0,en,9.0,0.0
UDC20260028-45.pdf,15,304,105,-0.0031,-0.1406,1.003,0.0,False,False,False,False,False,0,en,10.0,0.9969
UDC20260028-45.pdf,16,396,140,-0.0242,-0.6406,1.025,0.0,False,False,False,False,False,0,en,10.9,0.9761
UDC20260028-45.pdf,17,0,31,-0.0141,-0.3594,1.014,0.0,True,False,False,False,False,0,en,7.5,0.0
UDC20260028-45.pdf,18,0,31,-0.0035,-0.0625,1.004,0.0,True,False,False,False,False,0,en,7.6,0.0
UDC20260028-46.pdf,1,93,67,-0.0299,-0.4688,1.03,0.0,False,False,False,False,False,0,en,6.2,0.9706
UDC20260028-46.pdf,2,0,31,-0.0096,-0.2344,1.01,0.0,True,False,False,False,False,0,en,5.3,0.0
UDC20260028-46.pdf,3,1254,477,-0.0294,-0.6719,1.03,0.0,False,False,False,False,False,0,en,18.4,0.9711
UDC20260028-46.pdf,4,1017,441,-0.0076,-0.5781,1.008,0.0,False,False,False,False,False,0,en,17.8,0.9924
UDC20260028-46.pdf,5,1737,812,-0.0738,-2.9688,1.077,0.0037,False,False,False,False,False,0,en,29.8,0.9288
UDC20260028-46.pdf,6,990,279,-0.0406,-1.9141,1.041,0.0,False,False,False,False,False,0,en,12.8,0.9602
UDC20260028-46.pdf,7,1095,318,-0.0323,-0.8906,1.033,0.0,False,False,False,False,False,0,en,14.0,0.9682
UDC20260028-46.pdf,8,930,302,-0.0233,-0.9531,1.024,0.0,False,False,False,False,False,0,en,14.3,0.977
UDC20260028-46.pdf,9,1038,351,-0.0159,-0.7969,1.016,0.0,False,False,False,False,False,0,en,15.7,0.9842
UDC20260028-46.pdf,10,674,196,-0.0104,-0.5469,1.01,0.0,False,False,False,False,False,0,en,11.1,0.9896
UDC20260028-46.pdf,11,0,31,-0.0035,-0.0625,1.004,0.0,True,False,False,False,False,0,en,5.1,0.0
UDC20260028-46.pdf,12,0,31,-0.0101,-0.25,1.01,0.0,True,False,False,False,False,0,en,5.2,0.0
UDC20260028-47.pdf,1,85,65,-0.0139,-0.6406,1.014,0.0,False,False,False,False,False,0,en,8.0,0.9862
UDC20260028-47.pdf,2,0,31,-0.0045,-0.0938,1.005,0.0,True,False,False,False,False,0,en,6.7,0.0
UDC20260028-47.pdf,3,1094,483,-0.0144,-0.625,1.015,0.0,False,False,False,False,False,0,en,20.5,0.9857
UDC20260028-47.pdf,4,1776,835,-0.0289,-1.3984,1.029,0.0,False,False,False,False,False,0,en,32.2,0.9715
UDC20260028-47.pdf,5,1048,471,-0.0152,-1.0781,1.015,0.0,False,False,False,False,False,0,en,22.3,0.9849
UDC20260028-47.pdf,6,1125,331,-0.0264,-0.9062,1.027,0.0,False,False,False,False,False,0,en,16.9,0.9739
UDC20260028-47.pdf,7,794,240,-0.0309,-1.5156,1.031,0.0,False,False,False,False,False,0,en,13.5,0.9696
UDC20260028-47.pdf,8,0,31,-0.0045,-0.0938,1.005,0.0,True,False,False,False,False,0,en,6.9,0.0
UDC20260028-47.pdf,9,1652,455,-0.0172,-1.375,1.017,0.0,False,False,False,False,False,0,en,20.2,0.9829
UDC20260028-47.pdf,10,1132,329,-0.017,-1.0859,1.017,0.0,False,False,False,False,False,0,en,17.6,0.9832
UDC20260028-47.pdf,11,1306,371,-0.0114,-0.6094,1.011,0.0,False,False,False,False,False,0,en,18.8,0.9887
UDC20260028-47.pdf,12,1370,396,-0.0323,-1.3594,1.033,0.0,False,False,False,False,False,0,en,18.5,0.9682
UDC20260028-47.pdf,13,0,31,-0.0076,-0.1875,1.008,0.0,True,False,False,False,False,0,en,7.5,0.0
UDC20260028-47.pdf,14,0,31,-0.0101,-0.25,1.01,0.0,True,False,False,False,False,0,en,7.3,0.0
UDC20260028-48.pdf,1,41,50,-0.0409,-0.4688,1.042,0.0,False,False,False,False,True,0,en,8.4,0.6719
UDC20260028-48.pdf,2,1696,616,-0.0785,-1.75,1.082,0.0,False,True,False,False,False,0,en,25.4,0.5547
UDC20260028-48.pdf,3,153,78,-0.0212,-0.8281,1.021,0.0,False,True,False,False,False,0,en,9.1,0.5874
UDC20260028-48.pdf,4,648,327,-0.0108,-0.9375,1.011,0.0,False,True,False,False,False,0,en,17.7,0.5936
UDC20260028-48.pdf,5,1884,1142,-0.0095,-0.7812,1.01,0.0,False,True,False,False,False,0,en,41.1,0.5943
UDC20260028-48.pdf,6,204,104,-0.034,-1.0938,1.035,0.0,False,True,False,False,False,0,en,9.6,0.58
UDC20260028-48.pdf,7,930,276,-0.0099,-0.9062,1.01,0.0,False,False,False,False,False,0,en,14.8,0.9902
UDC20260028-48.pdf,8,1649,417,-0.0059,-0.5,1.006,0.0,False,False,False,False,False,0,en,18.7,0.9941
UDC20260028-48.pdf,9,906,268,-0.0243,-1.5625,1.025,0.0,False,False,False,False,False,0,en,14.4,0.976
UDC20260028-48.pdf,10,645,246,-0.0299,-1.4688,1.03,0.0,False,False,False,False,False,0,en,13.7,0.9705
UDC20260028-48.pdf,11,1104,314,-0.01,-0.4844,1.01,0.0,False,False,False,False,False,0,en,15.9,0.99
UDC20260028-48.pdf,12,763,220,-0.0174,-1.1094,1.018,0.0,False,True,False,False,False,0,en,13.1,0.5896
UDC20260028-48.pdf,13,782,245,-0.0279,-0.8438,1.028,0.0,False,False,False,False,False,0,en,13.6,0.9725
UDC20260028-48.pdf,14,1173,323,-0.0214,-0.7969,1.022,0.0,False,False,False,False,False,0,en,17.3,0.9788
UDC20260028-48.pdf,15,277,134,-0.0501,-1.4062,1.051,0.0,False,True,False,False,False,0,en,10.3,0.5707
UDC20260028-48.pdf,16,894,300,-0.0423,-1.7188,1.043,0.0,False,False,False,False,False,0,en,15.1,0.9586
UDC20260028-48.pdf,17,828,243,-0.0072,-0.4844,1.007,0.0,False,True,False,False,False,0,en,13.4,0.5957
UDC20260028-48.pdf,18,1372,369,-0.0069,-1.0469,1.007,0.0,False,False,False,False,False,0,en,17.1,0.9932
UDC20260028-48.pdf,19,0,31,-0.0192,-0.5469,1.019,0.0,True,False,False,False,False,0,en,7.5,0.0
UDC20260028-48.pdf,20,62,64,-0.0178,-0.5312,1.018,0.0,False,True,False,False,False,0,en,8.2,0.5894
UDC20260028-49.pdf,1,96,67,-0.0243,-0.5938,1.025,0.0,False,False,False,False,False,0,en,6.4,0.976
UDC20260028-49.pdf,2,0,31,-0.0297,-0.9062,1.03,0.0,True,False,False,False,False,0,None,5.4,0.0
UDC20260028-49.pdf,3,1254,559,-0.0272,-0.9531,1.028,0.0,False,False,False,False,False,0,en,20.0,0.9732
UDC20260028-49.pdf,4,1169,480,-0.0218,-1.1562,1.022,0.0,False,False,False,False,False,0,en,18.6,0.9784
UDC20260028-49.pdf,5,1626,760,-0.0581,-3.2734,1.06,0.0053,False,False,False,False,False,0,en,27.0,0.9436
UDC20260028-49.pdf,6,951,294,-0.0205,-0.7969,1.021,0.0,False,False,False,False,False,0,en,14.3,0.9797
UDC20260028-49.pdf,7,1199,330,-0.0249,-1.125,1.025,0.0,False,False,False,False,False,0,en,15.0,0.9754
UDC20260028-49.pdf,8,1553,407,-0.0246,-0.875,1.025,0.0,False,False,False,False,False,0,en,17.3,0.9757
UDC20260028-49.pdf,9,1121,300,-0.0339,-1.0,1.034,0.0,False,False,False,False,False,0,en,13.6,0.9667
UDC20260028-49.pdf,10,1068,357,-0.0299,-2.1328,1.03,0.0028,False,False,False,False,False,0,en,15.7,0.9705
UDC20260028-49.pdf,11,1470,435,-0.0114,-0.5156,1.011,0.0,False,False,False,False,False,0,en,18.5,0.9887
UDC20260028-49.pdf,12,1872,503,-0.0132,-1.5781,1.013,0.0,False,False,False,False,False,0,en,20.6,0.9869
UDC20260028-49.pdf,13,1853,506,-0.0142,-0.7031,1.014,0.0,False,False,False,False,False,0,en,20.9,0.9859
UDC20260028-49.pdf,14,1750,495,-0.0111,-1.2656,1.011,0.0,False,False,False,False,False,0,en,22.4,0.989
UDC20260028-49.pdf,15,275,102,-0.0034,-0.2188,1.003,0.0,False,False,False,False,False,0,en,8.6,0.9966
UDC20260028-49.pdf,16,672,168,-0.001,-0.0781,1.001,0.0,False,False,False,False,False,0,en,10.6,0.999
UDC20260028-49.pdf,17,425,136,-0.0167,-0.9531,1.017,0.0,False,False,False,False,False,0,en,9.8,0.9835
UDC20260028-49.pdf,18,510,154,-0.0121,-0.7344,1.012,0.0,False,False,False,False,False,0,en,9.7,0.988
UDC20260028-49.pdf,19,0,31,-0.0141,-0.4375,1.014,0.0,True,False,False,False,False,0,None,6.0,0.0
UDC20260028-49.pdf,20,0,31,-0.004,-0.0781,1.004,0.0,True,False,False,False,False,0,en,5.7,0.0
UDC20260028-5.pdf,1,5,34,-0.0533,-0.6719,1.055,0.0,False,True,False,False,False,90,en,10.2,0.3982
UDC20260028-5.pdf,2,6,37,-0.076,-0.8125,1.079,0.0,False,True,False,False,False,180,en,9.9,0.3893
UDC20260028-5.pdf,3,148,78,-0.0272,-0.5312,1.028,0.0,False,True,False,False,False,0,en,10.7,0.5839
UDC20260028-5.pdf,4,1765,609,-0.0085,-0.7188,1.009,0.0,False,False,False,False,False,0,en,29.2,0.9916
UDC20260028-5.pdf,5,0,31,-0.0192,-0.5156,1.019,0.0,True,False,False,False,False,0,None,10.5,0.0
UDC20260028-5.pdf,6,728,269,-0.0143,-0.7188,1.014,0.0,False,True,False,False,False,0,en,18.3,0.5915
UDC20260028-5.pdf,7,396,339,-0.0342,-1.1719,1.035,0.0,False,True,False,False,False,0,ja,20.9,0.5798
UDC20260028-5.pdf,8,858,657,-0.0282,-0.8594,1.029,0.0,False,True,False,False,False,0,ja,31.6,0.5833
UDC20260028-5.pdf,9,143,69,-0.0312,-1.0469,1.032,0.0,False,False,False,False,True,0,en,11.8,0.9692
UDC20260028-5.pdf,10,466,400,-0.0347,-1.1094,1.035,0.0,False,True,False,False,False,0,ja,22.6,0.5796
UDC20260028-5.pdf,11,202,121,-0.009,-0.4219,1.009,0.0,False,True,False,False,False,0,en,13.6,0.5946
UDC20260028-5.pdf,12,362,182,-0.0244,-1.1719,1.025,0.0,False,True,False,False,False,0,en,15.2,0.5855
UDC20260028-5.pdf,13,919,699,-0.0243,-0.9141,1.025,0.0,False,True,False,False,False,0,ja,31.7,0.5856
UDC20260028-5.pdf,14,177,166,-0.0512,-0.9219,1.052,0.0,False,True,False,False,False,0,ja,14.7,0.5701
UDC20260028-5.pdf,15,133,82,-0.0208,-0.6094,1.021,0.0,False,True,False,False,False,0,en,12.0,0.5877
UDC20260028-5.pdf,16,1080,731,-0.0239,-0.8438,1.024,0.0,False,True,False,False,False,0,ja,32.4,0.5858
UDC20260028-5.pdf,17,116,72,-0.0132,-0.625,1.013,0.0,False,True,False,False,False,0,en,11.7,0.5921
UDC20260028-5.pdf,18,1957,641,-0.0087,-1.1562,1.009,0.0,False,True,False,False,False,0,en,29.6,0.5948
UDC20260028-5.pdf,19,660,544,-0.0266,-1.4141,1.027,0.0,False,True,False,False,False,0,ja,26.5,0.5842
UDC20260028-5.pdf,20,3919,922,-0.0015,-0.4375,1.001,0.0,False,False,False,False,False,0,en,38.1,0.9985
UDC20260028-5.pdf,21,980,724,-0.0168,-0.9531,1.017,0.0,False,True,False,False,False,0,ja,32.1,0.59
UDC20260028-5.pdf,22,3747,808,-0.0043,-0.8906,1.004,0.0,False,False,False,False,False,0,en,34.6,0.9958
UDC20260028-5.pdf,23,989,759,-0.018,-1.1875,1.018,0.0,False,True,False,False,False,0,ja,33.6,0.5893
UDC20260028-5.pdf,24,2843,691,-0.0036,-0.6719,1.004,0.0,False,False,False,False,False,0,en,31.6,0.9964
UDC20260028-5.pdf,25,1280,919,-0.0188,-0.7969,1.019,0.0,False,True,False,False,False,0,ja,39.0,0.5888
UDC20260028-5.pdf,26,2570,624,-0.0072,-0.7344,1.007,0.0,False,False,False,False,False,0,en,29.9,0.9929
UDC20260028-5.pdf,27,1274,902,-0.0151,-1.4062,1.015,0.0,False,True,False,False,False,0,ja,38.8,0.591
UDC20260028-5.pdf,28,3775,861,-0.0033,-0.375,1.003,0.0,False,True,False,False,False,0,en,37.8,0.598
UDC20260028-5.pdf,29,847,619,-0.0196,-0.9688,1.02,0.0,False,True,False,False,False,0,ja,29.6,0.5884
UDC20260028-5.pdf,30,2729,624,-0.0023,-0.5781,1.002,0.0,False,True,False,False,False,0,en,29.5,0.5986
UDC20260028-5.pdf,31,1303,952,-0.0208,-0.7969,1.021,0.0,False,True,False,False,False,0,ja,39.7,0.5876
UDC20260028-5.pdf,32,834,613,-0.0282,-1.8906,1.029,0.0,False,True,False,False,False,0,ja,28.9,0.5833
UDC20260028-5.pdf,33,0,31,-0.006,-0.1094,1.006,0.0,True,False,False,False,False,0,None,10.7,0.0
UDC20260028-50.pdf,1,182,91,-0.0311,-1.2344,1.032,0.0,False,False,False,False,False,0,en,6.9,0.9694
UDC20260028-50.pdf,2,0,31,-0.0192,-0.5469,1.019,0.0,True,False,False,False,False,0,en,5.2,0.0
UDC20260028-50.pdf,3,1254,559,-0.0225,-0.875,1.023,0.0,False,False,False,False,False,0,en,21.7,0.9778
UDC20260028-50.pdf,4,643,211,-0.0249,-1.0312,1.025,0.0,False,False,False,False,False,0,en,11.0,0.9754
UDC20260028-50.pdf,5,1221,354,-0.0261,-1.0781,1.026,0.0,False,False,False,False,False,0,en,15.8,0.9743
UDC20260028-50.pdf,6,695,230,-0.028,-1.6797,1.028,0.0,False,True,False,False,False,0,en,11.7,0.5834
UDC20260028-50.pdf,7,933,300,-0.0203,-0.5,1.02,0.0,False,False,False,False,False,0,en,13.9,0.9799
UDC20260028-50.pdf,8,833,270,-0.0256,-0.8438,1.026,0.0,False,False,False,False,False,0,en,12.9,0.9747
UDC20260028-50.pdf,9,1472,411,-0.0287,-0.9375,1.029,0.0,False,False,False,False,False,0,en,17.5,0.9717
UDC20260028-50.pdf,10,405,126,-0.004,-0.4375,1.004,0.0,False,False,False,False,False,0,en,8.1,0.996
UDC20260028-50.pdf,11,0,31,-0.0277,-0.7969,1.028,0.0,True,False,False,False,False,0,en,5.4,0.0
UDC20260028-50.pdf,12,0,31,-0.0111,-0.2812,1.011,0.0,True,False,False,False,False,0,en,5.0,0.0
UDC20260028-51.pdf,1,562,254,-0.0297,-0.8438,1.03,0.0,False,True,False,False,False,0,ko,15.9,0.5824
UDC20260028-51.pdf,2,926,328,-0.025,-1.0312,1.025,0.0,False,True,False,False,False,0,en,18.4,0.5852
UDC20260028-51.pdf,3,2989,1123,-0.0555,-1.9609,1.057,0.0,False,False,False,False,False,0,en,44.4,0.946
UDC20260028-51.pdf,4,1652,348,-0.0082,-0.75,1.008,0.0,False,True,False,False,False,0,en,20.6,0.5951
UDC20260028-51.pdf,5,1810,684,-0.0293,-1.25,1.03,0.0,False,True,False,False,False,0,ko,33.6,0.5827
UDC20260028-51.pdf,6,461,416,-0.0145,-0.6484,1.015,0.0,False,True,False,False,False,0,ko,25.5,0.5914
UDC20260028-51.pdf,7,920,338,-0.0085,-0.8438,1.009,0.0,False,True,False,False,False,0,en,21.7,0.5949
UDC20260028-51.pdf,8,1145,937,-0.0359,-1.5,1.037,0.0,False,False,False,False,False,0,ko,41.3,0.9648
UDC20260028-51.pdf,9,2315,578,-0.0033,-0.4375,1.003,0.0,False,False,False,False,False,0,en,31.5,0.9967
UDC20260028-51.pdf,10,980,317,-0.0687,-1.2422,1.071,0.0,False,False,False,False,False,0,ko,20.4,0.9336
UDC20260028-51.pdf,11,1281,240,-0.052,-1.2188,1.053,0.0,False,False,False,False,False,0,en,15.3,0.9493
UDC20260028-51.pdf,12,785,384,-0.0647,-1.9844,1.067,0.0,False,True,False,False,False,0,ko,20.0,0.5624
UDC20260028-51.pdf,13,1201,376,-0.0423,-1.5625,1.043,0.0,False,True,False,False,False,0,en,20.6,0.5751
UDC20260028-51.pdf,14,917,325,-0.0446,-0.9453,1.046,0.0,False,True,True,False,False,0,ko,17.8,0.2295
UDC20260028-51.pdf,15,1120,296,-0.0295,-1.8438,1.03,0.0,False,True,False,False,False,0,en,16.8,0.5826
UDC20260028-51.pdf,16,780,334,-0.0568,-1.7031,1.058,0.0,False,True,True,False,False,0,ko,17.9,0.2267
UDC20260028-51.pdf,17,1078,276,-0.0348,-1.3438,1.035,0.0,False,True,False,False,False,0,en,15.8,0.5795
UDC20260028-51.pdf,18,717,260,-0.0698,-1.2969,1.072,0.0,False,True,True,False,False,0,ko,16.3,0.2238
UDC20260028-51.pdf,19,895,204,-0.0522,-1.2188,1.054,0.0,False,True,False,False,False,0,en,15.0,0.5695
UDC20260028-51.pdf,20,801,349,-0.0201,-1.4531,1.02,0.0,False,True,False,False,False,0,ko,19.8,0.5881
UDC20260028-51.pdf,21,3490,1258,-0.0244,-1.7109,1.025,0.0,False,False,False,False,False,0,ko,48.7,0.9759
UDC20260028-51.pdf,22,3149,1413,-0.0493,-2.3125,1.05,0.0007,False,True,False,False,False,0,ko,53.0,0.5712
UDC20260028-51.pdf,23,3138,974,-0.0214,-1.7734,1.022,0.0,False,False,False,False,False,0,en,39.3,0.9789
UDC20260028-51.pdf,24,2843,971,-0.047,-1.5938,1.048,0.0,False,True,False,False,False,0,en,37.3,0.5724
UDC20260028-51.pdf,25,4066,1398,-0.0332,-1.7969,1.034,0.0,False,True,False,False,False,0,en,48.5,0.5804
UDC20260028-51.pdf,26,3576,1427,-0.043,-2.2266,1.044,0.0014,False,True,False,False,False,0,en,49.5,0.5748
UDC20260028-51.pdf,27,4026,1391,-0.0244,-1.1797,1.025,0.0,False,True,False,False,False,0,en,48.7,0.5856
UDC20260028-51.pdf,28,3199,1866,-0.1023,-3.0938,1.108,0.0027,False,True,False,False,False,0,en,63.1,0.5417
UDC20260028-51.pdf,29,4012,1306,-0.026,-1.8984,1.026,0.0,False,True,False,False,False,0,en,45.3,0.5846
UDC20260028-51.pdf,30,3598,1392,-0.0442,-1.5078,1.045,0.0,False,True,False,False,False,0,en,49.4,0.574
UDC20260028-51.pdf,31,3749,1273,-0.0286,-1.6875,1.029,0.0,False,True,False,False,False,0,en,46.4,0.5831
UDC20260028-51.pdf,32,2496,587,-0.0087,-0.9219,1.009,0.0,False,True,False,False,False,0,en,25.2,0.5948
UDC20260028-51.pdf,33,3662,1468,-0.048,-2.1953,1.049,0.0014,False,True,False,False,False,0,en,51.1,0.5719
UDC20260028-51.pdf,34,3095,716,-0.0038,-0.6719,1.004,0.0,False,True,False,False,False,0,en,29.7,0.5977
UDC20260028-51.pdf,35,3727,1455,-0.0416,-2.5703,1.042,0.0014,False,True,False,False,False,0,en,50.7,0.5755
UDC20260028-51.pdf,36,3303,1222,-0.0334,-1.8203,1.034,0.0,False,True,False,False,False,0,en,43.9,0.5803
UDC20260028-51.pdf,37,2771,643,-0.0062,-0.5156,1.006,0.0,False,False,False,False,False,0,en,26.5,0.9938
UDC20260028-51.pdf,38,3458,1586,-0.0716,-2.4297,1.074,0.0013,False,True,False,False,False,0,en,56.0,0.5585
UDC20260028-51.pdf,39,1799,420,-0.0077,-0.9219,1.008,0.0,False,True,False,False,False,0,en,20.2,0.5954
UDC20260028-51.pdf,40,4262,1196,-0.0244,-1.5,1.025,0.0,False,True,False,False,False,0,en,43.2,0.5855
UDC20260028-51.pdf,41,992,251,-0.0087,-0.7344,1.009,0.0,False,True,False,False,False,0,en,14.9,0.5948
UDC20260028-51.pdf,42,4428,1164,-0.0205,-1.7344,1.021,0.0,False,False,False,False,False,0,en,42.4,0.9797
UDC20260028-51.pdf,43,2421,615,-0.0059,-0.5781,1.006,0.0,False,True,False,False,False,0,en,25.9,0.5965
UDC20260028-51.pdf,44,1744,407,-0.0025,-0.4219,1.002,0.0,False,False,False,False,False,0,en,19.8,0.9975
UDC20260028-51.pdf,45,3391,1422,-0.047,-1.5938,1.048,0.0,False,True,False,False,False,0,ko,51.6,0.5725
UDC20260028-51.pdf,46,3236,875,-0.0193,-1.8672,1.019,0.0,False,True,False,False,False,0,en,38.2,0.5885
UDC20260028-51.pdf,47,1779,548,-0.0154,-1.0234,1.015,0.0,False,False,False,False,False,0,en,27.7,0.9847
UDC20260028-51.pdf,48,1045,413,-0.0234,-2.4609,1.024,0.0024,False,False,False,False,False,0,ko,23.1,0.9768
UDC20260028-51.pdf,49,1298,809,-0.0373,-1.1953,1.038,0.0,False,True,False,False,False,0,ko,36.1,0.578
UDC20260028-51.pdf,50,5288,1214,-0.0033,-0.625,1.003,0.0,False,False,False,False,False,0,en,50.9,0.9967
UDC20260028-51.pdf,51,2866,990,-0.023,-1.7891,1.023,0.0,False,True,False,False,False,0,en,43.4,0.5864
UDC20260028-51.pdf,52,2625,954,-0.0306,-1.2891,1.031,0.0,False,False,False,False,False,0,en,37.9,0.9699
UDC20260028-51.pdf,53,2027,495,-0.0067,-0.7344,1.007,0.0,False,False,False,False,False,0,en,21.7,0.9934
UDC20260028-51.pdf,54,37,45,-0.0191,-0.5625,1.019,0.0,False,True,False,False,False,0,en,9.0,0.4121
UDC20260028-51.pdf,55,441,326,-0.0535,-1.4219,1.055,0.0,False,False,False,False,False,0,ko,17.0,0.9479
UDC20260028-51.pdf,56,54,79,-0.0627,-0.7344,1.065,0.0,False,True,False,False,False,0,ko,10.3,0.5635
UDC20260028-52.pdf,1,53,55,-0.0321,-0.5156,1.033,0.0,False,True,False,False,True,0,zh,8.9,0.581
UDC20260028-52.pdf,2,541,257,-0.0128,-0.6875,1.013,0.0,False,True,False,False,False,0,en,14.2,0.5924
UDC20260028-52.pdf,3,3619,1071,-0.0374,-3.1328,1.038,0.0019,False,True,False,False,False,0,en,39.6,0.578
UDC20260028-52.pdf,4,750,173,-0.0138,-1.3125,1.014,0.0,False,True,False,False,False,0,en,12.2,0.5918
UDC20260028-52.pdf,5,653,257,-0.0485,-2.0234,1.05,0.0039,False,True,False,False,False,0,en,14.9,0.5716
UDC20260028-52.pdf,6,3462,809,-0.0025,-0.3594,1.002,0.0,False,False,False,False,False,0,en,32.9,0.9976
UDC20260028-52.pdf,7,991,817,-0.0168,-1.3594,1.017,0.0,False,True,False,False,False,0,zh,33.7,0.59
UDC20260028-52.pdf,8,3784,830,-0.0042,-0.7812,1.004,0.0,False,False,False,False,False,0,en,31.2,0.9958
UDC20260028-52.pdf,9,1117,955,-0.0254,-1.9219,1.026,0.0,False,True,False,False,False,0,zh,35.3,0.585
UDC20260028-52.pdf,10,3344,1006,-0.0133,-0.875,1.013,0.0,False,True,False,False,False,0,en,37.0,0.5921
UDC20260028-52.pdf,11,1047,883,-0.0673,-2.0625,1.07,0.0023,False,True,False,False,False,0,zh,32.9,0.561
UDC20260028-52.pdf,12,1112,256,-0.0117,-0.7969,1.012,0.0,False,True,False,False,False,0,en,14.4,0.593
UDC20260028-52.pdf,13,4897,1186,-0.0083,-1.7656,1.008,0.0,False,False,False,False,False,0,en,42.2,0.9917
UDC20260028-52.pdf,14,5870,1350,-0.0038,-0.625,1.004,0.0,False,True,False,False,False,0,en,47.9,0.5977
UDC20260028-52.pdf,15,5921,1391,-0.0058,-1.25,1.006,0.0,False,True,False,False,False,0,en,48.9,0.5965
UDC20260028-52.pdf,16,4671,1421,-0.0173,-1.0703,1.017,0.0,False,True,False,False,False,0,en,49.4,0.5897
UDC20260028-52.pdf,17,1822,1532,-0.0371,-2.8047,1.038,0.0007,False,True,False,False,False,0,zh,52.8,0.5782
UDC20260028-52.pdf,18,1926,1636,-0.0308,-1.9141,1.031,0.0,False,True,False,False,False,0,zh,56.0,0.5818
UDC20260028-52.pdf,19,1205,1034,-0.0269,-1.0625,1.027,0.0,False,True,False,False,False,0,zh,37.5,0.5841
UDC20260028-52.pdf,20,1842,610,-0.0257,-1.1797,1.026,0.0,False,True,False,False,False,0,en,25.1,0.5848
UDC20260028-52.pdf,21,6126,2088,-0.0263,-1.6172,1.027,0.0,False,True,False,False,False,0,en,69.4,0.5844
UDC20260028-52.pdf,22,2369,1482,-0.0243,-1.6875,1.025,0.0,False,True,False,False,False,0,zh,51.3,0.5856
UDC20260028-52.pdf,23,4279,1212,-0.0164,-0.875,1.017,0.0,False,True,False,False,False,0,en,45.9,0.5903
UDC20260028-52.pdf,24,5202,1270,-0.0072,-1.1953,1.007,0.0,False,False,False,False,False,0,en,48.9,0.9928
UDC20260028-52.pdf,25,1515,1305,-0.0443,-2.2891,1.045,0.0015,False,True,False,False,False,0,zh,50.2,0.574
UDC20260028-52.pdf,26,1357,1165,-0.0323,-1.4062,1.033,0.0,False,True,False,False,False,0,zh,45.2,0.5809
UDC20260028-52.pdf,27,2075,516,-0.0045,-0.5156,1.004,0.0,False,True,False,False,False,0,en,23.9,0.5973
UDC20260028-52.pdf,28,6424,1430,-0.0042,-0.9531,1.004,0.0,False,False,False,False,False,0,en,53.4,0.9958
UDC20260028-52.pdf,29,1858,1421,-0.0334,-1.6953,1.034,0.0,False,True,False,False,False,0,zh,52.5,0.5803
UDC20260028-52.pdf,30,2693,606,-0.0081,-0.9609,1.008,0.0,False,True,False,False,False,0,en,26.3,0.5951
UDC20260028-52.pdf,31,4994,1120,-0.0042,-0.75,1.004,0.0,False,True,False,False,False,0,en,42.3,0.5975
UDC20260028-52.pdf,32,3004,1017,-0.0241,-1.6953,1.024,0.0,False,True,False,False,False,0,en,38.9,0.5857
UDC20260028-52.pdf,33,1664,1286,-0.0307,-2.0,1.031,0.0,False,True,False,False,False,0,zh,47.3,0.5819
UDC20260028-52.pdf,34,3079,1464,-0.0082,-0.9844,1.008,0.0,False,True,False,False,False,0,en,52.5,0.5951
UDC20260028-52.pdf,35,2799,1336,-0.0347,-1.9922,1.035,0.0,False,True,False,False,False,0,en,48.8,0.5795
UDC20260028-52.pdf,36,1683,600,-0.0159,-1.375,1.016,0.0,False,True,False,False,False,0,en,25.5,0.5905
UDC20260028-52.pdf,37,578,522,-0.0463,-1.8594,1.047,0.0,False,True,False,False,False,0,zh,23.3,0.5728
UDC20260028-52.pdf,38,2921,763,-0.0068,-0.8438,1.007,0.0,False,True,False,False,False,0,en,30.9,0.5959
UDC20260028-52.pdf,39,691,635,-0.0204,-1.4688,1.021,0.0,False,True,False,False,False,0,zh,27.3,0.5879
UDC20260028-52.pdf,40,33,38,-0.035,-0.5,1.036,0.0,False,True,False,False,False,0,en,8.9,0.4056
UDC20260028-53.pdf,1,114,71,-0.0264,-0.7969,1.027,0.0,False,False,False,False,False,0,en,6.6,0.9739
UDC20260028-53.pdf,2,0,31,-0.0045,-0.0781,1.005,0.0,True,False,False,False,False,0,en,5.4,0.0
UDC20260028-53.pdf,3,1268,562,-0.0192,-0.9062,1.019,0.0,False,False,False,False,False,0,en,21.8,0.981
UDC20260028-53.pdf,4,1079,464,-0.0145,-0.8438,1.015,0.0,False,False,False,False,False,0,en,19.2,0.9856
UDC20260028-53.pdf,5,1590,753,-0.0773,-3.0547,1.08,0.0013,False,False,False,False,False,0,en,28.3,0.9257
UDC20260028-53.pdf,6,474,193,-0.0695,-1.2344,1.072,0.0,False,False,False,False,False,0,en,10.3,0.9329
UDC20260028-53.pdf,7,1352,377,-0.0327,-0.7969,1.033,0.0,False,False,False,False,False,0,en,16.6,0.9678
UDC20260028-53.pdf,8,381,164,-0.0268,-0.5625,1.027,0.0,False,False,False,False,False,0,en,9.2,0.9736
UDC20260028-53.pdf,9,1162,354,-0.0302,-1.0156,1.031,0.0,False,False,False,False,False,0,en,15.4,0.9702
UDC20260028-53.pdf,10,388,117,-0.0084,-0.3906,1.008,0.0,False,False,False,False,False,0,en,7.8,0.9916
UDC20260028-53.pdf,11,1517,410,-0.053,-1.2109,1.054,0.0,False,False,False,False,False,0,en,17.5,0.9484
UDC20260028-53.pdf,12,1245,388,-0.0452,-2.0312,1.046,0.0026,False,False,False,False,False,0,en,16.9,0.9558
UDC20260028-53.pdf,13,1315,383,-0.0222,-0.75,1.022,0.0,False,False,False,False,False,0,en,16.7,0.9781
UDC20260028-53.pdf,14,548,176,-0.0091,-0.5625,1.009,0.0,False,False,False,False,False,0,en,10.0,0.991
UDC20260028-53.pdf,15,0,31,-0.003,-0.0469,1.003,0.0,True,False,False,False,False,0,en,5.4,0.0
UDC20260028-53.pdf,16,0,31,-0.0131,-0.3438,1.013,0.0,True,False,False,False,False,0,en,5.3,0.0
UDC20260028-54.pdf,1,1200,485,-0.0326,-1.125,1.033,0.0,False,False,False,False,False,0,en,22.0,0.968
UDC20260028-54.pdf,2,764,248,-0.0158,-1.125,1.016,0.0,False,False,False,False,False,0,en,14.2,0.9843
UDC20260028-54.pdf,3,800,258,-0.0231,-1.2344,1.023,0.0,False,False,False,False,False,0,en,14.9,0.9771
UDC20260028-54.pdf,4,1206,469,-0.0123,-0.7188,1.012,0.0,False,False,False,False,False,0,en,21.8,0.9878
UDC20260028-55.pdf,1,98,62,-0.0227,-0.8281,1.023,0.0,False,False,False,False,False,0,en,8.6,0.9776
UDC20260028-55.pdf,2,473,175,-0.0267,-0.7812,1.027,0.0,False,False,False,False,False,0,en,11.9,0.9737
UDC20260028-55.pdf,3,130,76,-0.0329,-0.6562,1.033,0.0,False,False,False,False,False,0,en,8.8,0.9676
UDC20260028-55.pdf,4,1346,622,-0.0174,-0.9688,1.018,0.0,False,False,False,False,False,0,en,26.8,0.9827
UDC20260028-55.pdf,5,928,250,-0.0436,-0.9375,1.045,0.0,False,False,False,False,False,0,en,14.7,0.9574
UDC20260028-55.pdf,6,2361,1075,-0.0569,-1.8281,1.059,0.0,False,True,False,False,False,0,en,42.3,0.5668
UDC20260028-55.pdf,7,686,225,-0.0377,-1.0625,1.038,0.0,False,False,False,False,False,0,en,13.7,0.963
UDC20260028-55.pdf,8,280,132,-0.0442,-0.75,1.045,0.0,False,False,False,False,True,0,en,10.7,0.9568
UDC20260028-55.pdf,9,2006,547,-0.1077,-2.8828,1.114,0.0055,False,False,False,False,False,0,en,24.5,0.8979
UDC20260028-55.pdf,10,575,174,-0.0127,-0.5469,1.013,0.0,False,False,False,False,False,0,en,12.1,0.9874
UDC20260028-55.pdf,11,2222,766,-0.161,-2.8047,1.175,0.0117,False,False,False,False,False,0,en,31.8,0.8513
UDC20260028-55.pdf,12,777,238,-0.0826,-1.9062,1.086,0.0,False,False,False,False,False,0,en,14.5,0.9207
UDC20260028-55.pdf,13,2024,596,-0.0425,-1.6406,1.043,0.0,False,False,False,False,False,0,en,26.2,0.9584
UDC20260028-55.pdf,14,2096,518,-0.0116,-1.3906,1.012,0.0,False,False,False,False,False,0,en,21.3,0.9885
UDC20260028-55.pdf,15,2500,718,-0.0521,-1.6406,1.054,0.0,False,False,False,False,False,0,en,27.2,0.9492
UDC20260028-55.pdf,16,476,173,-0.0226,-0.9844,1.023,0.0,False,True,False,False,False,0,en,11.5,0.5866
UDC20260028-56.pdf,1,81,72,-0.0122,-0.6094,1.012,0.0,False,True,False,False,False,0,fr,9.0,0.5928
UDC20260028-56.pdf,2,0,31,-0.0015,-0.0312,1.002,0.0,True,False,False,False,False,0,en,7.6,0.0
UDC20260028-56.pdf,3,839,366,-0.0155,-0.75,1.016,0.0,False,False,False,False,False,0,fr,17.0,0.9846
UDC20260028-56.pdf,4,14,36,-0.0156,-0.5625,1.016,0.0,False,True,False,False,False,0,en,7.6,0.4135
UDC20260028-56.pdf,5,1945,582,-0.0055,-0.7969,1.006,0.0,False,False,False,False,False,0,fr,23.7,0.9945
UDC20260028-56.pdf,6,57,49,-0.0083,-0.3594,1.008,0.0,False,False,False,False,False,0,fr,8.1,0.9917
UDC20260028-56.pdf,7,1063,394,-0.0075,-0.3906,1.008,0.0,False,False,False,False,False,0,fr,18.1,0.9925
UDC20260028-56.pdf,8,805,302,-0.0663,-1.8203,1.069,0.0,False,True,False,False,False,0,fr,16.1,0.5615
UDC20260028-56.pdf,9,1338,449,-0.0095,-0.7812,1.01,0.0,False,False,False,False,False,0,fr,20.0,0.9905
UDC20260028-56.pdf,10,1380,469,-0.0159,-0.9375,1.016,0.0,False,False,False,False,False,0,fr,21.0,0.9842
UDC20260028-56.pdf,11,1054,361,-0.0773,-2.1719,1.08,0.0028,False,False,False,False,False,0,fr,17.6,0.9256
UDC20260028-56.pdf,12,470,180,-0.0324,-0.7812,1.033,0.0,False,False,False,False,False,0,fr,12.2,0.9681
UDC20260028-56.pdf,13,596,255,-0.0651,-1.25,1.067,0.0,False,False,False,False,False,0,fr,14.1,0.9369
UDC20260028-56.pdf,14,669,225,-0.0055,-0.4531,1.006,0.0,False,False,False,False,False,0,fr,13.5,0.9945
UDC20260028-56.pdf,15,2828,855,-0.005,-0.75,1.005,0.0,False,False,False,False,False,0,fr,32.6,0.995
UDC20260028-56.pdf,16,2989,907,-0.0092,-1.0781,1.009,0.0,False,False,False,False,False,0,fr,33.8,0.9909
UDC20260028-56.pdf,17,2888,834,-0.0103,-0.8438,1.01,0.0,False,False,False,False,False,0,fr,31.1,0.9898
UDC20260028-56.pdf,18,1726,516,-0.0084,-0.5938,1.008,0.0,False,False,False,False,False,0,fr,21.6,0.9916
UDC20260028-56.pdf,19,0,31,-0.0025,-0.0312,1.003,0.0,True,False,False,False,False,0,en,7.3,0.0
UDC20260028-56.pdf,20,0,31,-0.0015,-0.0312,1.002,0.0,True,False,False,False,False,0,en,7.7,0.0
UDC20260028-57.pdf,1,84,62,-0.0111,-0.375,1.011,0.0,False,False,False,False,False,0,en,6.6,0.989
UDC20260028-57.pdf,2,0,31,-0.006,-0.1406,1.006,0.0,True,False,False,False,False,0,en,5.5,0.0
UDC20260028-57.pdf,3,1201,462,-0.034,-1.0781,1.035,0.0,False,False,False,False,False,0,en,17.7,0.9666
UDC20260028-57.pdf,4,792,356,-0.0194,-1.2656,1.02,0.0,False,True,False,False,False,0,en,14.6,0.5885
UDC20260028-57.pdf,5,1560,744,-0.0899,-1.9219,1.094,0.0,False,False,False,False,False,0,en,26.4,0.914
UDC20260028-57.pdf,6,385,144,-0.0459,-0.9531,1.047,0.0,False,False,False,False,False,0,en,8.5,0.9551
UDC20260028-57.pdf,7,1504,545,-0.0515,-2.1953,1.053,0.0018,False,False,False,False,False,0,en,20.3,0.9498
UDC20260028-57.pdf,8,1558,599,-0.0323,-1.1094,1.033,0.0,False,False,False,False,False,0,la,22.0,0.9682
UDC20260028-57.pdf,9,423,153,-0.0178,-0.75,1.018,0.0,False,False,False,False,False,0,en,8.9,0.9824
UDC20260028-57.pdf,10,552,176,-0.0237,-1.2969,1.024,0.0,False,False,False,False,False,0,en,9.5,0.9766
UDC20260028-57.pdf,11,0,31,-0.0025,-0.0469,1.003,0.0,True,False,False,False,False,0,en,5.7,0.0
UDC20260028-57.pdf,12,0,31,-0.002,-0.0312,1.002,0.0,True,False,False,False,False,0,en,5.6,0.0
UDC20260028-58.pdf,1,137,77,-0.026,-0.7031,1.026,0.0,False,False,False,False,False,0,en,8.3,0.9744
UDC20260028-58.pdf,2,315,122,-0.0482,-1.1875,1.049,0.0,False,False,False,False,False,0,en,9.6,0.953
UDC20260028-58.pdf,3,315,148,-0.0232,-0.7344,1.023,0.0,False,False,False,False,False,0,en,10.2,0.977
UDC20260028-58.pdf,4,0,31,-0.0025,-0.0469,1.003,0.0,True,False,False,False,False,0,en,7.3,0.0
UDC20260028-58.pdf,5,1012,484,-0.0147,-0.6719,1.015,0.0,False,False,False,False,False,0,en,19.8,0.9855
UDC20260028-58.pdf,6,1061,462,-0.0623,-2.0,1.064,0.0,False,False,False,False,False,0,en,19.6,0.9396
UDC20260028-58.pdf,7,5576,2632,-0.0339,-2.2344,1.034,0.0008,False,True,False,True,False,0,en,85.2,0.58
UDC20260028-58.pdf,8,805,259,-0.0204,-0.8125,1.021,0.0,False,False,False,False,True,0,en,14.2,0.9798
UDC20260028-58.pdf,9,1251,339,-0.0155,-0.9688,1.016,0.0,False,True,False,False,False,0,en,16.1,0.5908
UDC20260028-58.pdf,10,304,128,-0.0353,-1.0312,1.036,0.0,False,False,False,False,False,0,en,10.0,0.9653
UDC20260028-58.pdf,11,774,310,-0.0447,-2.7188,1.046,0.0032,False,False,False,False,False,0,en,15.2,0.9563
UDC20260028-58.pdf,12,0,31,-0.0045,-0.0938,1.005,0.0,True,False,False,False,False,0,en,7.0,0.0
UDC20260028-58.pdf,13,3291,759,-0.0019,-0.1719,1.002,0.0,False,False,False,False,False,0,en,28.3,0.9981
UDC20260028-58.pdf,14,1132,330,-0.0232,-1.125,1.023,0.0,False,False,False,False,False,0,en,15.9,0.9771
UDC20260028-58.pdf,15,1655,440,-0.0036,-0.3906,1.004,0.0,False,False,False,False,False,0,en,18.9,0.9964
UDC20260028-58.pdf,16,1020,309,-0.0117,-0.6406,1.012,0.0,False,False,False,False,False,0,en,15.4,0.9883
UDC20260028-58.pdf,17,849,245,-0.0013,-0.1094,1.001,0.0,False,False,False,False,False,0,en,13.1,0.9987
UDC20260028-58.pdf,18,362,147,-0.0422,-0.7031,1.043,0.0,False,True,False,False,True,0,en,10.6,0.5752
UDC20260028-58.pdf,19,2305,561,-0.0219,-1.4062,1.022,0.0,False,False,False,False,False,0,en,22.6,0.9783
UDC20260028-58.pdf,20,1198,346,-0.0132,-0.875,1.013,0.0,False,False,False,False,False,0,en,16.4,0.9869
UDC20260028-58.pdf,21,0,31,-0.0025,-0.0469,1.003,0.0,True,False,False,False,False,0,en,7.2,0.0
UDC20260028-58.pdf,22,302,123,-0.0185,-0.4531,1.019,0.0,False,False,False,False,False,0,en,9.9,0.9816
UDC20260028-59.pdf,1,143,82,-0.0425,-0.7344,1.043,0.0,False,False,False,False,False,0,en,9.0,0.9584
UDC20260028-59.pdf,2,315,118,-0.0289,-0.8125,1.029,0.0,False,False,False,False,False,0,en,9.7,0.9715
UDC20260028-59.pdf,3,292,132,-0.0234,-0.7188,1.024,0.0,False,False,False,False,False,0,en,9.8,0.9768
UDC20260028-59.pdf,4,1256,442,-0.042,-1.5781,1.043,0.0,False,True,False,False,False,0,en,19.2,0.5753
UDC20260028-59.pdf,5,1089,486,-0.022,-2.0781,1.022,0.0021,False,False,False,False,False,0,en,20.7,0.9783
UDC20260028-59.pdf,6,4786,2240,-0.0439,-2.6719,1.045,0.0022,False,False,False,True,False,0,en,73.9,0.9571
UDC20260028-59.pdf,7,692,225,-0.0523,-1.5,1.054,0.0,False,True,False,False,False,0,en,12.6,0.5694
UDC20260028-59.pdf,8,739,253,-0.025,-0.8438,1.025,0.0,False,False,False,False,True,0,en,13.5,0.9754
UDC20260028-59.pdf,9,1347,388,-0.0284,-1.0703,1.029,0.0,False,True,False,False,False,0,en,17.3,0.5832
UDC20260028-59.pdf,10,1721,489,-0.0348,-1.4844,1.035,0.0,False,False,False,False,False,0,en,20.3,0.9658
UDC20260028-59.pdf,11,1791,496,-0.0188,-1.4844,1.019,0.0,False,False,False,False,False,0,en,20.6,0.9814
UDC20260028-59.pdf,12,1084,314,-0.0195,-0.9375,1.02,0.0,False,False,False,False,False,0,en,15.1,0.9807
UDC20260028-59.pdf,13,1536,439,-0.0266,-0.8125,1.027,0.0,False,False,False,False,False,0,en,18.8,0.9738
UDC20260028-59.pdf,14,1621,445,-0.0171,-0.6562,1.017,0.0,False,False,False,False,False,0,en,19.1,0.983
UDC20260028-59.pdf,15,1851,533,-0.0277,-0.7188,1.028,0.0,False,False,False,False,False,0,en,21.6,0.9727
UDC20260028-59.pdf,16,270,121,-0.0509,-1.1406,1.052,0.0,False,False,False,False,True,0,en,9.7,0.9504
UDC20260028-59.pdf,17,1637,456,-0.0289,-1.375,1.029,0.0,False,False,False,False,False,0,en,19.5,0.9715
UDC20260028-59.pdf,18,1626,444,-0.0308,-1.1406,1.031,0.0,False,False,False,False,False,0,en,19.2,0.9696
UDC20260028-59.pdf,19,849,257,-0.0137,-1.3438,1.014,0.0,False,False,False,False,False,0,en,13.9,0.9864
UDC20260028-59.pdf,20,302,123,-0.0144,-0.3906,1.014,0.0,False,False,False,False,False,0,en,9.9,0.9857
UDC20260028-6.pdf,1,32336,8193,-0.0024,-1.3125,1.002,0.0,False,False,True,False,False,0,en,261.9,0.3991
UDC20260028-6.pdf,2,7012,1943,-0.174,-3.2578,1.19,0.0165,False,False,False,False,False,0,en,63.6,0.8403
UDC20260028-60.pdf,1,163,85,-0.0522,-0.8125,1.054,0.0,False,True,False,False,False,0,en,8.8,0.5695
UDC20260028-60.pdf,2,316,122,-0.0373,-1.1875,1.038,0.0,False,False,False,False,False,0,en,9.7,0.9634
UDC20260028-60.pdf,3,352,162,-0.023,-0.6094,1.023,0.0,False,False,False,False,False,0,en,10.5,0.9773
UDC20260028-60.pdf,4,1446,553,-0.0382,-1.25,1.039,0.0,False,True,False,False,False,0,en,22.1,0.5775
UDC20260028-60.pdf,5,986,462,-0.0139,-1.3281,1.014,0.0,False,True,False,False,False,0,en,19.4,0.5917
UDC20260028-60.pdf,6,2468,1204,-0.0531,-2.25,1.055,0.0025,False,False,False,False,False,0,en,41.5,0.9482
UDC20260028-60.pdf,7,1594,426,-0.0261,-1.3906,1.026,0.0,False,False,False,False,False,0,en,19.1,0.9742
UDC20260028-60.pdf,8,999,286,-0.013,-0.625,1.013,0.0,False,False,False,False,False,0,en,14.8,0.9871
UDC20260028-60.pdf,9,1364,381,-0.0182,-1.0,1.018,0.0,False,False,False,False,False,0,en,17.4,0.982
UDC20260028-60.pdf,10,1157,370,-0.0264,-0.75,1.027,0.0,False,False,False,False,False,0,en,17.6,0.974
UDC20260028-60.pdf,11,1885,509,-0.0404,-2.8828,1.041,0.002,False,False,False,False,False,0,en,21.1,0.9605
UDC20260028-60.pdf,12,1344,389,-0.0139,-0.7031,1.014,0.0,False,False,False,False,False,0,en,17.9,0.9862
UDC20260028-60.pdf,13,1586,428,-0.0161,-0.8906,1.016,0.0,False,False,False,False,False,0,en,18.9,0.9841
UDC20260028-60.pdf,14,159,107,-0.0206,-0.5781,1.021,0.0,False,False,False,False,False,0,en,9.3,0.9796
UDC20260028-60.pdf,15,1069,301,-0.0338,-1.1406,1.034,0.0,False,False,False,False,False,0,en,15.6,0.9667
UDC20260028-60.pdf,16,362,149,-0.0578,-1.3906,1.059,0.0,False,True,False,False,True,0,en,10.7,0.5663
UDC20260028-60.pdf,17,1581,440,-0.0185,-1.875,1.019,0.0,False,False,False,False,False,0,en,20.1,0.9816
UDC20260028-60.pdf,18,1403,373,-0.0263,-1.1562,1.027,0.0,False,False,False,False,False,0,en,17.2,0.9741
UDC20260028-60.pdf,19,1026,364,-0.0304,-1.2734,1.031,0.0,False,True,False,False,False,0,en,16.9,0.5821
UDC20260028-60.pdf,20,169,80,-0.0184,-0.5625,1.019,0.0,False,False,False,False,False,0,en,8.8,0.9818
UDC20260028-61.pdf,1,106,64,-0.0391,-1.1875,1.04,0.0,False,True,False,False,False,0,en,8.4,0.577
UDC20260028-61.pdf,2,0,31,-0.002,-0.0312,1.002,0.0,True,False,False,False,False,0,en,6.8,0.0
UDC20260028-61.pdf,3,0,31,-0.0015,-0.0312,1.002,0.0,True,False,False,False,False,0,en,6.5,0.0
UDC20260028-61.pdf,4,258,121,-0.0138,-0.4844,1.014,0.0,False,True,False,False,True,0,en,9.2,0.5918
UDC20260028-61.pdf,5,136,83,-0.0305,-0.9375,1.031,0.0,False,True,False,False,False,0,en,8.3,0.582
UDC20260028-61.pdf,6,16352,8193,-0.0016,-0.875,1.002,0.0,False,True,True,False,False,0,en,255.8,0.2396
UDC20260028-61.pdf,7,1420,595,-0.0191,-1.5938,1.019,0.0,False,True,False,False,False,0,en,22.5,0.5886
UDC20260028-61.pdf,8,1890,414,-0.0062,-0.9219,1.006,0.0,False,True,False,False,False,0,en,17.5,0.5963
UDC20260028-61.pdf,9,1982,559,-0.0683,-2.4141,1.071,0.0018,False,True,False,False,False,0,en,21.5,0.5604
UDC20260028-61.pdf,10,1814,589,-0.0532,-2.0938,1.055,0.0017,False,False,False,False,False,0,en,22.8,0.9482
UDC20260028-61.pdf,11,1457,426,-0.0596,-1.8359,1.061,0.0,False,True,False,False,False,0,en,17.8,0.5653
UDC20260028-61.pdf,12,1524,505,-0.0584,-1.5781,1.06,0.0,False,True,False,False,False,0,en,20.9,0.5659
UDC20260028-61.pdf,13,750,289,-0.062,-2.0312,1.064,0.0035,False,True,False,False,False,0,en,14.1,0.5639
UDC20260028-61.pdf,14,1839,564,-0.0402,-1.4219,1.041,0.0,False,False,False,False,False,0,en,22.3,0.9606
UDC20260028-61.pdf,15,87,59,-0.0143,-0.4688,1.014,0.0,False,True,False,False,False,0,en,7.5,0.5915
UDC20260028-61.pdf,16,0,31,-0.002,-0.0469,1.002,0.0,True,False,False,False,False,0,en,6.8,0.0
UDC20260028-61.pdf,17,2333,569,-0.0037,-0.625,1.004,0.0,False,False,False,False,False,0,en,22.6,0.9963
UDC20260028-61.pdf,18,16362,8193,-0.0014,-0.5938,1.001,0.0,False,True,True,False,False,0,en,258.4,0.2397
UDC20260028-61.pdf,19,2103,588,-0.016,-1.6172,1.016,0.0,False,False,False,False,False,0,en,22.4,0.9841
UDC20260028-61.pdf,20,2709,707,-0.009,-2.1797,1.009,0.0014,False,True,False,False,False,0,en,26.0,0.5946
UDC20260028-61.pdf,21,64,45,-0.0149,-0.5,1.015,0.0,False,True,False,False,True,0,en,7.2,0.5911
UDC20260028-61.pdf,22,0,31,-0.0015,-0.0312,1.002,0.0,True,False,False,False,False,0,en,6.8,0.0
UDC20260028-61.pdf,23,1628,450,-0.0069,-0.8594,1.007,0.0,False,False,False,False,False,0,en,18.4,0.9931
UDC20260028-61.pdf,24,1528,434,-0.0025,-0.2344,1.002,0.0,False,False,False,False,False,0,en,18.7,0.9975
UDC20260028-61.pdf,25,1547,464,-0.0159,-0.75,1.016,0.0,False,True,False,False,False,0,en,19.2,0.5906
UDC20260028-61.pdf,26,16788,8193,-0.0024,-0.8906,1.002,0.0,False,True,True,False,False,0,en,258.2,0.2394
UDC20260028-61.pdf,27,2836,708,-0.005,-0.6562,1.005,0.0,False,True,False,False,False,0,en,26.5,0.597
UDC20260028-61.pdf,28,1839,482,-0.0058,-0.7812,1.006,0.0,False,False,False,False,False,0,en,19.8,0.9942
UDC20260028-61.pdf,29,16349,8193,-0.0024,-0.7344,1.002,0.0,False,True,True,False,False,0,en,254.3,0.2394
UDC20260028-61.pdf,30,3249,739,-0.0049,-0.7344,1.005,0.0,False,False,False,False,False,0,en,27.7,0.9951
UDC20260028-61.pdf,31,2930,707,-0.0017,-0.3281,1.002,0.0,False,True,False,False,False,0,en,26.4,0.599
UDC20260028-61.pdf,32,2422,720,-0.0098,-1.1875,1.01,0.0,False,True,False,False,False,0,en,26.9,0.5942
UDC20260028-61.pdf,33,2028,593,-0.014,-0.7344,1.014,0.0,False,False,False,False,False,0,en,22.7,0.9861
UDC20260028-61.pdf,34,2030,598,-0.0166,-1.1094,1.017,0.0,False,True,False,False,False,0,en,23.5,0.5901
UDC20260028-61.pdf,35,1992,573,-0.0123,-0.875,1.012,0.0,False,False,False,False,False,0,en,22.8,0.9878
UDC20260028-61.pdf,36,1954,551,-0.0066,-0.9531,1.007,0.0,False,False,False,False,False,0,en,22.5,0.9934
UDC20260028-61.pdf,37,1963,557,-0.0116,-1.2188,1.012,0.0,False,False,False,False,False,0,en,22.6,0.9885
UDC20260028-61.pdf,38,2100,592,-0.0094,-0.9688,1.009,0.0,False,True,False,False,False,0,en,23.6,0.5944
UDC20260028-61.pdf,39,1941,595,-0.0063,-0.3125,1.006,0.0,False,True,False,False,False,0,en,23.7,0.5963
UDC20260028-61.pdf,40,2051,564,-0.0075,-0.6094,1.007,0.0,False,False,False,False,False,0,en,24.3,0.9926
UDC20260028-61.pdf,41,1873,587,-0.0062,-0.5312,1.006,0.0,False,False,False,False,False,0,en,23.5,0.9938
UDC20260028-61.pdf,42,1846,570,-0.003,-0.25,1.003,0.0,False,True,False,False,False,0,en,22.9,0.5982
UDC20260028-61.pdf,43,2134,615,-0.0085,-0.6719,1.008,0.0,False,True,False,False,False,0,en,24.3,0.5949
UDC20260028-61.pdf,44,1992,569,-0.0091,-0.75,1.009,0.0,False,False,False,False,False,0,en,23.3,0.991
UDC20260028-61.pdf,45,2032,602,-0.0084,-1.0156,1.008,0.0,False,False,False,False,False,0,en,23.9,0.9916
UDC20260028-61.pdf,46,744,258,-0.0136,-0.5,1.014,0.0,False,False,False,False,False,0,en,14.1,0.9865
UDC20260028-61.pdf,47,2048,542,-0.0142,-0.7344,1.014,0.0,False,False,False,False,False,0,en,22.2,0.9859
UDC20260028-61.pdf,48,2312,643,-0.0113,-1.1094,1.011,0.0,False,True,False,False,False,0,en,25.5,0.5932
UDC20260028-61.pdf,49,3378,798,-0.0023,-0.7344,1.002,0.0,False,False,False,False,False,0,en,31.4,0.9977
UDC20260028-61.pdf,50,2634,634,-0.0084,-1.4062,1.008,0.0,False,False,False,False,False,0,en,25.3,0.9917
UDC20260028-61.pdf,51,2466,644,-0.0032,-0.5469,1.003,0.0,False,False,False,False,False,0,en,25.7,0.9968
UDC20260028-61.pdf,52,2730,711,-0.0061,-1.5703,1.006,0.0,False,True,False,False,False,0,en,27.6,0.5963
UDC20260028-61.pdf,53,2141,638,-0.0215,-1.1406,1.022,0.0,False,False,False,False,False,0,en,25.6,0.9787
UDC20260028-61.pdf,54,16340,8193,-0.0011,-1.3281,1.001,0.0,False,True,True,False,False,0,en,259.3,0.2397
UDC20260028-61.pdf,55,0,31,-0.0025,-0.0469,1.003,0.0,True,False,False,False,False,0,en,7.0,0.0
UDC20260028-61.pdf,56,15,35,-0.0134,-0.1875,1.013,0.0,False,True,False,False,True,0,en,7.2,0.4144
UDC20260028-61.pdf,57,1974,580,-0.0161,-1.0156,1.016,0.0,False,False,False,False,False,0,en,22.6,0.984
UDC20260028-61.pdf,58,2365,587,-0.0055,-0.6875,1.006,0.0,False,True,False,False,False,0,en,23.2,0.5967
UDC20260028-61.pdf,59,2487,650,-0.007,-0.8906,1.007,0.0,False,True,False,False,False,0,en,25.1,0.5958
UDC20260028-61.pdf,60,2403,603,-0.0298,-1.7812,1.03,0.0,False,False,False,False,False,0,en,23.9,0.9707
UDC20260028-61.pdf,61,1271,360,-0.0072,-0.3906,1.007,0.0,False,False,False,False,False,0,en,16.6,0.9928
UDC20260028-61.pdf,62,1249,333,-0.0043,-0.2656,1.004,0.0,False,False,False,False,False,0,en,16.5,0.9957
UDC20260028-61.pdf,63,2688,650,-0.0076,-0.7344,1.008,0.0,False,False,False,False,False,0,en,25.4,0.9924
UDC20260028-61.pdf,64,3458,787,-0.0059,-0.9531,1.006,0.0,False,False,False,False,False,0,en,30.0,0.9941
UDC20260028-61.pdf,65,2012,560,-0.0126,-1.5781,1.013,0.0,False,False,False,False,False,0,en,22.9,0.9874
UDC20260028-61.pdf,66,3203,786,-0.0038,-0.4375,1.004,0.0,False,False,False,False,False,0,en,31.4,0.9962
UDC20260028-61.pdf,67,2210,564,-0.0063,-0.6406,1.006,0.0,False,False,False,False,False,0,en,23.0,0.9937
UDC20260028-61.pdf,68,731,221,-0.0055,-0.7344,1.006,0.0,False,False,False,False,False,0,en,12.7,0.9945
UDC20260028-61.pdf,69,2206,545,-0.0065,-0.9531,1.006,0.0,False,False,False,False,False,0,en,22.4,0.9936
UDC20260028-61.pdf,70,2879,704,-0.0068,-0.9062,1.007,0.0,False,False,False,False,False,0,en,27.5,0.9932
UDC20260028-61.pdf,71,1966,493,-0.0083,-0.6562,1.008,0.0,False,True,False,False,False,0,en,20.8,0.5951
UDC20260028-61.pdf,72,1819,448,-0.0085,-0.4844,1.009,0.0,False,True,False,False,False,0,en,20.6,0.5949
UDC20260028-61.pdf,73,21,36,-0.0117,-0.1875,1.012,0.0,False,True,False,False,True,0,en,7.5,0.4151
UDC20260028-61.pdf,74,0,31,-0.0015,-0.0312,1.002,0.0,True,False,False,False,False,0,en,7.1,0.0
UDC20260028-61.pdf,75,2468,622,-0.0113,-1.3906,1.011,0.0,False,True,False,False,False,0,en,24.3,0.5932
UDC20260028-61.pdf,76,3046,694,-0.0048,-0.9062,1.005,0.0,False,False,False,False,False,0,en,26.9,0.9952
UDC20260028-61.pdf,77,16350,8193,-0.0012,-0.7969,1.001,0.0,False,True,True,False,False,0,en,251.4,0.2397
UDC20260028-61.pdf,78,2974,708,-0.005,-1.0312,1.005,0.0,False,True,False,False,False,0,en,26.0,0.597
UDC20260028-61.pdf,79,3324,846,-0.0037,-0.8594,1.004,0.0,False,False,False,False,False,0,en,29.7,0.9963
UDC20260028-61.pdf,80,1974,565,-0.011,-0.7031,1.011,0.0,False,False,False,False,False,0,en,22.1,0.9891
UDC20260028-61.pdf,81,2093,615,-0.018,-0.9531,1.018,0.0,False,False,False,False,False,0,en,23.5,0.9821
UDC20260028-61.pdf,82,2050,597,-0.0242,-0.7656,1.024,0.0,False,False,False,False,False,0,en,24.1,0.9761
UDC20260028-61.pdf,83,2055,582,-0.0129,-1.0,1.013,0.0,False,False,False,False,False,0,en,22.8,0.9872
UDC20260028-61.pdf,84,2123,601,-0.0171,-1.2344,1.017,0.0,False,True,False,False,False,0,en,23.6,0.5898
UDC20260028-61.pdf,85,1979,569,-0.0108,-0.8438,1.011,0.0,False,False,False,False,False,0,en,22.8,0.9892
UDC20260028-61.pdf,86,2154,602,-0.0117,-0.5781,1.012,0.0,False,True,False,False,False,0,en,24.0,0.593
UDC20260028-61.pdf,87,1927,546,-0.0155,-0.7969,1.016,0.0,False,False,False,False,False,0,en,22.2,0.9846
UDC20260028-61.pdf,88,1990,557,-0.0071,-0.6094,1.007,0.0,False,False,False,False,False,0,en,22.9,0.993
UDC20260028-61.pdf,89,2089,598,-0.0142,-0.8906,1.014,0.0,False,False,False,False,False,0,en,23.6,0.9859
UDC20260028-61.pdf,90,1947,555,-0.0118,-0.6719,1.012,0.0,False,False,False,False,False,0,en,23.0,0.9883
UDC20260028-61.pdf,91,1813,544,-0.0086,-0.8438,1.009,0.0,False,False,False,False,False,0,en,22.3,0.9915
UDC20260028-61.pdf,92,1977,526,-0.0063,-0.6094,1.006,0.0,False,False,False,False,False,0,en,22.4,0.9937
UDC20260028-61.pdf,93,1870,552,-0.0085,-0.75,1.009,0.0,False,False,False,False,False,0,en,22.2,0.9915
UDC20260028-61.pdf,94,2052,585,-0.0166,-1.0625,1.017,0.0,False,True,False,False,False,0,en,23.7,0.5901
UDC20260028-61.pdf,95,1915,550,-0.0084,-0.6875,1.008,0.0,False,False,False,False,False,0,en,22.5,0.9917
UDC20260028-61.pdf,96,1812,564,-0.0061,-0.3594,1.006,0.0,False,False,False,False,False,0,en,22.8,0.9939
UDC20260028-61.pdf,97,2198,611,-0.0095,-0.9375,1.01,0.0,False,False,False,False,False,0,en,24.2,0.9905
UDC20260028-61.pdf,98,789,247,-0.0059,-0.2031,1.006,0.0,False,False,False,False,False,0,en,13.8,0.9941
UDC20260028-61.pdf,99,2046,452,-0.0015,-0.4219,1.001,0.0,False,False,False,False,False,0,en,20.3,0.9985
UDC20260028-61.pdf,100,1409,700,-0.0185,-0.8906,1.019,0.0,False,True,False,False,False,0,en,27.3,0.589
UDC20260028-61.pdf,101,1598,668,-0.0201,-0.8125,1.02,0.0,False,True,False,False,False,0,en,25.9,0.5881
UDC20260028-61.pdf,102,3280,692,-0.0058,-0.7812,1.006,0.0,False,False,False,False,False,0,en,27.3,0.9942
UDC20260028-61.pdf,103,1441,669,-0.03,-1.0156,1.03,0.0,False,False,False,False,False,0,en,25.5,0.9704
UDC20260028-61.pdf,104,1643,649,-0.0161,-1.125,1.016,0.0,False,True,False,False,False,0,en,25.5,0.5904
UDC20260028-61.pdf,105,2220,878,-0.0153,-0.8594,1.015,0.0,False,True,False,False,False,0,en,32.8,0.5909
UDC20260028-61.pdf,106,1509,649,-0.0121,-1.2031,1.012,0.0,False,True,False,False,False,0,en,25.9,0.5928
UDC20260028-61.pdf,107,1485,509,-0.0217,-1.0,1.022,0.0,False,True,False,False,False,0,en,20.9,0.5871
UDC20260028-61.pdf,108,1614,577,-0.0293,-0.9062,1.03,0.0,False,True,False,False,False,0,en,23.4,0.5827
UDC20260028-61.pdf,109,1897,664,-0.0265,-1.0938,1.027,0.0,False,True,False,False,False,0,en,26.1,0.5843
UDC20260028-61.pdf,110,1993,682,-0.0219,-1.1406,1.022,0.0,False,True,False,False,False,0,en,27.5,0.587
UDC20260028-61.pdf,111,1717,622,-0.0206,-1.2031,1.021,0.0,False,True,False,False,False,0,en,24.5,0.5878
UDC20260028-61.pdf,112,1742,519,-0.0056,-0.6562,1.006,0.0,False,False,False,False,False,0,en,21.6,0.9944
UDC20260028-61.pdf,113,2277,862,-0.0095,-1.0,1.01,0.0,False,False,False,False,False,0,en,31.6,0.9906
UDC20260028-61.pdf,114,2298,867,-0.0102,-2.0156,1.01,0.0012,False,False,False,False,False,0,en,32.3,0.9899
UDC20260028-61.pdf,115,2744,1029,-0.0112,-0.8906,1.011,0.0,False,False,False,False,False,0,en,36.4,0.9889
UDC20260028-61.pdf,116,2519,904,-0.008,-0.7188,1.008,0.0,False,False,False,False,False,0,en,34.0,0.992
UDC20260028-61.pdf,117,2616,996,-0.0084,-1.125,1.008,0.0,False,False,False,False,False,0,en,35.1,0.9916
UDC20260028-61.pdf,118,2132,814,-0.0114,-1.0938,1.012,0.0,False,False,False,False,False,0,en,30.8,0.9886
UDC20260028-61.pdf,119,2436,888,-0.0087,-0.9062,1.009,0.0,False,False,False,False,False,0,en,32.6,0.9914
UDC20260028-61.pdf,120,2795,983,-0.013,-1.0938,1.013,0.0,False,False,False,False,False,0,en,35.2,0.9871
UDC20260028-61.pdf,121,2757,1059,-0.0208,-1.8125,1.021,0.0,False,False,False,False,False,0,en,36.5,0.9794
UDC20260028-61.pdf,122,2857,1001,-0.0161,-1.6094,1.016,0.0,False,False,False,False,False,0,en,35.8,0.984
UDC20260028-61.pdf,123,2444,867,-0.0117,-0.8438,1.012,0.0,False,False,False,False,False,0,en,31.3,0.9884
UDC20260028-61.pdf,124,1337,490,-0.0168,-0.9375,1.017,0.0,False,False,False,False,False,0,en,20.5,0.9833
UDC20260028-61.pdf,125,1354,487,-0.0115,-0.7969,1.012,0.0,False,True,False,False,False,0,en,20.6,0.5931
UDC20260028-61.pdf,126,1931,765,-0.02,-1.9375,1.02,0.0,False,False,False,False,False,0,en,29.2,0.9802
UDC20260028-61.pdf,127,2283,653,-0.027,-1.2656,1.027,0.0,False,False,False,False,False,0,en,25.0,0.9733
UDC20260028-61.pdf,128,2688,654,-0.0683,-1.6562,1.071,0.0,False,True,False,False,False,0,en,25.7,0.5604
UDC20260028-61.pdf,129,416,210,-0.0138,-0.4375,1.014,0.0,False,False,False,False,False,0,en,12.4,0.9863
UDC20260028-61.pdf,130,2330,887,-0.0129,-1.9219,1.013,0.0,False,False,False,False,False,0,en,33.3,0.9872
UDC20260028-61.pdf,131,1788,756,-0.0141,-0.7109,1.014,0.0,False,False,False,False,False,0,en,29.5,0.986
UDC20260028-61.pdf,132,1849,791,-0.0129,-1.2188,1.013,0.0,False,False,False,False,False,0,en,30.2,0.9872
UDC20260028-61.pdf,133,1999,854,-0.0148,-1.125,1.015,0.0,False,False,False,False,False,0,en,31.7,0.9853
UDC20260028-61.pdf,134,1721,758,-0.0234,-2.1875,1.024,0.0013,False,False,False,False,False,0,en,29.1,0.9769
UDC20260028-61.pdf,135,1662,692,-0.0126,-0.8594,1.013,0.0,False,False,False,False,False,0,en,26.6,0.9875
UDC20260028-61.pdf,136,2147,970,-0.0218,-1.5156,1.022,0.0,False,False,False,False,False,0,en,35.4,0.9784
UDC20260028-61.pdf,137,2270,977,-0.0187,-2.1172,1.019,0.001,False,True,False,False,False,0,en,34.8,0.5889
UDC20260028-61.pdf,138,1008,409,-0.0182,-1.2422,1.018,0.0,False,False,False,False,False,0,en,19.6,0.982
UDC20260028-61.pdf,139,2675,1034,-0.0097,-0.8594,1.01,0.0,False,False,False,False,False,0,en,36.0,0.9904
UDC20260028-61.pdf,140,0,31,-0.0025,-0.0469,1.003,0.0,True,False,False,False,False,0,en,7.2,0.0
UDC20260028-61.pdf,141,1710,439,-0.0617,-1.4531,1.064,0.0,False,True,False,False,False,0,en,18.7,0.5641
UDC20260028-61.pdf,142,2597,544,-0.0649,-1.7031,1.067,0.0,False,True,False,False,False,0,en,22.4,0.5623
UDC20260028-61.pdf,143,1682,446,-0.07,-1.6719,1.072,0.0,False,True,False,False,False,0,en,19.4,0.5595
UDC20260028-61.pdf,144,1865,491,-0.0675,-1.5156,1.07,0.0,False,True,False,False,False,0,en,20.9,0.5609
UDC20260028-61.pdf,145,1665,418,-0.0753,-1.7031,1.078,0.0,False,True,False,False,False,0,en,18.1,0.5565
UDC20260028-61.pdf,146,0,31,-0.002,-0.0469,1.002,0.0,True,False,False,False,False,0,en,7.5,0.0
UDC20260028-61.pdf,147,0,31,-0.0025,-0.0469,1.003,0.0,True,False,False,False,False,0,en,6.5,0.0
UDC20260028-61.pdf,148,0,31,-0.0015,-0.0312,1.002,0.0,True,False,False,False,False,0,en,7.5,0.0
UDC20260028-62.pdf,1,103,65,-0.032,-0.7344,1.032,0.0,False,True,False,False,False,0,en,8.1,0.5811
UDC20260028-62.pdf,2,309,115,-0.0326,-0.9688,1.033,0.0,False,False,False,False,False,0,en,9.4,0.9679
UDC20260028-62.pdf,3,344,138,-0.0241,-1.5469,1.024,0.0,False,False,False,False,False,0,en,10.1,0.9762
UDC20260028-62.pdf,4,0,31,-0.0045,-0.0938,1.005,0.0,True,False,False,False,False,0,en,7.5,0.0
UDC20260028-62.pdf,5,1052,467,-0.0204,-1.7969,1.021,0.0,False,True,False,False,False,0,en,20.2,0.5879
UDC20260028-62.pdf,6,2483,1204,-0.0407,-1.7812,1.042,0.0,False,False,False,False,False,0,en,45.0,0.9602
UDC20260028-62.pdf,7,1246,513,-0.0581,-1.5391,1.06,0.0,False,False,False,False,False,0,en,22.4,0.9436
UDC20260028-62.pdf,8,805,260,-0.0203,-0.9531,1.02,0.0,False,False,False,False,False,0,en,14.2,0.98
UDC20260028-62.pdf,9,2266,593,-0.0118,-1.0312,1.012,0.0,False,False,False,False,False,0,en,24.6,0.9882
UDC20260028-62.pdf,10,159,110,-0.0227,-1.0,1.023,0.0,False,False,False,False,False,0,en,9.5,0.9775
UDC20260028-62.pdf,11,3801,1081,-0.0229,-1.5,1.023,0.0,False,False,False,False,False,0,en,38.8,0.9774
UDC20260028-62.pdf,12,1344,389,-0.0168,-0.8438,1.017,0.0,False,False,False,False,False,0,en,18.4,0.9833
UDC20260028-62.pdf,13,16373,8193,-0.0009,-1.0781,1.001,0.0,False,False,True,False,False,0,en,256.5,0.3996
UDC20260028-62.pdf,14,649,273,-0.038,-0.9531,1.039,0.0,False,False,False,False,False,0,en,13.9,0.9627
UDC20260028-62.pdf,15,2738,753,-0.0193,-0.9062,1.019,0.0,False,False,False,False,False,0,en,27.5,0.9809
UDC20260028-62.pdf,16,361,146,-0.0484,-0.7188,1.05,0.0,False,True,False,False,True,0,en,10.3,0.5717
UDC20260028-62.pdf,17,3018,825,-0.0259,-1.1406,1.026,0.0,False,False,False,False,False,0,en,30.8,0.9745
UDC20260028-62.pdf,18,3403,960,-0.016,-0.875,1.016,0.0,False,False,False,False,False,0,en,34.0,0.9841
UDC20260028-62.pdf,19,682,217,-0.0107,-0.5938,1.011,0.0,False,False,False,False,False,0,en,12.5,0.9894
UDC20260028-62.pdf,20,531,203,-0.0216,-1.3906,1.022,0.0,False,False,False,False,False,0,en,12.3,0.9786
UDC20260028-63.pdf,1,345,137,-0.0992,-1.1719,1.104,0.0,False,False,False,False,False,0,en,9.7,0.9056
UDC20260028-63.pdf,2,0,31,-0.0141,-0.375,1.014,0.0,True,False,False,False,False,0,en,6.9,0.0
UDC20260028-63.pdf,3,325,135,-0.0426,-1.4062,1.044,0.0,False,False,False,False,False,0,en,10.1,0.9583
UDC20260028-63.pdf,4,113,66,-0.0123,-0.75,1.012,0.0,False,False,False,False,False,0,en,7.9,0.9878
UDC20260028-63.pdf,5,906,294,-0.0206,-1.1719,1.021,0.0,False,False,False,False,False,0,en,14.8,0.9796
UDC20260028-63.pdf,6,1152,362,-0.0259,-1.0312,1.026,0.0,False,False,False,False,False,0,en,16.7,0.9744
UDC20260028-63.pdf,7,896,338,-0.0462,-1.2344,1.047,0.0,False,False,False,False,False,0,en,15.9,0.9549
UDC20260028-63.pdf,8,616,265,-0.0449,-1.375,1.046,0.0,False,False,False,False,False,0,en,14.1,0.9561
UDC20260028-63.pdf,9,1071,353,-0.0242,-1.125,1.024,0.0,False,False,False,False,False,0,en,16.4,0.9761
UDC20260028-63.pdf,10,738,240,-0.015,-0.5469,1.015,0.0,False,False,False,False,False,0,en,13.4,0.9851
UDC20260028-63.pdf,11,0,31,-0.0277,-0.7344,1.028,0.0,True,False,False,False,False,0,en,6.6,0.0
UDC20260028-63.pdf,12,0,31,-0.0055,-0.1094,1.006,0.0,True,False,False,False,False,0,en,7.0,0.0
UDC20260028-64.pdf,1,124,88,-0.0098,-0.3906,1.01,0.0,False,True,False,False,False,0,en,9.9,0.5942
UDC20260028-64.pdf,2,0,31,-0.0116,-0.1562,1.012,0.0,True,False,False,False,False,0,en,8.2,0.0
UDC20260028-64.pdf,3,1060,474,-0.0051,-0.625,1.005,0.0,False,False,False,False,False,0,en,21.5,0.9949
UDC20260028-64.pdf,4,1165,557,-0.0057,-0.625,1.006,0.0,False,False,False,False,False,0,en,24.6,0.9943
UDC20260028-64.pdf,5,1972,558,-0.025,-1.3438,1.025,0.0,False,False,False,False,False,0,en,24.5,0.9753
UDC20260028-64.pdf,6,2294,619,-0.017,-1.375,1.017,0.0,False,False,False,False,False,0,en,26.4,0.9831
UDC20260028-64.pdf,7,535,215,-0.0339,-1.0625,1.034,0.0,False,True,False,False,False,0,en,14.1,0.58
UDC20260028-64.pdf,8,0,31,-0.002,-0.0312,1.002,0.0,True,False,False,False,False,0,en,9.0,0.0
UDC20260028-64.pdf,9,2285,633,-0.0264,-0.9844,1.027,0.0,False,False,False,False,False,0,en,26.4,0.9739
UDC20260028-64.pdf,10,2056,547,-0.0352,-2.4688,1.036,0.0018,False,False,False,False,False,0,en,23.4,0.9654
UDC20260028-64.pdf,11,2433,678,-0.0253,-1.6094,1.026,0.0,False,False,False,False,False,0,en,27.6,0.975
UDC20260028-64.pdf,12,115,77,-0.0231,-0.4688,1.023,0.0,False,False,False,False,False,0,en,9.8,0.9771
UDC20260028-64.pdf,13,2220,629,-0.0239,-1.1094,1.024,0.0,False,False,False,False,False,0,en,25.8,0.9764
UDC20260028-64.pdf,14,1448,425,-0.0431,-1.5625,1.044,0.0,False,False,False,False,False,0,en,19.8,0.9578
UDC20260028-64.pdf,15,2623,693,-0.0327,-1.6562,1.033,0.0,False,False,False,False,False,0,en,27.9,0.9678
UDC20260028-64.pdf,16,611,198,-0.0082,-0.5938,1.008,0.0,False,False,False,False,False,0,en,13.2,0.9918
UDC20260028-64.pdf,17,0,31,-0.0025,-0.0469,1.003,0.0,True,False,False,False,False,0,en,8.1,0.0
UDC20260028-64.pdf,18,0,31,-0.0096,-0.2656,1.01,0.0,True,False,False,False,False,0,en,8.2,0.0
UDC20260028-65.pdf,1,122,88,-0.0685,-2.125,1.071,0.0114,False,True,False,False,False,0,en,9.6,0.5603
UDC20260028-65.pdf,2,0,31,-0.0096,-0.1875,1.01,0.0,True,False,False,False,False,0,en,8.2,0.0
UDC20260028-65.pdf,3,1078,470,-0.0105,-1.0781,1.011,0.0,False,False,False,False,False,0,en,21.0,0.9896
UDC20260028-65.pdf,4,1468,656,-0.0069,-0.5781,1.007,0.0,False,False,False,False,False,0,en,28.2,0.9932
UDC20260028-65.pdf,5,3247,849,-0.0089,-0.8594,1.009,0.0,False,False,False,False,False,0,en,33.0,0.9912
UDC20260028-65.pdf,6,1501,467,-0.0277,-0.9844,1.028,0.0,False,True,False,False,False,0,en,21.4,0.5836
UDC20260028-65.pdf,7,153,94,-0.0206,-0.4844,1.021,0.0,False,False,False,False,False,0,en,10.1,0.9796
UDC20260028-65.pdf,8,0,31,-0.002,-0.0312,1.002,0.0,True,False,False,False,False,0,en,8.5,0.0
UDC20260028-65.pdf,9,2833,789,-0.035,-1.0781,1.036,0.0,False,False,False,False,False,0,en,30.9,0.9657
UDC20260028-65.pdf,10,2115,606,-0.0208,-1.0312,1.021,0.0,False,False,False,False,False,0,en,25.5,0.9794
UDC20260028-65.pdf,11,2001,629,-0.0366,-1.2656,1.037,0.0,False,False,False,False,False,0,en,27.5,0.9641
UDC20260028-65.pdf,12,1264,382,-0.0333,-0.7969,1.034,0.0,False,True,False,False,False,0,en,18.7,0.5804
UDC20260028-65.pdf,13,0,31,-0.003,-0.0469,1.003,0.0,True,False,False,False,False,0,en,8.2,0.0
UDC20260028-65.pdf,14,0,31,-0.0035,-0.0625,1.004,0.0,True,False,False,False,False,0,en,7.9,0.0
UDC20260028-66.pdf,1,150,98,-0.012,-0.25,1.012,0.0,False,True,False,False,False,0,en,9.9,0.5929
UDC20260028-66.pdf,2,0,31,-0.003,-0.0625,1.003,0.0,True,False,False,False,False,0,en,8.3,0.0
UDC20260028-66.pdf,3,1077,468,-0.0068,-0.5781,1.007,0.0,False,False,False,False,False,0,en,20.5,0.9932
UDC20260028-66.pdf,4,1156,549,-0.0069,-0.625,1.007,0.0,False,False,False,False,False,0,en,23.0,0.9931
UDC20260028-66.pdf,5,1624,470,-0.0227,-1.5,1.023,0.0,False,False,False,False,False,0,en,21.3,0.9775
UDC20260028-66.pdf,6,1244,389,-0.0277,-2.375,1.028,0.0026,False,True,False,False,False,0,en,18.6,0.5836
UDC20260028-66.pdf,7,29,42,-0.01,-0.3906,1.01,0.0,False,False,False,False,False,0,en,8.6,0.693
UDC20260028-66.pdf,8,0,31,-0.002,-0.0312,1.002,0.0,True,False,False,False,False,0,en,7.4,0.0
UDC20260028-66.pdf,9,2022,572,-0.0171,-1.75,1.017,0.0,False,False,False,False,False,0,en,23.4,0.983
UDC20260028-66.pdf,10,2823,774,-0.0138,-1.3125,1.014,0.0,False,False,False,False,False,0,en,29.6,0.9862
UDC20260028-66.pdf,11,1384,393,-0.0369,-1.625,1.038,0.0,False,True,False,False,False,0,en,18.4,0.5783
UDC20260028-66.pdf,12,644,224,-0.038,-0.6562,1.039,0.0,False,False,False,False,False,0,en,14.0,0.9627
UDC20260028-66.pdf,13,0,31,-0.002,-0.0312,1.002,0.0,True,False,False,False,False,0,en,8.5,0.0
UDC20260028-66.pdf,14,0,31,-0.0015,-0.0312,1.002,0.0,True,False,False,False,False,0,en,8.1,0.0
UDC20260028-67.pdf,1,147,97,-0.0068,-0.1719,1.007,0.0,False,True,False,False,False,0,en,9.6,0.596
UDC20260028-67.pdf,2,0,31,-0.0222,-0.4062,1.022,0.0,True,False,False,False,False,0,en,7.9,0.0
UDC20260028-67.pdf,3,1093,473,-0.013,-0.8594,1.013,0.0,False,False,False,False,False,0,en,20.5,0.9871
UDC20260028-67.pdf,4,1146,540,-0.0127,-1.3281,1.013,0.0,False,False,False,False,False,0,en,22.9,0.9873
UDC20260028-67.pdf,5,1337,432,-0.0186,-0.9844,1.019,0.0,False,False,False,False,False,0,en,20.2,0.9816
UDC20260028-67.pdf,6,1094,411,-0.6171,-2.8828,1.853,0.0681,False,False,False,False,False,0,en,19.3,0.5395
UDC20260028-67.pdf,7,92,61,-0.0126,-0.3125,1.013,0.0,False,False,False,False,False,0,en,9.2,0.9875
UDC20260028-67.pdf,8,1731,588,-0.0592,-1.5234,1.061,0.0,False,True,False,False,False,0,en,24.5,0.5655
UDC20260028-67.pdf,9,2731,797,-0.0286,-1.9766,1.029,0.0,False,False,False,False,False,0,en,30.8,0.9718
UDC20260028-67.pdf,10,1242,363,-0.0391,-1.5938,1.04,0.0,False,False,False,False,False,0,en,18.1,0.9616
UDC20260028-67.pdf,11,2391,683,-0.0147,-0.7188,1.015,0.0,False,False,False,False,False,0,en,27.6,0.9854
UDC20260028-67.pdf,12,1811,553,-0.0188,-0.8594,1.019,0.0,False,False,False,False,False,0,en,23.7,0.9814
UDC20260028-67.pdf,13,0,31,-0.0025,-0.0312,1.003,0.0,True,False,False,False,False,0,en,8.0,0.0
UDC20260028-67.pdf,14,0,31,-0.006,-0.1406,1.006,0.0,True,False,False,False,False,0,en,7.8,0.0
UDC20260028-68.pdf,1,104,65,-0.0358,-0.6406,1.036,0.0,False,True,False,False,False,0,en,8.2,0.5789
UDC20260028-68.pdf,2,0,31,-0.004,-0.0781,1.004,0.0,True,False,False,False,False,0,en,6.8,0.0
UDC20260028-68.pdf,3,0,31,-0.002,-0.0312,1.002,0.0,True,False,False,False,False,0,en,6.6,0.0
UDC20260028-68.pdf,4,154,63,-0.0129,-0.4688,1.013,0.0,False,False,False,False,False,0,en,7.6,0.9872
UDC20260028-68.pdf,5,134,90,-0.0149,-0.7344,1.015,0.0,False,True,False,False,False,0,en,8.3,0.5911
UDC20260028-68.pdf,6,16351,8193,-0.0017,-0.5625,1.002,0.0,False,True,True,False,False,0,en,256.8,0.2396
UDC20260028-68.pdf,7,1197,529,-0.0137,-1.0781,1.014,0.0,False,True,False,False,False,0,en,20.7,0.5919
UDC20260028-68.pdf,8,1694,371,-0.0034,-0.9844,1.003,0.0,False,True,False,False,False,0,en,16.5,0.598
UDC20260028-68.pdf,9,1386,391,-0.0942,-2.0469,1.099,0.0026,False,True,False,False,False,0,en,16.6,0.546
UDC20260028-68.pdf,10,1211,437,-0.0332,-2.6641,1.034,0.0023,False,True,False,False,False,0,en,18.2,0.5804
UDC20260028-68.pdf,11,1166,381,-0.0577,-1.7812,1.059,0.0,False,True,False,False,False,0,en,16.4,0.5664
UDC20260028-68.pdf,12,1245,423,-0.091,-3.1172,1.095,0.0024,False,True,False,False,False,0,en,17.7,0.5478
UDC20260028-68.pdf,13,612,245,-0.0484,-1.6719,1.05,0.0,False,True,False,False,False,0,en,12.7,0.5716
UDC20260028-68.pdf,14,1677,472,-0.0348,-2.3281,1.035,0.0021,False,False,False,False,False,0,en,19.3,0.9658
UDC20260028-68.pdf,15,89,59,-0.0252,-0.6719,1.025,0.0,False,True,False,False,False,0,en,7.3,0.5851
UDC20260028-68.pdf,16,0,31,-0.0015,-0.0312,1.002,0.0,True,False,False,False,False,0,en,6.7,0.0
UDC20260028-68.pdf,17,2405,554,-0.0083,-1.875,1.008,0.0,False,True,False,False,False,0,en,21.5,0.595
UDC20260028-68.pdf,18,2391,612,-0.0132,-1.2344,1.013,0.0,False,False,False,False,False,0,en,25.3,0.9869
UDC20260028-68.pdf,19,2151,669,-0.023,-1.125,1.023,0.0,False,False,False,False,False,0,en,25.7,0.9773
UDC20260028-68.pdf,20,17052,8193,-0.0008,-0.5938,1.001,0.0,False,True,True,False,False,0,en,257.7,0.2398
UDC20260028-68.pdf,21,56,46,-0.0146,-0.4219,1.015,0.0,False,True,False,False,True,0,en,7.4,0.5913
UDC20260028-68.pdf,22,0,31,-0.0035,-0.0625,1.004,0.0,True,False,False,False,False,0,en,6.9,0.0
UDC20260028-68.pdf,23,16917,8193,-0.0028,-0.9219,1.003,0.0,False,True,True,False,False,0,en,248.2,0.2393
UDC20260028-68.pdf,24,16419,8193,-0.0034,-1.3594,1.003,0.0,False,True,True,False,False,0,en,250.6,0.2392
UDC20260028-68.pdf,25,2334,682,-0.0188,-0.7656,1.019,0.0,False,False,False,False,False,0,en,24.9,0.9814
UDC20260028-68.pdf,26,2262,632,-0.0118,-0.8125,1.012,0.0,False,True,False,False,False,0,en,23.9,0.593
UDC20260028-68.pdf,27,997,290,-0.0241,-1.6094,1.024,0.0,False,False,False,False,False,0,en,13.9,0.9762
UDC20260028-68.pdf,28,2122,552,-0.0112,-1.1562,1.011,0.0,False,False,False,False,False,0,en,21.2,0.9888
UDC20260028-68.pdf,29,17299,8193,-0.0024,-0.6094,1.002,0.0,False,True,True,False,False,0,en,254.3,0.2394
UDC20260028-68.pdf,30,2234,558,-0.0112,-0.9219,1.011,0.0,False,False,False,False,False,0,en,21.6,0.9889
UDC20260028-68.pdf,31,2285,591,-0.0054,-0.6719,1.005,0.0,False,False,False,False,False,0,en,22.8,0.9946
UDC20260028-68.pdf,32,16346,8193,-0.0016,-0.9375,1.002,0.0,False,True,True,False,False,0,en,251.1,0.2396
UDC20260028-68.pdf,33,3361,734,-0.0024,-0.7969,1.002,0.0,False,True,False,False,False,0,en,26.9,0.5985
UDC20260028-68.pdf,34,2632,712,-0.0044,-0.7344,1.004,0.0,False,False,False,False,False,0,en,25.8,0.9956
UDC20260028-68.pdf,35,2506,639,-0.0045,-0.7031,1.005,0.0,False,True,False,False,False,0,en,24.4,0.5973
UDC20260028-68.pdf,36,3580,854,-0.006,-1.0938,1.006,0.0,False,True,False,False,False,0,en,30.2,0.5964
UDC20260028-68.pdf,37,3235,825,-0.0177,-1.5547,1.018,0.0,False,True,False,False,False,0,en,29.7,0.5895
UDC20260028-68.pdf,38,2521,683,-0.0147,-1.0625,1.015,0.0,False,False,False,False,False,0,en,25.4,0.9854
UDC20260028-68.pdf,39,2889,751,-0.0157,-1.3125,1.016,0.0,False,False,False,False,False,0,en,27.9,0.9845
UDC20260028-68.pdf,40,0,31,-0.003,-0.0625,1.003,0.0,True,False,False,False,False,0,en,6.9,0.0
UDC20260028-68.pdf,41,47,47,-0.016,-0.5,1.016,0.0,False,False,False,False,False,0,en,8.3,0.6889
UDC20260028-68.pdf,42,2716,774,-0.0131,-1.0,1.013,0.0,False,False,False,False,False,0,en,28.4,0.9869
UDC20260028-68.pdf,43,2850,755,-0.0131,-1.1562,1.013,0.0,False,False,False,False,False,0,en,28.2,0.987
UDC20260028-68.pdf,44,1428,427,-0.0262,-1.125,1.027,0.0,False,False,False,False,False,0,en,18.4,0.9742
UDC20260028-68.pdf,45,1877,500,-0.0215,-1.5781,1.022,0.0,False,False,False,False,False,0,en,20.6,0.9788
UDC20260028-68.pdf,46,2130,530,-0.0173,-1.4375,1.017,0.0,False,False,False,False,False,0,en,22.5,0.9829
UDC20260028-68.pdf,47,1938,498,-0.0154,-0.7969,1.015,0.0,False,False,False,False,False,0,en,20.7,0.9847
UDC20260028-68.pdf,48,2374,787,-0.0137,-1.0938,1.014,0.0,False,False,False,False,False,0,en,29.0,0.9864
UDC20260028-68.pdf,49,2467,627,-0.0038,-0.6406,1.004,0.0,False,False,False,False,False,0,en,24.4,0.9962
UDC20260028-68.pdf,50,2551,650,-0.0062,-0.7031,1.006,0.0,False,False,False,False,False,0,en,25.3,0.9938
UDC20260028-68.pdf,51,2679,678,-0.0181,-1.3906,1.018,0.0,False,True,False,False,False,0,en,27.1,0.5892
UDC20260028-68.pdf,52,3135,696,-0.0037,-0.5,1.004,0.0,False,False,False,False,False,0,en,26.5,0.9963
UDC20260028-68.pdf,53,1248,319,-0.0017,-0.2656,1.002,0.0,False,False,False,False,False,0,en,15.3,0.9983
UDC20260028-68.pdf,54,2064,558,-0.0209,-1.0625,1.021,0.0,False,True,False,False,False,0,en,22.1,0.5876
UDC20260028-68.pdf,55,2215,551,-0.0039,-0.4531,1.004,0.0,False,False,False,False,False,0,en,22.2,0.9961
UDC20260028-68.pdf,56,2081,572,-0.0198,-1.4375,1.02,0.0,False,True,False,False,False,0,en,22.9,0.5882
UDC20260028-68.pdf,57,3157,748,-0.0058,-0.875,1.006,0.0,False,False,False,False,False,0,en,28.3,0.9942
UDC20260028-68.pdf,58,145,62,-0.0194,-0.7031,1.02,0.0,False,False,False,False,False,0,en,8.0,0.9808
UDC20260028-68.pdf,59,0,31,-0.0025,-0.0469,1.003,0.0,True,False,False,False,False,0,en,7.1,0.0
UDC20260028-68.pdf,60,2498,605,-0.0092,-1.1562,1.009,0.0,False,False,False,False,False,0,en,24.2,0.9908
UDC20260028-68.pdf,61,1145,310,-0.0144,-0.9375,1.014,0.0,False,False,False,False,False,0,en,15.2,0.9857
UDC20260028-68.pdf,62,1890,515,-0.0103,-0.9219,1.01,0.0,False,True,False,False,False,0,en,21.4,0.5939
UDC20260028-68.pdf,63,2514,678,-0.0433,-2.3906,1.044,0.0015,False,False,False,False,False,0,en,27.6,0.9576
UDC20260028-68.pdf,64,16755,8193,-0.0018,-1.0469,1.002,0.0,False,True,True,False,False,0,en,256.3,0.2396
UDC20260028-68.pdf,65,3265,802,-0.0103,-1.6328,1.01,0.0,False,False,False,False,False,0,en,28.8,0.9897
UDC20260028-68.pdf,66,2339,618,-0.0174,-1.875,1.018,0.0,False,False,False,False,False,0,en,23.4,0.9828
UDC20260028-68.pdf,67,2080,540,-0.0064,-0.5938,1.006,0.0,False,False,False,False,False,0,en,21.2,0.9936
UDC20260028-68.pdf,68,1786,481,-0.017,-2.0625,1.017,0.0021,False,False,False,False,False,0,en,19.5,0.9831
UDC20260028-68.pdf,69,2665,638,-0.0082,-0.8438,1.008,0.0,False,True,False,False,False,0,en,24.2,0.5951
UDC20260028-68.pdf,70,1644,412,-0.0055,-1.1094,1.006,0.0,False,False,False,False,False,0,en,17.8,0.9945
UDC20260028-68.pdf,71,1689,452,-0.0489,-1.8281,1.05,0.0,False,False,False,False,False,0,en,19.2,0.9523
UDC20260028-68.pdf,72,2311,611,-0.0128,-1.2969,1.013,0.0,False,True,False,False,False,0,en,24.7,0.5924
UDC20260028-68.pdf,73,3044,659,-0.0012,-0.2656,1.001,0.0,False,False,False,False,False,0,en,25.4,0.9988
UDC20260028-68.pdf,74,16419,8193,-0.0026,-0.8281,1.003,0.0,False,True,True,False,False,0,en,255.7,0.2394
UDC20260028-68.pdf,75,2749,703,-0.0043,-0.9375,1.004,0.0,False,True,False,False,False,0,en,25.9,0.5974
UDC20260028-68.pdf,76,0,31,-0.0035,-0.0625,1.004,0.0,True,False,False,False,False,0,en,7.0,0.0
UDC20260028-68.pdf,77,52,48,-0.0306,-0.7031,1.031,0.0,False,False,False,False,False,0,en,7.5,0.9699
UDC20260028-68.pdf,78,3599,863,-0.005,-1.875,1.005,0.0,False,True,False,False,False,0,en,30.0,0.597
UDC20260028-68.pdf,79,2360,661,-0.0061,-0.6719,1.006,0.0,False,False,False,False,False,0,en,25.0,0.9939
UDC20260028-68.pdf,80,2582,683,-0.0042,-0.875,1.004,0.0,False,False,False,False,False,0,en,25.6,0.9958
UDC20260028-68.pdf,81,2628,698,-0.0069,-1.2109,1.007,0.0,False,False,False,False,False,0,en,26.3,0.9932
UDC20260028-68.pdf,82,2539,701,-0.0105,-1.1172,1.011,0.0,False,False,False,False,False,0,en,26.4,0.9896
UDC20260028-68.pdf,83,2562,714,-0.0091,-0.7188,1.009,0.0,False,False,False,False,False,0,en,27.5,0.991
UDC20260028-68.pdf,84,2593,685,-0.0047,-0.6719,1.005,0.0,False,True,False,False,False,0,en,26.2,0.5972
UDC20260028-68.pdf,85,2437,649,-0.01,-0.7344,1.01,0.0,False,False,False,False,False,0,en,25.1,0.9901
UDC20260028-68.pdf,86,2202,607,-0.0067,-0.875,1.007,0.0,False,False,False,False,False,0,en,23.8,0.9933
UDC20260028-68.pdf,87,2537,717,-0.0112,-0.7031,1.011,0.0,False,False,False,False,False,0,en,27.4,0.9889
UDC20260028-68.pdf,88,1803,538,-0.0035,-0.5625,1.004,0.0,False,False,False,False,False,0,en,22.6,0.9965
UDC20260028-68.pdf,89,2386,647,-0.0082,-1.0625,1.008,0.0,False,False,False,False,False,0,en,24.8,0.9919
UDC20260028-68.pdf,90,2661,732,-0.0089,-2.0547,1.009,0.0014,False,False,False,False,False,0,en,27.3,0.9911
UDC20260028-68.pdf,91,2440,664,-0.0133,-1.125,1.013,0.0,False,False,False,False,False,0,en,25.2,0.9868
UDC20260028-68.pdf,92,1125,329,-0.0085,-0.3906,1.008,0.0,False,False,False,False,False,0,en,16.0,0.9916
UDC20260028-68.pdf,93,1355,629,-0.03,-2.0625,1.03,0.0016,False,False,False,False,False,0,en,24.4,0.9705
UDC20260028-68.pdf,94,59,47,-0.0126,-0.5,1.013,0.0,False,True,False,False,False,0,en,7.4,0.5925
UDC20260028-68.pdf,95,0,31,-0.0025,-0.0469,1.003,0.0,True,False,False,False,False,0,en,7.1,0.0
UDC20260028-68.pdf,96,1354,501,-0.0136,-1.125,1.014,0.0,False,True,False,False,False,0,en,21.4,0.5919
UDC20260028-68.pdf,97,1935,665,-0.0203,-0.9062,1.021,0.0,False,True,False,False,False,0,en,25.6,0.5879
UDC20260028-68.pdf,98,958,340,-0.0048,-0.4062,1.005,0.0,False,True,False,False,False,0,en,16.3,0.5971
UDC20260028-68.pdf,99,1431,474,-0.0148,-1.0781,1.015,0.0,False,True,False,False,False,0,en,20.0,0.5912
UDC20260028-68.pdf,100,1744,617,-0.0331,-0.9531,1.034,0.0,False,True,False,False,False,0,en,24.6,0.5805
UDC20260028-68.pdf,101,1852,644,-0.0192,-1.4922,1.019,0.0,False,True,False,False,False,0,en,25.5,0.5886
UDC20260028-68.pdf,102,1790,652,-0.0202,-0.8906,1.02,0.0,False,True,False,False,False,0,en,25.0,0.588
UDC20260028-68.pdf,103,1932,666,-0.0346,-2.4375,1.035,0.0015,False,True,False,False,False,0,en,25.8,0.5796
UDC20260028-68.pdf,104,490,199,-0.022,-0.8125,1.022,0.0,False,True,False,False,False,0,en,11.9,0.587
UDC20260028-68.pdf,105,1740,519,-0.0051,-0.8594,1.005,0.0,False,False,False,False,False,0,en,21.2,0.995
UDC20260028-68.pdf,106,2278,861,-0.0069,-0.5781,1.007,0.0,False,False,False,False,False,0,en,31.4,0.9931
UDC20260028-68.pdf,107,2295,869,-0.0082,-0.5625,1.008,0.0,False,False,False,False,False,0,en,31.4,0.9918
UDC20260028-68.pdf,108,2672,1006,-0.01,-0.875,1.01,0.0,False,False,False,False,False,0,en,35.4,0.99
UDC20260028-68.pdf,109,2518,904,-0.0109,-2.0938,1.011,0.0011,False,False,False,False,False,0,en,32.8,0.9892
UDC20260028-68.pdf,110,2615,998,-0.0073,-1.1875,1.007,0.0,False,False,False,False,False,0,en,35.2,0.9927
UDC20260028-68.pdf,111,2135,813,-0.0101,-1.2344,1.01,0.0,False,False,False,False,False,0,en,29.8,0.99
UDC20260028-68.pdf,112,0,31,-0.003,-0.0469,1.003,0.0,True,False,False,False,False,0,en,7.0,0.0
UDC20260028-68.pdf,113,100,79,-0.0706,-0.8281,1.073,0.0,False,True,False,False,False,0,en,8.3,0.5591
UDC20260028-68.pdf,114,2437,891,-0.01,-1.5234,1.01,0.0,False,False,False,False,False,0,en,31.8,0.9901
UDC20260028-68.pdf,115,2792,983,-0.0077,-0.9844,1.008,0.0,False,False,False,False,False,0,en,36.0,0.9923
UDC20260028-68.pdf,116,2763,1067,-0.0148,-1.0,1.015,0.0,False,False,False,False,False,0,en,37.1,0.9853
UDC20260028-68.pdf,117,2864,1009,-0.0124,-0.8906,1.013,0.0,False,False,False,False,False,0,en,35.5,0.9876
UDC20260028-68.pdf,118,2446,868,-0.01,-1.0625,1.01,0.0,False,False,False,False,False,0,en,30.9,0.9901
UDC20260028-68.pdf,119,2060,749,-0.0117,-0.8672,1.012,0.0,False,False,False,False,False,0,en,29.3,0.9884
UDC20260028-68.pdf,120,1389,500,-0.0163,-1.0156,1.016,0.0,False,True,False,False,False,0,en,20.2,0.5903
UDC20260028-68.pdf,121,1955,770,-0.0096,-0.5,1.01,0.0,False,False,False,False,False,0,en,28.3,0.9905
UDC20260028-68.pdf,122,1461,652,-0.0156,-1.4219,1.016,0.0,False,False,False,False,False,0,en,24.9,0.9846
UDC20260028-68.pdf,123,1400,658,-0.017,-0.8125,1.017,0.0,False,False,False,False,False,0,en,25.3,0.9832
UDC20260028-68.pdf,124,416,211,-0.0139,-0.5312,1.014,0.0,False,False,False,False,False,0,en,12.4,0.9862
UDC20260028-68.pdf,125,2369,904,-0.0078,-0.7656,1.008,0.0,False,False,False,False,False,0,en,32.2,0.9922
UDC20260028-68.pdf,126,1877,813,-0.016,-0.8906,1.016,0.0,False,False,False,False,False,0,en,29.7,0.9842
UDC20260028-68.pdf,127,1913,840,-0.0102,-0.7656,1.01,0.0,False,False,False,False,False,0,en,30.8,0.9898
UDC20260028-68.pdf,128,2001,853,-0.0117,-0.8281,1.012,0.0,False,False,False,False,False,0,en,31.1,0.9884
UDC20260028-68.pdf,129,1770,775,-0.0226,-1.5156,1.023,0.0,False,False,False,False,False,0,en,28.5,0.9777
UDC20260028-68.pdf,130,106,85,-0.0614,-0.9219,1.063,0.0,False,True,False,False,False,0,en,8.8,0.5643
UDC20260028-68.pdf,131,0,31,-0.003,-0.0469,1.003,0.0,True,False,False,False,False,0,en,7.2,0.0
UDC20260028-68.pdf,132,1675,736,-0.0156,-1.0,1.016,0.0,False,False,False,False,False,0,en,28.3,0.9845
UDC20260028-68.pdf,133,2160,983,-0.0151,-1.3594,1.015,0.0,False,False,False,False,False,0,en,35.2,0.985
UDC20260028-68.pdf,134,2276,975,-0.018,-1.2031,1.018,0.0,False,True,False,False,False,0,en,35.2,0.5893
UDC20260028-68.pdf,135,1011,421,-0.0131,-0.8906,1.013,0.0,False,False,False,False,False,0,en,18.6,0.9869
UDC20260028-68.pdf,136,2717,1049,-0.0091,-0.8125,1.009,0.0,False,False,False,False,False,0,en,36.8,0.991
UDC20260028-68.pdf,137,0,31,-0.002,-0.0469,1.002,0.0,True,False,False,False,False,0,en,7.3,0.0
UDC20260028-68.pdf,138,1577,369,-0.0648,-1.5625,1.067,0.0,False,True,False,False,False,0,en,16.6,0.5624
UDC20260028-68.pdf,139,2299,473,-0.071,-1.7656,1.074,0.0,False,True,False,False,False,0,en,19.9,0.5589
UDC20260028-68.pdf,140,1728,468,-0.0625,-2.0234,1.064,0.0021,False,True,False,False,False,0,en,19.7,0.5636
UDC20260028-68.pdf,141,2630,481,-0.0802,-1.5391,1.083,0.0,False,True,False,False,False,0,en,20.3,0.5538
UDC20260028-68.pdf,142,2784,529,-0.0751,-1.5625,1.078,0.0,False,True,False,False,False,0,en,21.6,0.5566
UDC20260028-68.pdf,143,579,199,-0.0634,-1.2344,1.065,0.0,False,True,False,False,False,0,en,12.0,0.5631
UDC20260028-68.pdf,144,1954,432,-0.0018,-0.4688,1.002,0.0,False,False,False,False,False,0,en,18.5,0.9982
UDC20260028-68.pdf,145,1400,695,-0.0121,-0.9062,1.012,0.0,False,True,False,False,False,0,en,26.6,0.5928
UDC20260028-68.pdf,146,1600,666,-0.0189,-1.5,1.019,0.0,False,True,False,False,False,0,en,25.9,0.5888
UDC20260028-68.pdf,147,0,31,-0.002,-0.0469,1.002,0.0,True,False,False,False,False,0,en,7.0,0.0
UDC20260028-68.pdf,148,0,31,-0.0055,-0.125,1.006,0.0,True,False,False,False,False,0,en,7.3,0.0
UDC20260028-68.pdf,149,0,31,-0.004,-0.0781,1.004,0.0,True,False,False,False,False,0,en,7.4,0.0
UDC20260028-69.pdf,1,1115,429,-0.0261,-1.1094,1.026,0.0,False,False,False,False,False,0,en,19.9,0.9742
UDC20260028-69.pdf,2,1653,463,-0.0097,-0.7969,1.01,0.0,False,True,False,False,False,0,en,20.9,0.5942
UDC20260028-7.pdf,1,74,70,-0.0453,-0.9375,1.046,0.0,False,True,False,False,False,0,en,10.5,0.5734
UDC20260028-7.pdf,2,39,59,-0.036,-0.6562,1.037,0.0,False,True,False,False,False,0,en,10.3,0.4051
UDC20260028-7.pdf,3,150,78,-0.0394,-0.6016,1.04,0.0,False,True,False,False,False,0,en,9.8,0.5768
UDC20260028-7.pdf,4,109,65,-0.0125,-0.3906,1.013,0.0,False,True,False,False,False,0,en,10.7,0.5925
UDC20260028-7.pdf,5,122,114,-0.0387,-0.9531,1.039,0.0,False,True,False,False,False,0,ja,12.3,0.5773
UDC20260028-7.pdf,6,78,71,-0.0548,-1.2656,1.056,0.0,False,True,False,False,False,0,ja,11.3,0.568
UDC20260028-7.pdf,7,451,391,-0.0234,-0.9219,1.024,0.0,False,True,False,False,False,0,ja,20.5,0.5861
UDC20260028-7.pdf,8,157,87,-0.0318,-0.4375,1.032,0.0,False,True,False,False,False,0,en,12.5,0.5812
UDC20260028-7.pdf,9,258,220,-0.0397,-0.9844,1.041,0.0,False,True,False,False,False,0,ja,15.9,0.5766
UDC20260028-7.pdf,10,191,99,-0.0069,-0.5625,1.007,0.0,False,True,False,False,False,0,en,12.2,0.5958
UDC20260028-7.pdf,11,1077,725,-0.0258,-1.3906,1.026,0.0,False,False,False,False,False,0,ja,30.9,0.9745
UDC20260028-7.pdf,12,170,82,-0.0082,-0.1875,1.008,0.0,False,True,False,False,False,0,en,11.6,0.5951
UDC20260028-7.pdf,13,522,466,-0.0198,-1.0312,1.02,0.0,False,True,False,False,False,0,ja,23.3,0.5882
UDC20260028-7.pdf,14,1492,981,-0.0193,-1.2031,1.019,0.0,False,True,False,False,False,0,ja,38.5,0.5885
UDC20260028-7.pdf,15,1034,288,-0.0103,-1.5938,1.01,0.0,False,True,False,False,False,0,en,17.8,0.5938
UDC20260028-7.pdf,16,670,551,-0.027,-1.1562,1.027,0.0,False,True,False,False,False,0,ja,25.4,0.584
UDC20260028-7.pdf,17,164,71,-0.0246,-0.9688,1.025,0.0,False,True,False,False,False,0,en,11.1,0.5854
UDC20260028-7.pdf,18,1439,984,-0.0232,-2.625,1.023,0.001,False,True,False,False,False,0,ja,38.3,0.5862
UDC20260028-7.pdf,19,2294,634,-0.0086,-0.5625,1.009,0.0,False,False,False,False,False,0,en,27.8,0.9915
UDC20260028-7.pdf,20,3671,861,-0.0036,-0.8438,1.004,0.0,False,True,False,False,False,0,en,34.3,0.5978
UDC20260028-7.pdf,21,1274,951,-0.0285,-1.8438,1.029,0.0,False,True,False,False,False,0,ja,36.9,0.5831
UDC20260028-7.pdf,22,3710,891,-0.007,-0.9219,1.007,0.0,False,True,False,False,False,0,en,34.9,0.5958
UDC20260028-7.pdf,23,1146,743,-0.0231,-0.9531,1.023,0.0,False,True,False,False,False,0,ja,30.8,0.5863
UDC20260028-7.pdf,24,1126,919,-0.016,-1.3906,1.016,0.0,False,True,False,False,False,0,ja,37.0,0.5905
UDC20260028-7.pdf,25,1880,390,-0.0061,-0.9609,1.006,0.0,False,True,False,False,False,0,en,20.4,0.5963
UDC20260028-7.pdf,26,602,246,-0.0242,-2.0391,1.025,0.0041,False,True,False,False,False,0,en,16.2,0.5856
UDC20260028-7.pdf,27,341,304,-0.041,-1.0625,1.042,0.0,False,True,False,False,False,0,ja,17.9,0.5759
UDC20260028-7.pdf,28,3803,830,-0.0023,-0.5156,1.002,0.0,False,False,False,False,False,0,en,33.2,0.9977
UDC20260028-7.pdf,29,571,452,-0.0221,-1.4844,1.022,0.0,False,True,False,False,False,0,ja,22.1,0.5869
UDC20260028-7.pdf,30,1549,1024,-0.0205,-1.25,1.021,0.0,False,True,False,False,False,0,ja,40.1,0.5878
UDC20260028-7.pdf,31,3615,934,-0.0041,-1.5781,1.004,0.0,False,True,False,False,False,0,en,36.8,0.5975
UDC20260028-70.pdf,1,1832,695,-0.0404,-1.2031,1.041,0.0,False,False,False,False,False,0,en,26.4,0.9604
UDC20260028-70.pdf,2,0,31,-0.0176,-0.4219,1.018,0.0,True,False,False,False,False,0,en,7.0,0.0
UDC20260028-71.pdf,1,1463,462,-0.0461,-1.75,1.047,0.0,False,False,False,False,False,0,en,19.3,0.9549
UDC20260028-71.pdf,2,1763,489,-0.0148,-0.7031,1.015,0.0,False,False,False,False,False,0,en,20.3,0.9853
UDC20260028-71.pdf,3,1939,523,-0.0096,-0.7969,1.01,0.0,False,False,False,False,False,0,en,21.5,0.9905
UDC20260028-71.pdf,4,2062,533,-0.0187,-0.9062,1.019,0.0,False,False,False,False,False,0,en,22.7,0.9814
UDC20260028-72.pdf,1,462,187,-0.0687,-1.9688,1.071,0.0,False,False,False,False,False,0,en,14.2,0.9336
UDC20260028-72.pdf,2,936,357,-0.0932,-2.8438,1.098,0.0112,False,True,False,False,False,0,en,15.3,0.5466
UDC20260028-72.pdf,3,252,91,-0.0199,-0.4531,1.02,0.0,False,True,False,False,False,0,en,11.0,0.5882
UDC20260028-73.pdf,1,513,212,-0.0137,-0.6562,1.014,0.0,False,False,False,False,False,0,en,12.2,0.9864
UDC20260028-73.pdf,2,0,31,-0.003,-0.0625,1.003,0.0,True,False,False,False,False,0,en,7.1,0.0
UDC20260028-73.pdf,3,943,385,-0.011,-0.6719,1.011,0.0,False,False,False,False,False,0,en,17.1,0.9891
UDC20260028-73.pdf,4,1853,457,-0.0066,-0.6562,1.007,0.0,False,True,False,False,False,0,en,19.3,0.5961
UDC20260028-73.pdf,5,2203,654,-0.0078,-0.6094,1.008,0.0,False,False,False,False,False,0,en,25.5,0.9923
UDC20260028-73.pdf,6,2313,516,-0.0022,-0.4688,1.002,0.0,False,False,False,False,False,0,en,21.6,0.9978
UDC20260028-73.pdf,7,2856,602,-0.0037,-0.9375,1.004,0.0,False,True,False,False,False,0,en,24.0,0.5978
UDC20260028-73.pdf,8,2908,601,-0.0024,-0.6406,1.002,0.0,False,True,False,False,False,0,en,24.1,0.5986
UDC20260028-73.pdf,9,2832,630,-0.0003,-0.0625,1.0,0.0,False,False,False,False,False,0,en,24.9,0.9997
UDC20260028-73.pdf,10,2996,1433,-0.0085,-1.1328,1.009,0.0,False,False,False,False,False,0,en,48.8,0.9915
UDC20260028-73.pdf,11,1707,613,-0.0338,-1.0781,1.034,0.0,False,True,False,False,False,0,en,24.0,0.5801
UDC20260028-73.pdf,12,1512,549,-0.0264,-1.0781,1.027,0.0,False,False,False,False,False,0,en,22.0,0.9739
UDC20260028-73.pdf,13,1573,605,-0.0217,-1.3281,1.022,0.0,False,True,False,False,False,0,en,23.4,0.5871
UDC20260028-73.pdf,14,1382,446,-0.0496,-2.0,1.051,0.0,False,False,False,False,False,0,en,18.9,0.9516
UDC20260028-73.pdf,15,1182,454,-0.0413,-1.75,1.042,0.0,False,False,False,False,False,0,en,19.3,0.9595
UDC20260028-73.pdf,16,2139,837,-0.0311,-1.25,1.032,0.0,False,True,False,False,False,0,en,30.2,0.5816
UDC20260028-73.pdf,17,2939,1177,-0.0213,-2.1641,1.022,0.0008,False,False,False,False,False,0,en,40.1,0.9789
UDC20260028-73.pdf,18,2520,1012,-0.0271,-1.5938,1.027,0.0,False,True,False,False,False,0,en,35.3,0.584
UDC20260028-73.pdf,19,0,31,-0.0066,-0.1719,1.007,0.0,True,False,False,False,False,0,en,6.9,0.0
UDC20260028-73.pdf,20,0,31,-0.0202,-0.5938,1.02,0.0,True,False,False,False,False,0,en,6.9,0.0
UDC20260028-74.pdf,1,1078,379,-0.044,-1.3594,1.045,0.0,False,False,False,False,False,0,en,17.8,0.957
UDC20260028-74.pdf,2,0,31,-0.0307,-0.5156,1.031,0.0,True,False,False,False,False,0,en,7.0,0.0
UDC20260028-75.pdf,1,1395,505,-0.0339,-1.2031,1.034,0.0,False,False,False,False,False,0,en,20.2,0.9667
UDC20260028-75.pdf,2,0,31,-0.0141,-0.2656,1.014,0.0,True,False,False,False,False,0,en,6.6,0.0
UDC20260028-76.pdf,1,1427,513,-0.0362,-1.3438,1.037,0.0,False,False,False,False,False,0,en,20.0,0.9645
UDC20260028-76.pdf,2,0,31,-0.0121,-0.25,1.012,0.0,True,False,False,False,False,0,en,6.7,0.0
UDC20260028-77.pdf,1,32315,8193,-0.0016,-0.875,1.002,0.0,False,False,True,False,False,0,en,253.0,0.3994
UDC20260028-77.pdf,2,6,34,-0.0793,-1.3828,1.083,0.0,False,True,False,False,False,0,en,6.6,0.388
UDC20260028-78.pdf,1,1286,469,-0.0394,-1.4531,1.04,0.0,False,False,False,False,False,0,en,19.1,0.9614
UDC20260028-78.pdf,2,0,31,-0.004,-0.0938,1.004,0.0,True,False,False,False,False,0,en,6.9,0.0
UDC20260028-79.pdf,1,510,201,-0.0694,-1.9453,1.072,0.0,False,False,False,False,False,0,en,12.8,0.933
UDC20260028-79.pdf,2,1576,596,-0.0511,-1.2031,1.052,0.0,False,False,False,False,False,0,en,22.2,0.9502
UDC20260028-79.pdf,3,296,107,-0.0244,-0.6094,1.025,0.0,False,False,False,False,False,0,en,10.4,0.9759
UDC20260028-8.pdf,1,32307,8193,-0.0027,-1.2344,1.003,0.0,False,False,True,False,False,0,en,256.4,0.3989
UDC20260028-8.pdf,2,4883,1317,-0.1775,-3.1719,1.194,0.019,False,False,False,False,False,0,en,44.4,0.8374
UDC20260028-80.pdf,1,521,209,-0.0753,-1.9609,1.078,0.0,False,False,False,False,False,0,en,13.4,0.9274
UDC20260028-80.pdf,2,1681,594,-0.0294,-1.0625,1.03,0.0,False,False,False,False,False,0,en,22.2,0.9711
UDC20260028-80.pdf,3,292,105,-0.0281,-0.8438,1.029,0.0,False,False,False,False,False,0,en,10.4,0.9723
UDC20260028-81.pdf,1,481,199,-0.0374,-1.8984,1.038,0.0,False,False,False,False,False,0,en,13.0,0.9633
UDC20260028-81.pdf,2,1728,624,-0.0219,-0.7344,1.022,0.0,False,False,False,False,False,0,en,23.7,0.9783
UDC20260028-81.pdf,3,296,107,-0.0238,-0.7031,1.024,0.0,False,False,False,False,False,0,en,10.4,0.9765
UDC20260028-82.pdf,1,479,199,-0.0484,-1.8984,1.05,0.0,False,False,False,False,False,0,en,13.1,0.9527
UDC20260028-82.pdf,2,1268,486,-0.0399,-1.2656,1.041,0.0,False,False,False,False,False,0,en,19.8,0.9609
UDC20260028-82.pdf,3,296,107,-0.021,-0.5781,1.021,0.0,False,False,False,False,False,0,en,10.7,0.9792
UDC20260028-83.pdf,1,512,209,-0.0621,-2.3672,1.064,0.0048,False,False,False,False,False,0,en,13.5,0.9398
UDC20260028-83.pdf,2,1432,581,-0.032,-0.875,1.033,0.0,False,False,False,False,False,0,en,23.2,0.9685
UDC20260028-83.pdf,3,296,107,-0.0206,-0.5312,1.021,0.0,False,False,False,False,False,0,en,10.7,0.9796
UDC20260028-84.pdf,1,272,145,-0.0212,-0.5156,1.021,0.0,False,True,False,False,False,0,en,10.8,0.5874
UDC20260028-84.pdf,2,624,193,-0.0249,-0.875,1.025,0.0,False,True,False,False,False,0,en,11.5,0.5852
UDC20260028-84.pdf,3,2625,612,-0.0162,-1.9219,1.016,0.0,False,True,False,False,False,0,en,24.1,0.5904
UDC20260028-84.pdf,4,2165,533,-0.0054,-0.7969,1.005,0.0,False,False,False,False,False,0,en,21.9,0.9946
UDC20260028-84.pdf,5,2605,621,-0.003,-0.7188,1.003,0.0,False,True,False,False,False,0,en,24.9,0.5982
UDC20260028-84.pdf,6,1957,489,-0.0034,-0.6406,1.003,0.0,False,False,False,False,False,0,en,20.8,0.9967
UDC20260028-84.pdf,7,1242,588,-0.0174,-1.0469,1.018,0.0,False,True,False,False,False,0,en,23.0,0.5896
UDC20260028-84.pdf,8,2529,807,-0.021,-1.1562,1.021,0.0,False,True,False,False,False,0,en,30.0,0.5875
UDC20260028-85.pdf,1,2172,765,-0.0257,-1.4219,1.026,0.0,False,False,False,False,False,0,en,30.7,0.9747
UDC20260028-85.pdf,2,1590,594,-0.0207,-1.1562,1.021,0.0,False,False,False,False,False,0,en,26.1,0.9795
UDC20260028-85.pdf,3,795,280,-0.0137,-1.0156,1.014,0.0,False,False,False,False,False,0,en,14.3,0.9864
UDC20260028-85.pdf,4,3199,841,-0.0093,-0.8906,1.009,0.0,False,False,False,False,False,0,en,30.6,0.9908
UDC20260028-85.pdf,5,1386,398,-0.0172,-0.7031,1.017,0.0,False,False,False,False,False,0,en,17.4,0.983
UDC20260028-85.pdf,6,3012,744,-0.002,-0.2656,1.002,0.0,False,False,False,False,False,0,en,27.7,0.998
UDC20260028-85.pdf,7,1750,476,-0.0056,-0.6406,1.006,0.0,False,False,False,False,False,0,en,20.0,0.9944
UDC20260028-85.pdf,8,1072,316,-0.0123,-0.8906,1.012,0.0,False,False,False,False,False,0,en,15.0,0.9878
UDC20260028-85.pdf,9,1213,350,-0.0063,-0.7812,1.006,0.0,False,False,False,False,False,0,en,16.3,0.9937
UDC20260028-85.pdf,10,0,31,-0.002,-0.0469,1.002,0.0,True,False,False,False,False,0,en,7.1,0.0
UDC20260028-85.pdf,11,520,176,-0.0412,-0.8438,1.042,0.0,False,False,False,False,False,0,en,12.0,0.9596
UDC20260028-85.pdf,12,0,31,-0.002,-0.0312,1.002,0.0,True,False,False,False,False,0,en,8.1,0.0
UDC20260028-85.pdf,13,2134,783,-0.0584,-3.2656,1.06,0.0051,False,False,False,False,False,0,en,30.3,0.9433
UDC20260028-85.pdf,14,4421,1104,-0.0092,-0.8906,1.009,0.0,False,True,False,False,False,0,en,41.2,0.5945
UDC20260028-85.pdf,15,4027,1196,-0.0104,-1.7188,1.01,0.0,False,False,False,False,False,0,en,42.7,0.9896
UDC20260028-85.pdf,16,2569,577,-0.0035,-0.7969,1.003,0.0,False,False,False,False,False,0,en,25.0,0.9965
UDC20260028-85.pdf,17,824,270,-0.0163,-0.7344,1.016,0.0,False,False,False,False,False,0,en,14.9,0.9839
UDC20260028-85.pdf,18,96,68,-0.1236,-1.0312,1.132,0.0,False,True,False,False,False,0,en,8.9,0.5302
UDC20260028-85.pdf,19,92,67,-0.0315,-0.7344,1.032,0.0,False,True,False,False,False,0,de,7.8,0.5814
UDC20260028-85.pdf,20,0,31,-0.0116,-0.3125,1.012,0.0,True,False,False,False,False,0,en,6.9,0.0
UDC20260028-85.pdf,21,133,81,-0.0534,-1.7344,1.055,0.0,False,False,False,False,False,0,en,9.7,0.948
UDC20260028-85.pdf,22,0,31,-0.0242,-0.5469,1.024,0.0,True,False,False,False,False,0,en,8.6,0.0
UDC20260028-85.pdf,23,745,222,-0.0288,-1.3281,1.029,0.0,False,False,False,False,False,0,en,12.1,0.9716
UDC20260028-85.pdf,24,0,31,-0.0025,-0.0469,1.003,0.0,True,False,False,False,False,0,en,7.2,0.0
UDC20260028-85.pdf,25,328,126,-0.128,-2.1094,1.137,0.0079,False,False,False,False,False,0,en,11.8,0.8798
UDC20260028-85.pdf,26,0,31,-0.0297,-0.8438,1.03,0.0,True,False,False,False,False,0,en,9.8,0.0
UDC20260028-85.pdf,27,0,31,-0.0106,-0.2812,1.011,0.0,True,False,False,False,False,0,en,5.7,0.0
UDC20260028-86.pdf,1,67,64,-0.0227,-0.625,1.023,0.0,False,True,False,False,True,0,en,9.2,0.5865
UDC20260028-86.pdf,2,459,158,-0.0331,-1.0,1.034,0.0,False,True,False,False,False,0,en,11.5,0.5804
UDC20260028-86.pdf,3,494,218,-0.0184,-0.7344,1.019,0.0,False,True,False,False,False,0,en,13.5,0.589
UDC20260028-86.pdf,4,2249,543,-0.0078,-0.8438,1.008,0.0,False,False,False,False,False,0,en,23.7,0.9922
UDC20260028-86.pdf,5,235,93,-0.0512,-0.9375,1.053,0.0,False,True,False,False,False,0,en,10.0,0.57
UDC20260028-86.pdf,6,72,58,-0.0415,-0.5938,1.042,0.0,False,True,False,False,True,0,en,9.4,0.5756
UDC20260028-86.pdf,7,1310,514,-0.0448,-1.6094,1.046,0.0,False,True,False,False,False,0,en,22.7,0.5737
UDC20260028-86.pdf,8,636,194,-0.0126,-0.4688,1.013,0.0,False,True,False,False,False,0,en,13.1,0.5925
UDC20260028-86.pdf,9,64,51,-0.0591,-1.0781,1.061,0.0,False,False,False,False,False,0,en,9.5,0.9426
UDC20260028-86.pdf,10,318,118,-0.0122,-0.3906,1.012,0.0,False,True,False,False,False,0,en,11.0,0.5927
UDC20260028-86.pdf,11,47,49,-0.0523,-0.75,1.054,0.0,False,False,False,False,False,0,en,9.0,0.6643
UDC20260028-86.pdf,12,1038,308,-0.0312,-1.375,1.032,0.0,False,False,False,False,False,0,en,16.5,0.9693
UDC20260028-86.pdf,13,132,87,-0.0214,-0.9844,1.022,0.0,False,True,False,False,False,0,en,9.8,0.5873
UDC20260028-86.pdf,14,1679,540,-0.0217,-1.3125,1.022,0.0,False,True,False,False,False,0,en,23.3,0.5871
UDC20260028-86.pdf,15,154,79,-0.0081,-0.2188,1.008,0.0,False,True,False,False,False,0,en,9.5,0.5952
UDC20260028-86.pdf,16,448,154,-0.0293,-0.9688,1.03,0.0,False,False,False,False,False,0,en,11.6,0.9711
UDC20260028-86.pdf,17,28106,8193,-0.0037,-1.5312,1.004,0.0,False,False,True,False,False,0,en,255.5,0.3985
UDC20260028-86.pdf,18,2892,777,-0.0133,-1.2031,1.013,0.0,False,False,False,False,False,0,en,28.9,0.9868
UDC20260028-86.pdf,19,172,80,-0.0432,-0.8438,1.044,0.0,False,True,False,False,True,0,en,9.4,0.5747
UDC20260028-86.pdf,20,1473,525,-0.023,-2.3516,1.023,0.0019,False,True,False,False,False,0,en,21.7,0.5863
UDC20260028-86.pdf,21,197,90,-0.0142,-0.3594,1.014,0.0,False,True,False,False,True,0,en,9.8,0.5915
UDC20260028-86.pdf,22,1219,335,-0.0085,-0.3281,1.009,0.0,False,True,False,False,False,0,en,16.7,0.5949
UDC20260028-86.pdf,23,310,157,-0.0555,-2.2266,1.057,0.0064,False,True,False,False,False,0,en,11.4,0.5676
UDC20260028-86.pdf,24,2216,670,-0.0281,-1.4844,1.028,0.0,False,True,False,False,False,0,en,26.8,0.5834
UDC20260028-86.pdf,25,299,137,-0.0555,-1.1094,1.057,0.0,False,True,False,False,False,0,en,10.8,0.5676
UDC20260028-86.pdf,26,751,213,-0.0073,-0.3438,1.007,0.0,False,True,False,False,False,0,en,13.7,0.5956
UDC20260028-86.pdf,27,299,138,-0.0429,-0.9844,1.044,0.0,False,True,False,False,False,0,en,11.1,0.5748
UDC20260028-86.pdf,28,4362,1208,-0.02,-1.7344,1.02,0.0,False,False,False,False,False,0,en,42.8,0.9802
UDC20260028-86.pdf,29,1638,557,-0.0149,-0.9688,1.015,0.0,False,True,False,False,False,0,en,24.3,0.5911
UDC20260028-86.pdf,30,605,178,-0.0208,-0.7656,1.021,0.0,False,True,False,False,False,0,en,12.7,0.5876
UDC20260028-86.pdf,31,3535,892,-0.0068,-0.8125,1.007,0.0,False,True,False,False,False,0,en,33.4,0.5959
UDC20260028-86.pdf,32,218,127,-0.0258,-0.75,1.026,0.0,False,False,False,False,False,0,en,10.6,0.9745
UDC20260028-86.pdf,33,4229,1145,-0.0081,-1.1562,1.008,0.0,False,True,False,False,False,0,en,40.9,0.5952
UDC20260028-86.pdf,34,672,330,-0.0194,-0.7188,1.02,0.0,False,True,False,False,False,0,en,17.1,0.5885
UDC20260028-86.pdf,35,2969,799,-0.0106,-1.1875,1.011,0.0,False,True,False,False,False,0,en,30.6,0.5937
UDC20260028-86.pdf,36,1548,437,-0.0315,-1.9297,1.032,0.0,False,False,False,False,False,0,en,19.8,0.969
UDC20260028-86.pdf,37,3877,1024,-0.0055,-0.6719,1.005,0.0,False,True,False,False,False,0,en,36.6,0.5967
UDC20260028-86.pdf,38,1435,359,-0.0194,-0.9062,1.02,0.0,False,True,False,False,False,0,en,17.7,0.5885
UDC20260028-86.pdf,39,3075,851,-0.0064,-0.7344,1.006,0.0,False,False,False,False,False,0,en,31.9,0.9936
UDC20260028-86.pdf,40,1954,533,-0.0428,-1.9844,1.044,0.0,False,True,False,False,False,0,en,22.2,0.5749
UDC20260028-86.pdf,41,3772,993,-0.0079,-0.625,1.008,0.0,False,False,False,False,False,0,en,35.7,0.9922
UDC20260028-86.pdf,42,1120,306,-0.0216,-0.9531,1.022,0.0,False,True,False,False,False,0,en,15.9,0.5872
UDC20260028-86.pdf,43,4013,1045,-0.0073,-1.0469,1.007,0.0,False,False,False,False,False,0,en,38.6,0.9927
UDC20260028-86.pdf,44,136,78,-0.0499,-0.8438,1.051,0.0,False,True,False,False,False,0,en,9.1,0.5708
UDC20260028-86.pdf,45,3930,1044,-0.0047,-0.6875,1.005,0.0,False,False,False,False,False,0,en,37.0,0.9953
UDC20260028-86.pdf,46,3048,1182,-0.0128,-1.4531,1.013,0.0,False,True,False,False,False,0,en,42.2,0.5924
UDC20260028-86.pdf,47,2966,977,-0.0158,-0.7812,1.016,0.0,False,True,False,False,False,0,en,35.5,0.5906
UDC20260028-86.pdf,48,805,301,-0.0352,-1.0625,1.036,0.0,False,True,False,False,False,0,en,15.9,0.5792
UDC20260028-86.pdf,49,1594,525,-0.0909,-1.9531,1.095,0.0,False,True,False,False,False,0,en,22.1,0.5479
UDC20260028-86.pdf,50,32580,8193,-0.0019,-2.25,1.002,0.0001,False,False,True,False,False,0,en,250.2,0.3992
UDC20260028-86.pdf,51,1344,335,-0.0116,-0.8281,1.012,0.0,False,True,False,False,False,0,en,16.0,0.5931
UDC20260028-86.pdf,52,19091,8193,-0.0059,-2.875,1.006,0.0004,False,True,True,False,True,0,en,250.6,0.2386
UDC20260028-87.pdf,1,62,59,-0.0387,-0.6406,1.039,0.0,False,True,False,False,True,0,en,8.8,0.5772
UDC20260028-87.pdf,2,1112,384,-0.034,-1.2344,1.035,0.0,False,True,False,False,False,0,en,18.0,0.5799
UDC20260028-87.pdf,3,386,133,-0.0085,-0.3125,1.008,0.0,False,True,False,False,False,0,en,10.6,0.5949
UDC20260028-87.pdf,4,753,214,-0.0195,-0.7031,1.02,0.0,False,True,False,False,False,0,en,13.2,0.5884
UDC20260028-87.pdf,5,332,123,-0.0429,-1.3438,1.044,0.0,False,True,False,False,False,0,en,10.6,0.5748
UDC20260028-87.pdf,6,1021,280,-0.0201,-1.1406,1.02,0.0,False,True,False,False,False,0,en,15.4,0.588
UDC20260028-87.pdf,7,372,141,-0.0288,-1.2344,1.029,0.0,False,True,False,False,False,0,en,11.2,0.583
UDC20260028-87.pdf,8,1116,439,-0.0186,-0.8438,1.019,0.0,False,True,False,False,False,0,en,19.9,0.5889
UDC20260028-87.pdf,9,193,105,-0.0366,-1.3125,1.037,0.0,False,True,False,False,False,0,en,9.7,0.5784
UDC20260028-87.pdf,10,0,31,-0.0141,-0.4219,1.014,0.0,True,False,False,False,False,0,None,7.4,0.0
UDC20260028-87.pdf,11,1196,511,-0.0423,-1.7266,1.043,0.0,False,True,False,False,False,0,en,21.9,0.5751
UDC20260028-87.pdf,12,744,239,-0.0162,-0.75,1.016,0.0,False,True,False,False,False,0,en,14.3,0.5904
UDC20260028-87.pdf,13,45,48,-0.0612,-0.8594,1.063,0.0,False,False,False,False,False,0,en,8.7,0.6584
UDC20260028-87.pdf,14,1038,271,-0.0156,-0.9531,1.016,0.0,False,True,False,False,False,0,en,15.3,0.5907
UDC20260028-87.pdf,15,48,49,-0.037,-0.5938,1.038,0.0,False,False,False,False,False,0,en,8.8,0.6746
UDC20260028-87.pdf,16,1491,521,-0.0148,-0.7812,1.015,0.0,False,False,False,False,False,0,en,22.6,0.9853
UDC20260028-87.pdf,17,113,84,-0.0201,-0.7188,1.02,0.0,False,False,False,False,False,0,en,9.7,0.9801
UDC20260028-87.pdf,18,3333,1360,-0.0169,-1.2188,1.017,0.0,False,True,False,False,False,0,en,48.6,0.5899
UDC20260028-87.pdf,19,155,79,-0.0109,-0.3906,1.011,0.0,False,True,False,False,False,0,en,9.5,0.5935
UDC20260028-87.pdf,20,2962,1178,-0.0361,-2.5703,1.037,0.0017,False,True,False,False,False,0,en,43.5,0.5787
UDC20260028-87.pdf,21,6265,2535,-0.0135,-1.8281,1.014,0.0,False,False,False,False,False,0,en,82.3,0.9866
UDC20260028-87.pdf,22,886,326,-0.01,-0.75,1.01,0.0,False,True,False,False,False,0,en,16.7,0.594
UDC20260028-87.pdf,23,299,152,-0.0243,-0.7031,1.025,0.0,False,True,False,False,False,0,en,11.4,0.5856
UDC20260028-87.pdf,24,280,104,-0.0096,-0.3438,1.01,0.0,False,True,False,False,False,0,en,10.3,0.5943
UDC20260028-87.pdf,25,234,119,-0.0698,-1.1406,1.072,0.0,False,True,False,False,False,0,en,10.7,0.5596
UDC20260028-87.pdf,26,2853,747,-0.0591,-2.2578,1.061,0.0027,False,False,False,False,False,0,en,28.4,0.9426
UDC20260028-87.pdf,27,342,155,-0.0723,-1.2344,1.075,0.0,False,True,False,False,False,0,en,11.5,0.5581
UDC20260028-87.pdf,28,3920,1128,-0.0409,-2.6719,1.042,0.0009,False,False,False,False,False,0,en,40.0,0.9599
UDC20260028-87.pdf,29,1993,602,-0.0142,-0.7188,1.014,0.0,False,True,False,False,False,0,en,24.3,0.5916
UDC20260028-87.pdf,30,392,154,-0.0263,-0.7344,1.027,0.0,False,True,False,False,False,0,en,11.7,0.5844
UDC20260028-87.pdf,31,3922,983,-0.009,-0.9375,1.009,0.0,False,True,False,False,False,0,en,35.6,0.5946
UDC20260028-87.pdf,32,291,150,-0.0269,-0.5156,1.027,0.0,False,True,False,False,False,0,en,11.6,0.5841
UDC20260028-87.pdf,33,4176,1125,-0.0091,-0.6875,1.009,0.0,False,True,False,False,False,0,en,40.7,0.5946
UDC20260028-87.pdf,34,1103,389,-0.0309,-1.3438,1.031,0.0,False,False,False,False,False,0,en,18.7,0.9696
UDC20260028-87.pdf,35,3178,846,-0.0153,-1.2344,1.015,0.0,False,True,False,False,False,0,en,31.9,0.5909
UDC20260028-87.pdf,36,496,180,-0.0195,-1.125,1.02,0.0,False,True,False,False,False,0,en,12.8,0.5884
UDC20260028-87.pdf,37,3874,1021,-0.0052,-0.4844,1.005,0.0,False,True,False,False,False,0,en,36.8,0.5969
UDC20260028-87.pdf,38,976,306,-0.0207,-0.7188,1.021,0.0,False,True,False,False,False,0,en,15.9,0.5877
UDC20260028-87.pdf,39,3078,853,-0.0041,-0.4844,1.004,0.0,False,False,False,False,False,0,en,32.2,0.9959
UDC20260028-87.pdf,40,621,215,-0.0259,-0.75,1.026,0.0,False,True,False,False,False,0,en,13.6,0.5846
UDC20260028-87.pdf,41,3770,995,-0.0129,-1.3438,1.013,0.0,False,False,False,False,False,0,en,35.9,0.9872
UDC20260028-87.pdf,42,1665,404,-0.0121,-0.8125,1.012,0.0,False,False,False,False,False,0,en,19.0,0.988
UDC20260028-87.pdf,43,4036,1055,-0.0068,-1.4219,1.007,0.0,False,False,False,False,False,0,en,38.0,0.9932
UDC20260028-87.pdf,44,4192,928,-0.0268,-1.625,1.027,0.0,False,True,False,False,False,0,en,34.2,0.5841
UDC20260028-87.pdf,45,3930,1045,-0.0054,-1.2344,1.005,0.0,False,False,False,False,False,0,en,37.5,0.9946
UDC20260028-87.pdf,46,186,87,-0.0167,-0.4375,1.017,0.0,False,True,False,False,False,0,en,9.7,0.5901
UDC20260028-87.pdf,47,3084,881,-0.0223,-2.1094,1.023,0.0011,False,True,False,False,False,0,en,32.4,0.5868
UDC20260028-87.pdf,48,320,162,-0.03,-0.9844,1.03,0.0,False,True,False,False,False,0,en,11.8,0.5823
UDC20260028-87.pdf,49,1527,521,-0.1,-3.4062,1.105,0.0077,False,True,False,False,False,0,en,21.9,0.5429
UDC20260028-87.pdf,50,722,220,-0.0278,-0.6562,1.028,0.0,False,True,False,False,False,0,en,13.6,0.5836
UDC20260028-87.pdf,51,1212,370,-0.016,-1.4219,1.016,0.0,False,True,False,False,False,0,en,18.4,0.5904
UDC20260028-87.pdf,52,32630,8193,-0.0017,-0.875,1.002,0.0,False,False,True,False,False,0,en,252.6,0.3993
UDC20260028-87.pdf,53,1227,322,-0.0164,-0.625,1.016,0.0,False,True,False,False,False,0,en,15.7,0.5903
UDC20260028-87.pdf,54,81,58,-0.107,-0.8438,1.113,0.0,False,True,False,False,True,0,en,8.9,0.5391
UDC20260028-88.pdf,1,56,52,-0.0177,-0.3906,1.018,0.0,False,True,False,False,True,0,en,9.1,0.5895
UDC20260028-88.pdf,2,1617,430,-0.0251,-2.0547,1.025,0.0023,False,True,False,False,False,0,en,19.6,0.5851
UDC20260028-88.pdf,3,450,196,-0.0454,-1.0156,1.046,0.0,False,False,False,False,False,0,en,12.9,0.9556
UDC20260028-88.pdf,4,25,43,-0.044,-0.8438,1.045,0.0,False,False,False,False,False,0,en,8.7,0.6699
UDC20260028-88.pdf,5,1564,418,-0.0094,-0.7031,1.009,0.0,False,False,False,False,False,0,en,19.2,0.9906
UDC20260028-88.pdf,6,1697,648,-0.0095,-0.8125,1.01,0.0,False,True,False,False,False,0,en,26.1,0.5943
UDC20260028-88.pdf,7,2903,644,-0.0007,-0.1094,1.001,0.0,False,False,False,False,False,0,en,27.4,0.9993
UDC20260028-88.pdf,8,738,278,-0.0205,-1.0,1.021,0.0,False,True,False,False,False,0,en,16.2,0.5878
UDC20260028-88.pdf,9,2641,666,-0.0031,-0.4062,1.003,0.0,False,False,False,False,False,0,en,27.3,0.9969
UDC20260028-88.pdf,10,2418,622,-0.0055,-0.9688,1.005,0.0,False,False,False,False,False,0,en,26.7,0.9946
UDC20260028-88.pdf,11,3098,713,-0.0029,-0.4062,1.003,0.0,False,False,False,False,False,0,en,28.6,0.9971
UDC20260028-88.pdf,12,4630,1685,-0.1025,-2.5156,1.108,0.003,False,True,False,False,False,0,en,56.6,0.5415
UDC20260028-88.pdf,13,37,43,-0.0218,-0.7344,1.022,0.0,False,True,False,False,False,0,en,9.2,0.4109
UDC20260028-88.pdf,14,2207,609,-0.0145,-1.3281,1.015,0.0,False,True,False,False,False,0,en,24.9,0.5913
UDC20260028-88.pdf,15,3636,1318,-0.0736,-2.1797,1.076,0.0015,False,True,False,False,False,0,en,43.9,0.5574
UDC20260028-88.pdf,16,2984,730,-0.0004,-0.0938,1.0,0.0,False,False,False,False,False,0,en,28.7,0.9996
UDC20260028-88.pdf,17,1344,328,-0.0082,-0.9688,1.008,0.0,False,True,False,False,False,0,en,16.9,0.5951
UDC20260028-88.pdf,18,436,209,-0.0379,-1.0469,1.039,0.0,False,True,False,False,False,0,en,13.7,0.5777
UDC20260028-88.pdf,19,319,128,-0.0353,-1.5938,1.036,0.0,False,True,False,False,True,0,en,11.4,0.5792
UDC20260028-88.pdf,20,520,192,-0.0334,-0.9062,1.034,0.0,False,True,False,False,False,0,en,13.2,0.5803
UDC20260028-89.pdf,1,41,47,-0.0063,-0.2344,1.006,0.0,False,True,False,False,False,0,fr,7.2,0.4174
UDC20260028-89.pdf,2,0,31,-0.0151,-0.2656,1.015,0.0,True,False,False,False,False,0,en,6.9,0.0
UDC20260028-89.pdf,3,203,116,-0.0143,-0.3906,1.014,0.0,False,True,False,False,False,0,fr,9.0,0.5915
UDC20260028-89.pdf,4,184,117,-0.0231,-0.6719,1.023,0.0,False,True,False,False,False,0,fr,9.2,0.5863
UDC20260028-89.pdf,5,945,316,-0.0041,-0.4688,1.004,0.0,False,False,False,False,False,0,fr,14.9,0.996
UDC20260028-89.pdf,6,175,112,-0.0467,-1.3906,1.048,0.0,False,True,False,False,False,0,fr,9.2,0.5726
UDC20260028-89.pdf,7,1067,354,-0.0078,-0.625,1.008,0.0,False,True,False,False,False,0,fr,16.2,0.5953
UDC20260028-89.pdf,8,82,67,-0.0401,-0.8594,1.041,0.0,False,True,False,False,False,0,fr,8.0,0.5764
UDC20260028-89.pdf,9,1065,347,-0.0083,-0.8594,1.008,0.0,False,False,False,False,False,0,fr,15.9,0.9917
UDC20260028-89.pdf,10,46,49,-0.0306,-0.625,1.031,0.0,False,True,False,False,True,0,fr,7.6,0.4073
UDC20260028-89.pdf,11,1032,364,-0.0037,-0.4688,1.004,0.0,False,False,False,False,False,0,fr,16.6,0.9963
UDC20260028-89.pdf,12,62,53,-0.0195,-0.5156,1.02,0.0,False,True,False,False,False,0,fr,7.7,0.5884
UDC20260028-89.pdf,13,959,314,-0.0095,-0.7344,1.009,0.0,False,True,False,False,False,0,fr,15.1,0.5944
UDC20260028-89.pdf,14,87,59,-0.0185,-0.4688,1.019,0.0,False,False,False,False,False,0,fr,7.8,0.9816
UDC20260028-89.pdf,15,1248,389,-0.0039,-0.5156,1.004,0.0,False,True,False,False,False,0,fr,18.3,0.5977
UDC20260028-89.pdf,16,77,58,-0.0277,-0.6719,1.028,0.0,False,False,False,False,False,0,fr,7.9,0.9726
UDC20260028-89.pdf,17,1233,416,-0.0045,-0.4062,1.004,0.0,False,True,False,False,False,0,fr,18.1,0.5973
UDC20260028-89.pdf,18,171,95,-0.0229,-0.5938,1.023,0.0,False,True,False,False,False,0,fr,8.7,0.5864
UDC20260028-89.pdf,19,1205,375,-0.0043,-0.5625,1.004,0.0,False,True,False,False,False,0,fr,17.4,0.5974
UDC20260028-89.pdf,20,72,45,-0.0934,-1.5,1.098,0.0,False,True,False,False,True,0,fr,7.5,0.5465
UDC20260028-89.pdf,21,1204,387,-0.0056,-0.4844,1.006,0.0,False,False,False,False,False,0,fr,17.4,0.9944
UDC20260028-89.pdf,22,211,122,-0.0678,-1.0,1.07,0.0,False,False,False,False,False,0,fr,9.6,0.9345
UDC20260028-89.pdf,23,786,338,-0.0288,-0.7969,1.029,0.0,False,False,False,False,False,0,fr,15.9,0.9717
UDC20260028-89.pdf,24,317,137,-0.0141,-0.3906,1.014,0.0,False,True,False,False,False,0,fr,10.0,0.5916
UDC20260028-89.pdf,25,609,271,-0.0559,-1.3438,1.057,0.0,False,True,False,False,False,0,fr,14.1,0.5674
UDC20260028-89.pdf,26,68,57,-0.0337,-0.4844,1.034,0.0,False,False,False,False,False,0,fr,7.8,0.9668
UDC20260028-89.pdf,27,965,327,-0.0135,-0.875,1.014,0.0,False,True,False,False,False,0,fr,15.5,0.5919
UDC20260028-89.pdf,28,19,38,-0.065,-0.8594,1.067,0.0,False,True,False,False,False,0,en,7.2,0.3936
UDC20260028-89.pdf,29,51,56,-0.0271,-0.5469,1.027,0.0,False,False,False,False,False,0,fr,7.6,0.9733
UDC20260028-89.pdf,30,24,40,-0.0836,-1.375,1.087,0.0,False,True,False,False,False,0,en,7.2,0.3863
UDC20260028-89.pdf,31,215,123,-0.0474,-0.7188,1.049,0.0,False,True,False,False,False,0,fr,9.3,0.5722
UDC20260028-89.pdf,32,65,54,-0.0532,-0.5,1.055,0.0,False,False,False,False,False,0,fr,7.8,0.9482
UDC20260028-89.pdf,33,53,56,-0.0187,-0.5156,1.019,0.0,False,False,False,False,False,0,fr,7.7,0.9815
UDC20260028-89.pdf,34,72,57,-0.0154,-0.1719,1.015,0.0,False,False,False,False,False,0,fr,7.8,0.9848
UDC20260028-89.pdf,35,17,38,-0.0234,-0.4531,1.024,0.0,False,True,False,False,True,0,fr,7.1,0.4103
UDC20260028-89.pdf,36,90,71,-0.0288,-0.8125,1.029,0.0,False,True,False,False,True,0,fr,7.9,0.5829
UDC20260028-89.pdf,37,17,40,-0.0926,-1.4844,1.097,0.0,False,True,False,False,True,270,fr,7.3,0.3829
UDC20260028-89.pdf,38,271,133,-0.0486,-1.2344,1.05,0.0,False,True,False,False,False,0,fr,9.6,0.5715
UDC20260028-89.pdf,39,51,52,-0.027,-0.4531,1.027,0.0,False,False,False,False,False,0,fr,7.8,0.9733
UDC20260028-89.pdf,40,147,89,-0.0312,-0.8438,1.032,0.0,False,True,False,False,False,0,fr,9.2,0.5815
UDC20260028-89.pdf,41,27,43,-0.0461,-0.6719,1.047,0.0,False,True,False,False,False,0,en,7.5,0.4011
UDC20260028-89.pdf,42,96,71,-0.0308,-0.5625,1.031,0.0,False,True,False,False,False,0,fr,8.0,0.5818
UDC20260028-89.pdf,43,0,31,-0.0232,-0.7188,1.023,0.0,True,False,False,False,False,0,None,7.0,0.0
UDC20260028-89.pdf,44,0,31,-0.005,-0.125,1.005,0.0,True,False,False,False,False,0,en,6.8,0.0
UDC20260028-9.pdf,1,206,91,-0.0323,-0.6562,1.033,0.0,False,False,False,False,False,0,en,10.4,0.9682
UDC20260028-9.pdf,2,1741,811,-0.0114,-0.75,1.011,0.0,False,False,False,False,False,0,en,32.2,0.9887
UDC20260028-9.pdf,3,589,174,-0.009,-0.7031,1.009,0.0,False,False,False,False,False,0,en,13.2,0.9911
UDC20260028-9.pdf,4,1053,337,-0.0149,-0.7656,1.015,0.0,False,False,False,False,False,0,en,14.4,0.9852
UDC20260028-9.pdf,5,605,253,-0.0068,-0.4531,1.007,0.0,False,True,False,False,False,0,en,15.7,0.5959
UDC20260028-9.pdf,6,504,245,-0.0139,-0.8438,1.014,0.0,False,True,False,False,False,0,en,15.1,0.5917
UDC20260028-9.pdf,7,424,149,-0.04,-0.6406,1.041,0.0,False,False,False,False,False,0,en,12.3,0.9608
UDC20260028-90.pdf,1,71,66,-0.0154,-0.25,1.016,0.0,False,True,False,False,False,0,en,8.2,0.5908
UDC20260028-90.pdf,2,0,31,-0.0091,-0.2656,1.009,0.0,True,False,False,False,False,0,None,7.1,0.0
UDC20260028-90.pdf,3,950,292,-0.0148,-0.6094,1.015,0.0,False,True,False,False,False,0,en,14.7,0.5912
UDC20260028-90.pdf,4,1492,355,-0.0013,-0.3281,1.001,0.0,False,False,False,False,False,0,en,16.6,0.9987
UDC20260028-91.pdf,1,241,132,-0.0181,-0.5156,1.018,0.0,False,False,False,False,False,0,en,10.1,0.9821
UDC20260028-91.pdf,2,663,181,-0.0106,-0.4531,1.011,0.0,False,False,False,False,False,0,en,11.3,0.9894
UDC20260028-91.pdf,3,625,253,-0.0263,-1.0078,1.027,0.0,False,False,False,False,False,0,en,13.3,0.9741
UDC20260028-91.pdf,4,1884,561,-0.0128,-0.8281,1.013,0.0,False,False,False,False,False,0,fr,22.8,0.9873
UDC20260028-91.pdf,5,1182,386,-0.0142,-1.0469,1.014,0.0,False,False,False,False,False,0,en,17.3,0.9859
UDC20260028-91.pdf,6,958,346,-0.018,-0.9062,1.018,0.0,False,False,False,False,False,0,en,16.2,0.9821
UDC20260028-91.pdf,7,1601,583,-0.0217,-1.2812,1.022,0.0,False,False,False,False,False,0,fr,24.3,0.9785
UDC20260028-91.pdf,8,1286,482,-0.038,-0.9062,1.039,0.0,False,False,False,False,False,0,en,21.6,0.9628
UDC20260028-91.pdf,9,1139,367,-0.0194,-1.4688,1.02,0.0,False,False,False,False,False,0,en,16.8,0.9808
UDC20260028-91.pdf,10,970,330,-0.0196,-1.1562,1.02,0.0,False,False,False,False,False,0,en,15.5,0.9805
UDC20260028-91.pdf,11,967,394,-0.0307,-0.9453,1.031,0.0,False,False,False,False,False,0,en,17.4,0.9698
UDC20260028-91.pdf,12,1021,326,-0.0113,-0.875,1.011,0.0,False,False,False,False,False,0,en,15.4,0.9888
UDC20260028-91.pdf,13,711,269,-0.0217,-0.6562,1.022,0.0,False,False,False,False,False,0,en,13.8,0.9785
UDC20260028-91.pdf,14,794,378,-0.0201,-0.8281,1.02,0.0,False,False,False,False,False,0,en,16.8,0.9801
UDC20260028-91.pdf,15,688,264,-0.0317,-0.8125,1.032,0.0,False,False,False,False,False,0,en,13.6,0.9688
